-- ========================================================
-- Clean Database Template for ERP / Repair Management System
-- Generated on: 2026-07-14 21:01:31
-- ========================================================

SET FOREIGN_KEY_CHECKS = 0;

-- --------------------------------------------------------
-- Table structure for table `acc_accounts`
-- --------------------------------------------------------
DROP TABLE IF EXISTS `acc_accounts`;
CREATE TABLE `acc_accounts` (
  `id` int(11) NOT NULL AUTO_INCREMENT,
  `code` varchar(20) NOT NULL,
  `name` varchar(255) NOT NULL,
  `type` enum('ASSET','LIABILITY','EQUITY','INCOME','EXPENSE') NOT NULL,
  `category` varchar(100) DEFAULT NULL,
  `is_system` tinyint(1) DEFAULT 0,
  `is_active` tinyint(1) DEFAULT 1,
  `balance` decimal(15,2) DEFAULT 0.00,
  `created_at` timestamp NOT NULL DEFAULT current_timestamp(),
  `updated_at` timestamp NOT NULL DEFAULT current_timestamp() ON UPDATE current_timestamp(),
  PRIMARY KEY (`id`),
  UNIQUE KEY `code` (`code`),
  KEY `idx_acc_type` (`type`)
) ENGINE=InnoDB AUTO_INCREMENT=1477 DEFAULT CHARSET=utf8mb4 COLLATE=utf8mb4_general_ci;

-- Dumping data for table `acc_accounts`
INSERT INTO `acc_accounts` (`id`, `code`, `name`, `type`, `category`, `is_system`, `is_active`, `balance`, `created_at`, `updated_at`) VALUES
('1', '1000', 'Cash in Hand', 'ASSET', 'Cash', '1', '1', '0.00', '2026-04-18 11:21:30', '2026-04-18 11:21:30'),
('2', '1010', 'Bank Account', 'ASSET', 'Cash', '1', '1', '-38823.00', '2026-04-18 11:21:30', '2026-05-13 16:17:43'),
('3', '1200', 'Accounts Receivable', 'ASSET', 'Receivables', '1', '1', '409610.60', '2026-04-18 11:21:30', '2026-05-31 04:02:45'),
('4', '1400', 'Inventory', 'ASSET', 'Inventory', '1', '1', '-174.48', '2026-04-18 11:21:30', '2026-06-05 22:50:16'),
('5', '2000', 'Accounts Payable', 'LIABILITY', 'Payables', '1', '1', '28145.86', '2026-04-18 11:21:30', '2026-06-05 22:50:16'),
('6', '2200', 'Sales Tax Payable', 'LIABILITY', 'Tax', '1', '1', '-4669.91', '2026-04-18 11:21:30', '2026-05-31 04:02:45'),
('7', '3000', 'Retained Earnings', 'EQUITY', 'Equity', '1', '1', '0.00', '2026-04-18 11:21:30', '2026-04-18 14:32:57'),
('8', '4000', 'Sales Revenue', 'INCOME', 'Revenue', '1', '1', '-406258.38', '2026-04-18 11:21:30', '2026-05-31 04:02:45'),
('9', '4100', 'Service Income', 'INCOME', 'Revenue', '1', '1', '0.00', '2026-04-18 11:21:30', '2026-04-18 11:21:30'),
('10', '5000', 'Cost of Goods Sold', 'EXPENSE', 'COGS', '1', '1', '7256.85', '2026-04-18 11:21:30', '2026-05-31 04:02:45'),
('11', '5100', 'Operating Expenses', 'EXPENSE', 'Expense', '1', '1', '2883.69', '2026-04-18 11:21:30', '2026-05-16 00:24:02'),
('12', '1250', 'Purchase Tax Claimable', 'ASSET', 'Tax', '1', '1', '1403.77', '2026-04-18 12:56:02', '2026-06-05 22:50:16'),
('14', '3010', 'Opening Balance Equity', 'EQUITY', 'Equity', '1', '1', '0.00', '2026-04-18 15:29:57', '2026-04-18 15:29:57'),
('20', '1410', 'Work in Progress (WIP)', 'ASSET', 'Inventory', '1', '1', '625.00', '2026-04-18 18:41:17', '2026-05-21 00:46:47');

-- --------------------------------------------------------
-- Table structure for table `acc_expenses`
-- --------------------------------------------------------
DROP TABLE IF EXISTS `acc_expenses`;
CREATE TABLE `acc_expenses` (
  `id` int(11) NOT NULL AUTO_INCREMENT,
  `voucher_no` varchar(30) NOT NULL,
  `payee_id` int(11) DEFAULT NULL,
  `expense_account_id` int(11) NOT NULL,
  `payment_account_id` int(11) NOT NULL,
  `amount` decimal(12,2) NOT NULL,
  `payment_date` date NOT NULL,
  `payee_name` varchar(150) NOT NULL,
  `payment_method` enum('Cash','Cheque','TT','Bank Transfer') NOT NULL DEFAULT 'Cash',
  `cheque_no` varchar(50) DEFAULT NULL,
  `tt_ref_no` varchar(50) DEFAULT NULL,
  `reference_no` varchar(100) DEFAULT NULL,
  `notes` text DEFAULT NULL,
  `status` enum('Paid','Pending','Cancelled') NOT NULL DEFAULT 'Paid',
  `created_by` int(11) DEFAULT NULL,
  `created_at` timestamp NOT NULL DEFAULT current_timestamp(),
  `cancelled_at` datetime DEFAULT NULL,
  `cancelled_by` int(11) DEFAULT NULL,
  `cancellation_reason` text DEFAULT NULL,
  PRIMARY KEY (`id`),
  UNIQUE KEY `voucher_no` (`voucher_no`),
  KEY `idx_exp_account` (`expense_account_id`),
  KEY `idx_exp_payment` (`payment_account_id`),
  KEY `idx_exp_date` (`payment_date`),
  KEY `idx_exp_payee` (`payee_id`),
  KEY `idx_exp_method` (`payment_method`)
) ENGINE=InnoDB AUTO_INCREMENT=4 DEFAULT CHARSET=utf8mb4 COLLATE=utf8mb4_general_ci;

-- --------------------------------------------------------
-- Table structure for table `acc_fiscal_periods`
-- --------------------------------------------------------
DROP TABLE IF EXISTS `acc_fiscal_periods`;
CREATE TABLE `acc_fiscal_periods` (
  `id` int(11) NOT NULL AUTO_INCREMENT,
  `name` varchar(100) NOT NULL,
  `start_date` date NOT NULL,
  `end_date` date NOT NULL,
  `is_closed` tinyint(1) DEFAULT 0,
  `is_active` tinyint(1) DEFAULT 0,
  `closing_entry_id` int(11) DEFAULT NULL,
  `closed_at` timestamp NULL DEFAULT NULL,
  `closed_by` int(11) DEFAULT NULL,
  `created_at` timestamp NOT NULL DEFAULT current_timestamp(),
  PRIMARY KEY (`id`),
  KEY `closing_entry_id` (`closing_entry_id`),
  CONSTRAINT `acc_fiscal_periods_ibfk_1` FOREIGN KEY (`closing_entry_id`) REFERENCES `acc_journal_entries` (`id`)
) ENGINE=InnoDB AUTO_INCREMENT=2 DEFAULT CHARSET=utf8mb4 COLLATE=utf8mb4_general_ci;

-- --------------------------------------------------------
-- Table structure for table `acc_journal_entries`
-- --------------------------------------------------------
DROP TABLE IF EXISTS `acc_journal_entries`;
CREATE TABLE `acc_journal_entries` (
  `id` int(11) NOT NULL AUTO_INCREMENT,
  `entry_date` date NOT NULL,
  `description` text DEFAULT NULL,
  `ref_type` varchar(50) DEFAULT NULL,
  `ref_id` int(11) DEFAULT NULL,
  `total_amount` decimal(15,2) NOT NULL DEFAULT 0.00,
  `created_by` int(11) DEFAULT NULL,
  `created_at` timestamp NOT NULL DEFAULT current_timestamp(),
  PRIMARY KEY (`id`),
  KEY `idx_aje_ref` (`ref_type`,`ref_id`),
  KEY `idx_aje_date` (`entry_date`)
) ENGINE=InnoDB AUTO_INCREMENT=120 DEFAULT CHARSET=utf8mb4 COLLATE=utf8mb4_general_ci;

-- --------------------------------------------------------
-- Table structure for table `acc_journal_items`
-- --------------------------------------------------------
DROP TABLE IF EXISTS `acc_journal_items`;
CREATE TABLE `acc_journal_items` (
  `id` int(11) NOT NULL AUTO_INCREMENT,
  `entry_id` int(11) NOT NULL,
  `account_id` int(11) NOT NULL,
  `debit` decimal(15,2) NOT NULL DEFAULT 0.00,
  `credit` decimal(15,2) NOT NULL DEFAULT 0.00,
  `partner_type` varchar(20) DEFAULT NULL,
  `partner_id` int(11) DEFAULT NULL,
  `notes` varchar(255) DEFAULT NULL,
  `reconciled_at` datetime DEFAULT NULL,
  PRIMARY KEY (`id`),
  KEY `idx_aji_entry` (`entry_id`),
  KEY `idx_aji_account` (`account_id`),
  KEY `idx_aji_partner` (`partner_id`),
  CONSTRAINT `acc_journal_items_ibfk_1` FOREIGN KEY (`entry_id`) REFERENCES `acc_journal_entries` (`id`) ON DELETE CASCADE,
  CONSTRAINT `acc_journal_items_ibfk_2` FOREIGN KEY (`account_id`) REFERENCES `acc_accounts` (`id`)
) ENGINE=InnoDB AUTO_INCREMENT=507 DEFAULT CHARSET=utf8mb4 COLLATE=utf8mb4_general_ci;

-- --------------------------------------------------------
-- Table structure for table `acc_mappings`
-- --------------------------------------------------------
DROP TABLE IF EXISTS `acc_mappings`;
CREATE TABLE `acc_mappings` (
  `id` int(11) NOT NULL AUTO_INCREMENT,
  `map_key` varchar(50) NOT NULL,
  `account_id` int(11) NOT NULL,
  `label` varchar(100) NOT NULL,
  `category` varchar(50) NOT NULL,
  PRIMARY KEY (`id`),
  UNIQUE KEY `map_key` (`map_key`),
  KEY `account_id` (`account_id`),
  CONSTRAINT `acc_mappings_ibfk_1` FOREIGN KEY (`account_id`) REFERENCES `acc_accounts` (`id`)
) ENGINE=InnoDB AUTO_INCREMENT=8300 DEFAULT CHARSET=utf8mb4 COLLATE=utf8mb4_general_ci;

-- Dumping data for table `acc_mappings`
INSERT INTO `acc_mappings` (`id`, `map_key`, `account_id`, `label`, `category`) VALUES
('1', 'invoice_ar', '3', 'Invoice AR Account', 'Sales'),
('2', 'invoice_revenue', '8', 'Invoice Revenue Account', 'Sales'),
('3', 'invoice_tax', '6', 'Invoice Tax Account', 'Sales'),
('4', 'payment_cash', '1', 'Payment Cash Account', 'Payments'),
('5', 'payment_bank', '2', 'Payment Bank Account', 'Payments'),
('6', 'grn_inventory', '4', 'GRN Inventory Account', 'Purchases'),
('7', 'grn_ap', '5', 'GRN AP Account', 'Purchases'),
('18', 'cogs_account', '10', 'Cost of Goods Sold Account', 'Sales'),
('19', 'sales_return', '8', 'Sales Return Account', 'Sales'),
('20', 'purchase_return', '4', 'Purchase Return Account', 'Purchases'),
('68', 'inventory_adjustment', '11', 'Inventory Adjustment Expense', 'Purchases'),
('69', 'sales_discount', '11', 'Sales Discount Account', 'Sales'),
('70', 'purchase_tax', '12', 'Purchase Input Tax Account', 'Purchases'),
('1199', 'retained_earnings', '7', 'Retained Earnings Account', 'Equity'),
('4084', 'opening_balance_equity', '14', 'Opening Balance Equity', 'Equity'),
('4499', 'production_wip', '20', 'Work in Progress Account', 'Production'),
('6324', 'production_inventory', '4', 'Production Inventory Account', 'Production'),
('6427', 'production_finished_goods', '4', 'Finished Goods Inventory Account', 'Production');

-- --------------------------------------------------------
-- Table structure for table `acc_payees`
-- --------------------------------------------------------
DROP TABLE IF EXISTS `acc_payees`;
CREATE TABLE `acc_payees` (
  `id` int(11) NOT NULL AUTO_INCREMENT,
  `name` varchar(150) NOT NULL,
  `contact_no` varchar(20) DEFAULT NULL,
  `address` text DEFAULT NULL,
  `type` enum('Utility','Service','Other') NOT NULL DEFAULT 'Other',
  `created_at` timestamp NOT NULL DEFAULT current_timestamp(),
  PRIMARY KEY (`id`),
  UNIQUE KEY `name` (`name`),
  KEY `idx_payee_name` (`name`)
) ENGINE=InnoDB AUTO_INCREMENT=2 DEFAULT CHARSET=utf8mb4 COLLATE=utf8mb4_general_ci;

-- --------------------------------------------------------
-- Table structure for table `acc_purchase_return_items`
-- --------------------------------------------------------
DROP TABLE IF EXISTS `acc_purchase_return_items`;
CREATE TABLE `acc_purchase_return_items` (
  `id` int(11) NOT NULL AUTO_INCREMENT,
  `return_id` int(11) NOT NULL,
  `part_id` int(11) NOT NULL,
  `quantity` decimal(12,3) NOT NULL,
  `unit_cost` decimal(10,2) NOT NULL,
  `line_total` decimal(15,2) NOT NULL,
  PRIMARY KEY (`id`),
  KEY `return_id` (`return_id`),
  KEY `part_id` (`part_id`),
  CONSTRAINT `acc_purchase_return_items_ibfk_1` FOREIGN KEY (`return_id`) REFERENCES `acc_purchase_returns` (`id`) ON DELETE CASCADE,
  CONSTRAINT `acc_purchase_return_items_ibfk_2` FOREIGN KEY (`part_id`) REFERENCES `parts` (`id`)
) ENGINE=InnoDB DEFAULT CHARSET=utf8mb4 COLLATE=utf8mb4_general_ci;

-- --------------------------------------------------------
-- Table structure for table `acc_purchase_returns`
-- --------------------------------------------------------
DROP TABLE IF EXISTS `acc_purchase_returns`;
CREATE TABLE `acc_purchase_returns` (
  `id` int(11) NOT NULL AUTO_INCREMENT,
  `grn_id` int(11) DEFAULT NULL,
  `supplier_id` int(11) NOT NULL,
  `return_date` date NOT NULL,
  `subtotal` decimal(15,2) NOT NULL DEFAULT 0.00,
  `tax_total` decimal(15,2) NOT NULL DEFAULT 0.00,
  `total_amount` decimal(15,2) NOT NULL DEFAULT 0.00,
  `reason` text DEFAULT NULL,
  `created_by` int(11) DEFAULT NULL,
  `created_at` timestamp NOT NULL DEFAULT current_timestamp(),
  PRIMARY KEY (`id`),
  KEY `grn_id` (`grn_id`),
  KEY `supplier_id` (`supplier_id`),
  CONSTRAINT `acc_purchase_returns_ibfk_1` FOREIGN KEY (`grn_id`) REFERENCES `goods_receive_notes` (`id`) ON DELETE SET NULL,
  CONSTRAINT `acc_purchase_returns_ibfk_2` FOREIGN KEY (`supplier_id`) REFERENCES `suppliers` (`id`)
) ENGINE=InnoDB DEFAULT CHARSET=utf8mb4 COLLATE=utf8mb4_general_ci;

-- --------------------------------------------------------
-- Table structure for table `acc_reconciliations`
-- --------------------------------------------------------
DROP TABLE IF EXISTS `acc_reconciliations`;
CREATE TABLE `acc_reconciliations` (
  `id` int(11) NOT NULL AUTO_INCREMENT,
  `account_id` int(11) NOT NULL,
  `statement_date` date NOT NULL,
  `statement_balance` decimal(15,2) NOT NULL,
  `cleared_balance` decimal(15,2) NOT NULL,
  `difference` decimal(15,2) NOT NULL,
  `is_finalized` tinyint(1) DEFAULT 0,
  `created_by` int(11) DEFAULT NULL,
  `created_at` timestamp NOT NULL DEFAULT current_timestamp(),
  PRIMARY KEY (`id`),
  KEY `account_id` (`account_id`),
  CONSTRAINT `acc_reconciliations_ibfk_1` FOREIGN KEY (`account_id`) REFERENCES `acc_accounts` (`id`)
) ENGINE=InnoDB DEFAULT CHARSET=utf8mb4 COLLATE=utf8mb4_general_ci;

-- --------------------------------------------------------
-- Table structure for table `acc_settings`
-- --------------------------------------------------------
DROP TABLE IF EXISTS `acc_settings`;
CREATE TABLE `acc_settings` (
  `id` int(11) NOT NULL AUTO_INCREMENT,
  `setting_key` varchar(50) NOT NULL,
  `setting_value` text DEFAULT NULL,
  `description` varchar(255) DEFAULT NULL,
  `category` varchar(50) DEFAULT 'General',
  PRIMARY KEY (`id`),
  UNIQUE KEY `setting_key` (`setting_key`)
) ENGINE=InnoDB AUTO_INCREMENT=3 DEFAULT CHARSET=utf8mb4 COLLATE=utf8mb4_general_ci;

-- Dumping data for table `acc_settings`
INSERT INTO `acc_settings` (`id`, `setting_key`, `setting_value`, `description`, `category`) VALUES
('1', 'fy_start', '2026-04-01', NULL, 'General'),
('2', 'fy_end', '2027-03-31', NULL, 'General');

-- --------------------------------------------------------
-- Table structure for table `acc_supplier_payment_allocations`
-- --------------------------------------------------------
DROP TABLE IF EXISTS `acc_supplier_payment_allocations`;
CREATE TABLE `acc_supplier_payment_allocations` (
  `id` int(11) NOT NULL AUTO_INCREMENT,
  `payment_id` int(11) NOT NULL,
  `grn_id` int(11) NOT NULL,
  `amount` decimal(15,2) NOT NULL,
  `created_at` timestamp NOT NULL DEFAULT current_timestamp(),
  PRIMARY KEY (`id`),
  KEY `payment_id` (`payment_id`),
  KEY `grn_id` (`grn_id`),
  CONSTRAINT `acc_supplier_payment_allocations_ibfk_1` FOREIGN KEY (`payment_id`) REFERENCES `acc_supplier_payments` (`id`) ON DELETE CASCADE,
  CONSTRAINT `acc_supplier_payment_allocations_ibfk_2` FOREIGN KEY (`grn_id`) REFERENCES `goods_receive_notes` (`id`)
) ENGINE=InnoDB AUTO_INCREMENT=19 DEFAULT CHARSET=utf8mb4 COLLATE=utf8mb4_general_ci;

-- --------------------------------------------------------
-- Table structure for table `acc_supplier_payments`
-- --------------------------------------------------------
DROP TABLE IF EXISTS `acc_supplier_payments`;
CREATE TABLE `acc_supplier_payments` (
  `id` int(11) NOT NULL AUTO_INCREMENT,
  `supplier_id` int(11) NOT NULL,
  `grn_id` int(11) DEFAULT NULL,
  `amount` decimal(15,2) NOT NULL,
  `payment_date` date NOT NULL,
  `payment_method` varchar(50) DEFAULT 'Bank Transfer',
  `reference_no` varchar(100) DEFAULT NULL,
  `notes` text DEFAULT NULL,
  `status` enum('Paid','Cancelled') NOT NULL DEFAULT 'Paid',
  `created_by` int(11) DEFAULT NULL,
  `created_at` timestamp NOT NULL DEFAULT current_timestamp(),
  `cancelled_at` datetime DEFAULT NULL,
  `cancelled_by` int(11) DEFAULT NULL,
  `cancellation_reason` text DEFAULT NULL,
  PRIMARY KEY (`id`),
  KEY `supplier_id` (`supplier_id`),
  KEY `grn_id` (`grn_id`),
  CONSTRAINT `acc_supplier_payments_ibfk_1` FOREIGN KEY (`supplier_id`) REFERENCES `suppliers` (`id`),
  CONSTRAINT `acc_supplier_payments_ibfk_2` FOREIGN KEY (`grn_id`) REFERENCES `goods_receive_notes` (`id`) ON DELETE SET NULL
) ENGINE=InnoDB AUTO_INCREMENT=8 DEFAULT CHARSET=utf8mb4 COLLATE=utf8mb4_general_ci;

-- --------------------------------------------------------
-- Table structure for table `api_clients`
-- --------------------------------------------------------
DROP TABLE IF EXISTS `api_clients`;
CREATE TABLE `api_clients` (
  `id` int(11) NOT NULL AUTO_INCREMENT,
  `client_name` varchar(100) NOT NULL,
  `domain` varchar(255) NOT NULL,
  `api_key` varchar(100) NOT NULL,
  `location_id` int(11) DEFAULT NULL,
  `is_active` tinyint(1) DEFAULT 1,
  `created_by` int(11) DEFAULT NULL,
  `updated_by` int(11) DEFAULT NULL,
  `created_at` timestamp NOT NULL DEFAULT current_timestamp(),
  `updated_at` timestamp NOT NULL DEFAULT current_timestamp() ON UPDATE current_timestamp(),
  PRIMARY KEY (`id`),
  UNIQUE KEY `api_key` (`api_key`)
) ENGINE=InnoDB AUTO_INCREMENT=7 DEFAULT CHARSET=utf8mb4 COLLATE=utf8mb4_general_ci;

-- --------------------------------------------------------
-- Table structure for table `attendance`
-- --------------------------------------------------------
DROP TABLE IF EXISTS `attendance`;
CREATE TABLE `attendance` (
  `id` int(11) NOT NULL AUTO_INCREMENT,
  `employee_id` int(11) NOT NULL,
  `date` date NOT NULL,
  `clock_in` datetime DEFAULT NULL,
  `clock_out` datetime DEFAULT NULL,
  `status` enum('Present','Absent','Late','Half-Day') DEFAULT 'Present',
  `notes` text DEFAULT NULL,
  `location_id` int(11) DEFAULT NULL,
  `created_at` timestamp NOT NULL DEFAULT current_timestamp(),
  `updated_at` timestamp NOT NULL DEFAULT current_timestamp() ON UPDATE current_timestamp(),
  PRIMARY KEY (`id`),
  UNIQUE KEY `uq_emp_date` (`employee_id`,`date`),
  KEY `idx_att_date` (`date`),
  CONSTRAINT `attendance_ibfk_1` FOREIGN KEY (`employee_id`) REFERENCES `employees` (`id`) ON DELETE CASCADE
) ENGINE=InnoDB AUTO_INCREMENT=3 DEFAULT CHARSET=utf8mb4 COLLATE=utf8mb4_general_ci;

-- --------------------------------------------------------
-- Table structure for table `attribute_groups`
-- --------------------------------------------------------
DROP TABLE IF EXISTS `attribute_groups`;
CREATE TABLE `attribute_groups` (
  `id` int(11) NOT NULL AUTO_INCREMENT,
  `name` varchar(100) NOT NULL,
  `sort_order` int(11) NOT NULL DEFAULT 0,
  `created_at` timestamp NOT NULL DEFAULT current_timestamp(),
  PRIMARY KEY (`id`)
) ENGINE=InnoDB AUTO_INCREMENT=3 DEFAULT CHARSET=utf8mb4 COLLATE=utf8mb4_general_ci;

-- --------------------------------------------------------
-- Table structure for table `attributes`
-- --------------------------------------------------------
DROP TABLE IF EXISTS `attributes`;
CREATE TABLE `attributes` (
  `id` int(11) NOT NULL AUTO_INCREMENT,
  `group_id` int(11) NOT NULL,
  `name` varchar(100) NOT NULL,
  `type` enum('text','number','boolean','selection','textarea','para','list','icon-text','badge') NOT NULL DEFAULT 'text',
  `sort_order` int(11) NOT NULL DEFAULT 0,
  `created_at` timestamp NOT NULL DEFAULT current_timestamp(),
  PRIMARY KEY (`id`),
  KEY `group_id` (`group_id`),
  CONSTRAINT `attributes_ibfk_1` FOREIGN KEY (`group_id`) REFERENCES `attribute_groups` (`id`) ON DELETE CASCADE
) ENGINE=InnoDB AUTO_INCREMENT=13 DEFAULT CHARSET=utf8mb4 COLLATE=utf8mb4_general_ci;

-- --------------------------------------------------------
-- Table structure for table `audit_logs`
-- --------------------------------------------------------
DROP TABLE IF EXISTS `audit_logs`;
CREATE TABLE `audit_logs` (
  `id` bigint(20) NOT NULL AUTO_INCREMENT,
  `user_id` int(11) DEFAULT NULL,
  `action` varchar(100) NOT NULL,
  `entity` varchar(100) NOT NULL,
  `entity_id` bigint(20) DEFAULT NULL,
  `method` varchar(10) NOT NULL,
  `path` varchar(255) NOT NULL,
  `ip` varchar(64) DEFAULT NULL,
  `user_agent` varchar(255) DEFAULT NULL,
  `details` longtext CHARACTER SET utf8mb4 COLLATE utf8mb4_bin DEFAULT NULL CHECK (json_valid(`details`)),
  `created_at` timestamp NOT NULL DEFAULT current_timestamp(),
  `location_id` int(11) DEFAULT NULL,
  PRIMARY KEY (`id`),
  KEY `idx_audit_user` (`user_id`),
  KEY `idx_audit_entity` (`entity`,`entity_id`),
  KEY `idx_audit_action` (`action`),
  KEY `idx_audit_created` (`created_at`),
  KEY `idx_audit_location` (`location_id`)
) ENGINE=InnoDB AUTO_INCREMENT=529 DEFAULT CHARSET=utf8mb4 COLLATE=utf8mb4_general_ci;

-- --------------------------------------------------------
-- Table structure for table `bank_branches`
-- --------------------------------------------------------
DROP TABLE IF EXISTS `bank_branches`;
CREATE TABLE `bank_branches` (
  `id` int(11) NOT NULL AUTO_INCREMENT,
  `bank_id` int(11) NOT NULL,
  `branch_name` varchar(100) NOT NULL,
  `branch_code` varchar(20) DEFAULT NULL,
  `is_active` tinyint(1) DEFAULT 1,
  `created_at` timestamp NOT NULL DEFAULT current_timestamp(),
  PRIMARY KEY (`id`),
  KEY `idx_bb_bank` (`bank_id`)
) ENGINE=InnoDB AUTO_INCREMENT=3684 DEFAULT CHARSET=utf8mb4 COLLATE=utf8mb4_general_ci;

-- Dumping data for table `bank_branches`
INSERT INTO `bank_branches` (`id`, `bank_id`, `branch_name`, `branch_code`, `is_active`, `created_at`) VALUES
('1', '1', 'Pelmadulla', '', '1', '2026-04-17 12:30:39'),
('2', '1', 'Ratnapura', '', '1', '2026-04-17 12:30:54'),
('3', '3', 'Pelmadulla', '', '1', '2026-04-17 12:31:18'),
('4', '1', 'City Office', '001', '1', '2026-04-28 15:25:42'),
('5', '1', 'Kandy', '002', '1', '2026-04-28 15:25:42'),
('6', '1', 'Galle Fort', '003', '1', '2026-04-28 15:25:42'),
('7', '1', 'Pettah', '004', '1', '2026-04-28 15:25:42'),
('8', '1', 'Jaffna', '005', '1', '2026-04-28 15:25:42'),
('9', '1', 'Trincomalee', '006', '1', '2026-04-28 15:25:42'),
('10', '1', 'Panadura', '007', '1', '2026-04-28 15:25:42'),
('11', '1', 'Kurunegala', '009', '1', '2026-04-28 15:25:42'),
('12', '1', 'Badulla', '011', '1', '2026-04-28 15:25:42'),
('13', '1', 'Batticaloa', '012', '1', '2026-04-28 15:25:42'),
('14', '1', 'Central Office', '015', '1', '2026-04-28 15:25:42'),
('15', '1', 'Kalutara S/G', '016', '1', '2026-04-28 15:25:42'),
('16', '1', 'Negombo', '018', '1', '2026-04-28 15:25:42'),
('17', '1', 'Chilaw', '020', '1', '2026-04-28 15:25:42'),
('18', '1', 'Ampara', '021', '1', '2026-04-28 15:25:42'),
('19', '1', 'Anuradhapura', '022', '1', '2026-04-28 15:25:42'),
('20', '1', 'Wellawatte', '023', '1', '2026-04-28 15:25:42'),
('21', '1', 'Matara', '024', '1', '2026-04-28 15:25:42'),
('22', '1', 'Main Street', '026', '1', '2026-04-28 15:25:43'),
('23', '1', 'Kegalle', '027', '1', '2026-04-28 15:25:43'),
('24', '1', 'Point Pedro', '028', '1', '2026-04-28 15:25:43'),
('25', '1', 'Nuwara Eliya', '029', '1', '2026-04-28 15:25:43'),
('26', '1', 'Katubedda', '030', '1', '2026-04-28 15:25:43'),
('27', '1', 'Aluthkade', '032', '1', '2026-04-28 15:25:43'),
('28', '1', 'Kollupitiya', '034', '1', '2026-04-28 15:25:43'),
('29', '1', 'Haputale', '035', '1', '2026-04-28 15:25:43'),
('30', '1', 'Bambalapitiya', '037', '1', '2026-04-28 15:25:43'),
('31', '1', 'Borella S/G', '038', '1', '2026-04-28 15:25:43'),
('32', '1', 'Ja Ela', '039', '1', '2026-04-28 15:25:43'),
('33', '1', 'Hatton', '040', '1', '2026-04-28 15:25:43'),
('34', '1', 'Maradana', '041', '1', '2026-04-28 15:25:43'),
('35', '1', 'Peliyagoda', '042', '1', '2026-04-28 15:25:43'),
('36', '1', 'Union Place', '043', '1', '2026-04-28 15:25:43'),
('37', '1', 'Vavuniya', '044', '1', '2026-04-28 15:25:43'),
('38', '1', 'Gampaha S/G', '045', '1', '2026-04-28 15:25:43'),
('39', '1', 'Mannar', '046', '1', '2026-04-28 15:25:43'),
('40', '1', 'Ambalangoda', '047', '1', '2026-04-28 15:25:43'),
('41', '1', 'Puttalam', '048', '1', '2026-04-28 15:25:43'),
('42', '1', 'Nugegoda Supergrade', '049', '1', '2026-04-28 15:25:43'),
('43', '1', 'Nattandiya', '050', '1', '2026-04-28 15:25:43'),
('44', '1', 'Dehiwala', '051', '1', '2026-04-28 15:25:43'),
('45', '1', 'Kuliyapitiya', '052', '1', '2026-04-28 15:25:43'),
('46', '1', 'Chunnakam', '053', '1', '2026-04-28 15:25:43'),
('47', '1', 'Horana', '054', '1', '2026-04-28 15:25:43'),
('48', '1', 'Maharagama', '055', '1', '2026-04-28 15:25:43'),
('49', '1', 'Tangalle', '056', '1', '2026-04-28 15:25:43'),
('50', '1', 'Eheliyagoda', '057', '1', '2026-04-28 15:25:43'),
('51', '1', 'Beruwala', '058', '1', '2026-04-28 15:25:43'),
('52', '1', 'Kadawatha', '059', '1', '2026-04-28 15:25:43'),
('53', '1', 'Fifth City', '060', '1', '2026-04-28 15:25:43'),
('54', '1', 'Moratuwa', '061', '1', '2026-04-28 15:25:43'),
('55', '1', 'Velanai', '063', '1', '2026-04-28 15:25:43'),
('56', '1', 'Matale', '068', '1', '2026-04-28 15:25:43'),
('57', '1', 'Monaragala', '082', '1', '2026-04-28 15:25:43'),
('58', '1', 'Polonnaruwa New Town', '083', '1', '2026-04-28 15:25:43'),
('59', '1', 'Hambantota', '085', '1', '2026-04-28 15:25:43'),
('60', '1', 'International Division', '087', '1', '2026-04-28 15:25:43'),
('61', '1', 'Mirigama', '088', '1', '2026-04-28 15:25:43'),
('62', '1', 'Galle Bazaar', '089', '1', '2026-04-28 15:25:43'),
('63', '1', 'Naula', '092', '1', '2026-04-28 15:25:43'),
('64', '1', 'Kilinochchi', '093', '1', '2026-04-28 15:25:43'),
('65', '1', 'Anuradhapura New Town', '098', '1', '2026-04-28 15:25:43'),
('66', '1', 'Primary Dealer Unit', '099', '1', '2026-04-28 15:25:43'),
('67', '1', 'Galaha', '101', '1', '2026-04-28 15:25:43'),
('68', '1', 'Bentota', '102', '1', '2026-04-28 15:25:43'),
('69', '1', 'Welpalla', '104', '1', '2026-04-28 15:25:43'),
('70', '1', 'Muttur', '118', '1', '2026-04-28 15:25:43'),
('71', '1', 'Galenbindunuwewa', '122', '1', '2026-04-28 15:25:43'),
('72', '1', 'Padavi Parakramapura', '127', '1', '2026-04-28 15:25:43'),
('73', '1', 'Imaduwa', '135', '1', '2026-04-28 15:25:43'),
('74', '1', 'Weeraketiya', '139', '1', '2026-04-28 15:25:43'),
('75', '1', 'Yatawatte', '144', '1', '2026-04-28 15:25:43'),
('76', '1', 'Pemaduwa', '152', '1', '2026-04-28 15:25:43'),
('77', '1', 'Tirappane', '157', '1', '2026-04-28 15:25:43'),
('78', '1', 'Medawachchiya', '162', '1', '2026-04-28 15:25:43'),
('79', '1', 'Rikillagaskada', '167', '1', '2026-04-28 15:25:43'),
('80', '1', 'Kobeigane', '172', '1', '2026-04-28 15:25:43'),
('81', '1', 'Sewagama', '183', '1', '2026-04-28 15:25:43'),
('82', '1', 'Horowpathana', '217', '1', '2026-04-28 15:25:43'),
('83', '1', 'Ipalogama', '236', '1', '2026-04-28 15:25:43'),
('84', '1', 'Medagama', '238', '1', '2026-04-28 15:25:43'),
('85', '1', 'Tawalama', '250', '1', '2026-04-28 15:25:43'),
('86', '1', 'Malkaduwawa', '255', '1', '2026-04-28 15:25:43'),
('87', '1', 'Thanthirimale', '256', '1', '2026-04-28 15:25:43'),
('88', '1', 'Mawathagama', '257', '1', '2026-04-28 15:25:43'),
('89', '1', 'Elakanda', '258', '1', '2026-04-28 15:25:43'),
('90', '1', 'Rathgama', '259', '1', '2026-04-28 15:25:43'),
('91', '1', 'Diyatalawa', '260', '1', '2026-04-28 15:25:43'),
('92', '1', 'Katuwana', '261', '1', '2026-04-28 15:25:43'),
('93', '1', 'Kekanadura', '262', '1', '2026-04-28 15:25:43'),
('94', '1', 'Kosmodera', '263', '1', '2026-04-28 15:25:43'),
('95', '1', 'Kudawella', '264', '1', '2026-04-28 15:25:43'),
('96', '1', 'Lunugamvehera', '265', '1', '2026-04-28 15:25:43'),
('97', '1', 'Maha-Edanda', '266', '1', '2026-04-28 15:25:43'),
('98', '1', 'Makandura - Matara', '267', '1', '2026-04-28 15:25:43'),
('99', '1', 'Malimbada', '268', '1', '2026-04-28 15:25:43'),
('100', '1', 'Morawaka', '270', '1', '2026-04-28 15:25:43'),
('101', '1', 'Pasgoda', '271', '1', '2026-04-28 15:25:43'),
('102', '1', 'Pitabeddara', '272', '1', '2026-04-28 15:25:43'),
('103', '1', 'Digana', '273', '1', '2026-04-28 15:25:43'),
('104', '1', 'Weli-Oya', '274', '1', '2026-04-28 15:25:43'),
('105', '1', 'Ahangama', '276', '1', '2026-04-28 15:25:43'),
('106', '1', 'Aluthwala', '277', '1', '2026-04-28 15:25:43'),
('107', '1', 'Barawakumbura', '278', '1', '2026-04-28 15:25:43'),
('108', '1', 'Karapitiya', '280', '1', '2026-04-28 15:25:43'),
('109', '1', 'Manipay', '281', '1', '2026-04-28 15:25:43'),
('110', '1', 'Kitulgala', '282', '1', '2026-04-28 15:25:43'),
('111', '1', 'Kolonna', '283', '1', '2026-04-28 15:25:43'),
('112', '1', 'Kotiyakumbura', '284', '1', '2026-04-28 15:25:43'),
('113', '1', 'Morontota', '285', '1', '2026-04-28 15:25:43'),
('114', '1', 'Sabaragamuwa University', '286', '1', '2026-04-28 15:25:43'),
('115', '1', 'Pinnawala', '287', '1', '2026-04-28 15:25:43'),
('116', '1', 'Sabaragamuwa Provincial Council', '288', '1', '2026-04-28 15:25:43'),
('117', '1', 'Seethawakapura', '290', '1', '2026-04-28 15:25:43'),
('118', '1', 'Udawalawe', '291', '1', '2026-04-28 15:25:43'),
('119', '1', 'Weligepola', '292', '1', '2026-04-28 15:25:43'),
('120', '1', 'Dodangoda', '293', '1', '2026-04-28 15:25:43'),
('121', '1', 'Karawanella', '294', '1', '2026-04-28 15:25:43'),
('122', '1', 'Karawita', '295', '1', '2026-04-28 15:25:43'),
('123', '1', 'Kegalle Hospital', '297', '1', '2026-04-28 15:25:43'),
('124', '1', 'Urubokka', '298', '1', '2026-04-28 15:25:43'),
('125', '1', 'Makandura', '299', '1', '2026-04-28 15:25:43'),
('126', '1', 'Marawila', '300', '1', '2026-04-28 15:25:43'),
('127', '1', 'Palaviya', '301', '1', '2026-04-28 15:25:43'),
('128', '1', 'Pallama', '302', '1', '2026-04-28 15:25:43'),
('129', '1', 'Paragahadeniya', '303', '1', '2026-04-28 15:25:43'),
('130', '1', 'Thoduwawa', '305', '1', '2026-04-28 15:25:43'),
('131', '1', 'Udappuwa', '306', '1', '2026-04-28 15:25:43'),
('132', '1', 'Wayamba University', '307', '1', '2026-04-28 15:25:43'),
('133', '1', 'Weerapokuna', '308', '1', '2026-04-28 15:25:43'),
('134', '1', 'Wellawa', '309', '1', '2026-04-28 15:25:43'),
('135', '1', 'Bulathkohupitiya', '311', '1', '2026-04-28 15:25:43'),
('136', '1', 'Embilipitiya City', '312', '1', '2026-04-28 15:25:43'),
('137', '1', 'Endana', '313', '1', '2026-04-28 15:25:43'),
('138', '1', 'Galigamuwa', '314', '1', '2026-04-28 15:25:43'),
('139', '1', 'Ratnapura Hospital', '315', '1', '2026-04-28 15:25:43'),
('140', '1', 'Gonagaldeniya', '316', '1', '2026-04-28 15:25:43'),
('141', '1', 'Kiriella', '317', '1', '2026-04-28 15:25:43'),
('142', '1', 'Potuvil', '318', '1', '2026-04-28 15:25:43'),
('143', '1', 'Mahawewa', '319', '1', '2026-04-28 15:25:43'),
('144', '1', 'Ballaketuwa', '320', '1', '2026-04-28 15:25:43'),
('145', '1', 'Thanamalwila', '322', '1', '2026-04-28 15:25:43'),
('146', '1', 'Kochchikade', '323', '1', '2026-04-28 15:25:43'),
('147', '1', 'Kumbukgete', '324', '1', '2026-04-28 15:25:43'),
('148', '1', 'Kuruwita', '325', '1', '2026-04-28 15:25:43'),
('149', '1', 'Thirumurukandi', '326', '1', '2026-04-28 15:25:43'),
('150', '1', 'Visuvamadu', '328', '1', '2026-04-28 15:25:43'),
('151', '1', 'Ambanpola', '329', '1', '2026-04-28 15:25:43'),
('152', '1', 'Anawilundawa', '330', '1', '2026-04-28 15:25:43'),
('153', '1', 'Dambadeniya', '331', '1', '2026-04-28 15:25:43'),
('154', '1', 'Katuneriya', '332', '1', '2026-04-28 15:25:43'),
('155', '1', 'Katupotha', '333', '1', '2026-04-28 15:25:43'),
('156', '1', 'Kirimetiyana', '334', '1', '2026-04-28 15:25:43'),
('157', '1', 'Mihintale', '335', '1', '2026-04-28 15:25:43'),
('158', '1', 'Thalaimannar Pier', '336', '1', '2026-04-28 15:25:43'),
('159', '1', 'Pussellawa', '337', '1', '2026-04-28 15:25:43'),
('160', '1', 'Savalkaddu', '338', '1', '2026-04-28 15:25:43'),
('161', '1', 'Sirupiddy', '339', '1', '2026-04-28 15:25:43'),
('162', '1', 'Wattegama', '340', '1', '2026-04-28 15:25:43'),
('163', '1', 'Puthukudieruppu', '341', '1', '2026-04-28 15:25:43'),
('164', '1', 'Puthukulam', '342', '1', '2026-04-28 15:25:43'),
('165', '1', 'Uva Paranagama', '343', '1', '2026-04-28 15:25:43'),
('166', '1', 'Pesalai', '344', '1', '2026-04-28 15:25:43'),
('167', '1', 'Poonagary', '345', '1', '2026-04-28 15:25:43'),
('168', '1', 'Poovarasankulam', '346', '1', '2026-04-28 15:25:43'),
('169', '1', 'Punnalaikadduvan', '347', '1', '2026-04-28 15:25:43'),
('170', '1', 'Padiyatalawa', '348', '1', '2026-04-28 15:25:43'),
('171', '1', 'Mallavi', '349', '1', '2026-04-28 15:25:43'),
('172', '1', 'Manthikai', '351', '1', '2026-04-28 15:25:43'),
('173', '1', 'Maruthankerny', '352', '1', '2026-04-28 15:25:43'),
('174', '1', 'Mulankavil', '353', '1', '2026-04-28 15:25:43'),
('175', '1', 'Mullativu', '355', '1', '2026-04-28 15:25:43'),
('176', '1', 'Murungan', '356', '1', '2026-04-28 15:25:43'),
('177', '1', 'Nainativu', '357', '1', '2026-04-28 15:25:43'),
('178', '1', 'Nallur', '358', '1', '2026-04-28 15:25:43'),
('179', '1', 'Nanatan', '359', '1', '2026-04-28 15:25:43'),
('180', '1', 'Nedunkerny', '360', '1', '2026-04-28 15:25:43'),
('181', '1', 'Oddusudan', '361', '1', '2026-04-28 15:25:43'),
('182', '1', 'Omanthai', '362', '1', '2026-04-28 15:25:43'),
('183', '1', 'Pallai', '363', '1', '2026-04-28 15:25:43'),
('184', '1', 'Paranthan', '364', '1', '2026-04-28 15:25:43'),
('185', '1', 'Hasalaka', '365', '1', '2026-04-28 15:25:43'),
('186', '1', 'Jaffna Bus Stand', '366', '1', '2026-04-28 15:25:43'),
('187', '1', 'Jaffna Main Street', '368', '1', '2026-04-28 15:25:43'),
('188', '1', 'Jaffna University', '369', '1', '2026-04-28 15:25:43'),
('189', '1', 'Kaithady', '370', '1', '2026-04-28 15:25:43'),
('190', '1', 'Kalviyankadu', '371', '1', '2026-04-28 15:25:43'),
('191', '1', 'Karanavai', '372', '1', '2026-04-28 15:25:43'),
('192', '1', 'Kayts', '373', '1', '2026-04-28 15:25:43'),
('193', '1', 'Kodikamam', '375', '1', '2026-04-28 15:25:43'),
('194', '1', 'Kokuvil', '376', '1', '2026-04-28 15:25:43'),
('195', '1', 'Illavalai', '377', '1', '2026-04-28 15:25:43'),
('196', '1', 'Madhu', '378', '1', '2026-04-28 15:25:43'),
('197', '1', 'Wariyapola', '379', '1', '2026-04-28 15:25:43'),
('198', '1', 'Alaveddy', '380', '1', '2026-04-28 15:25:43'),
('199', '1', 'Andankulam', '381', '1', '2026-04-28 15:25:43'),
('200', '1', 'Cheddikulam', '382', '1', '2026-04-28 15:25:43'),
('201', '1', 'Delft', '383', '1', '2026-04-28 15:25:43'),
('202', '1', 'Meegahakiwula', '384', '1', '2026-04-28 15:25:43'),
('203', '1', 'Vavunathivu', '385', '1', '2026-04-28 15:25:43'),
('204', '1', 'Vellaveli', '386', '1', '2026-04-28 15:25:43'),
('205', '1', 'Diyabeduma', '388', '1', '2026-04-28 15:25:43'),
('206', '1', 'Diyasenpura', '389', '1', '2026-04-28 15:25:43'),
('207', '1', 'Doramadalawa', '390', '1', '2026-04-28 15:25:43'),
('208', '1', 'Galamuna', '391', '1', '2026-04-28 15:25:43'),
('209', '1', 'General Hospital, A\' pura', '392', '1', '2026-04-28 15:25:43'),
('210', '1', 'Habarana', '393', '1', '2026-04-28 15:25:43'),
('211', '1', 'Minneriya', '394', '1', '2026-04-28 15:25:43'),
('212', '1', 'Padaviya', '395', '1', '2026-04-28 15:25:43'),
('213', '1', 'Rajanganaya', '396', '1', '2026-04-28 15:25:43'),
('214', '1', 'Rajina Junction', '397', '1', '2026-04-28 15:25:43'),
('215', '1', 'Ranajayapura', '398', '1', '2026-04-28 15:25:43'),
('216', '1', 'Sevanapitiya', '399', '1', '2026-04-28 15:25:43'),
('217', '1', 'Thalawa', '400', '1', '2026-04-28 15:25:43'),
('218', '1', 'Ayagama', '401', '1', '2026-04-28 15:25:43'),
('219', '1', 'Oddamavady', '402', '1', '2026-04-28 15:25:43'),
('220', '1', 'Oluwil', '403', '1', '2026-04-28 15:25:43'),
('221', '1', 'Palugamam', '404', '1', '2026-04-28 15:25:43'),
('222', '1', 'Polwatte', '405', '1', '2026-04-28 15:25:43'),
('223', '1', 'Palmuddai', '406', '1', '2026-04-28 15:25:43'),
('224', '1', 'Sainthamarathu', '407', '1', '2026-04-28 15:25:43'),
('225', '1', 'Serunuwara', '408', '1', '2026-04-28 15:25:43'),
('226', '1', 'Thambiluvil', '409', '1', '2026-04-28 15:25:43'),
('227', '1', 'Thampalakamam', '410', '1', '2026-04-28 15:25:43'),
('228', '1', 'Thoppur', '411', '1', '2026-04-28 15:25:43'),
('229', '1', 'Uhana', '413', '1', '2026-04-28 15:25:43'),
('230', '1', 'Uppuvely', '414', '1', '2026-04-28 15:25:43'),
('231', '1', 'Vakarai', '415', '1', '2026-04-28 15:25:43'),
('232', '1', 'Siyambalanduwa', '416', '1', '2026-04-28 15:25:43'),
('233', '1', 'Mollipothana', '417', '1', '2026-04-28 15:25:43'),
('234', '1', 'Morawewa', '418', '1', '2026-04-28 15:25:43'),
('235', '1', 'Navithanvely', '419', '1', '2026-04-28 15:25:43'),
('236', '1', 'Nilavely', '420', '1', '2026-04-28 15:25:43'),
('237', '1', 'Seeduwa', '421', '1', '2026-04-28 15:25:43'),
('238', '1', 'Malwatte', '422', '1', '2026-04-28 15:25:43'),
('239', '1', 'Mamangama', '423', '1', '2026-04-28 15:25:43'),
('240', '1', 'Maruthamunai', '424', '1', '2026-04-28 15:25:43'),
('241', '1', 'Pundaluoya', '425', '1', '2026-04-28 15:25:43'),
('242', '1', 'Kallady', '426', '1', '2026-04-28 15:25:43'),
('243', '1', 'Kallar', '427', '1', '2026-04-28 15:25:43'),
('244', '1', 'Karadiyanaru', '428', '1', '2026-04-28 15:25:43'),
('245', '1', 'Karaitivu', '429', '1', '2026-04-28 15:25:43'),
('246', '1', 'Kiran', '430', '1', '2026-04-28 15:25:43'),
('247', '1', 'Kokkadicholai', '431', '1', '2026-04-28 15:25:43'),
('248', '1', 'Galewela', '432', '1', '2026-04-28 15:25:43'),
('249', '1', 'Divulapitiya', '433', '1', '2026-04-28 15:25:43'),
('250', '1', 'Wellawaya', '434', '1', '2026-04-28 15:25:43'),
('251', '1', 'China Bay', '436', '1', '2026-04-28 15:25:43'),
('252', '1', 'Eastern University', '437', '1', '2026-04-28 15:25:43'),
('253', '1', 'Gonagolla', '438', '1', '2026-04-28 15:25:43'),
('254', '1', 'Irakkamam', '439', '1', '2026-04-28 15:25:43'),
('255', '1', 'Samanthurai', '440', '1', '2026-04-28 15:25:43'),
('256', '1', 'Pujapitiya', '441', '1', '2026-04-28 15:25:43'),
('257', '1', 'Ragala', '442', '1', '2026-04-28 15:25:43'),
('258', '1', 'Sigiriya', '443', '1', '2026-04-28 15:25:43'),
('259', '1', 'Ukuwela', '444', '1', '2026-04-28 15:25:43'),
('260', '1', 'University Of Peradeniya', '445', '1', '2026-04-28 15:25:43'),
('261', '1', 'Upcott', '446', '1', '2026-04-28 15:25:43'),
('262', '1', 'Wilgamuwa', '447', '1', '2026-04-28 15:25:43'),
('263', '1', 'Addalachchenai', '448', '1', '2026-04-28 15:25:43'),
('264', '1', 'Alankerny', '449', '1', '2026-04-28 15:25:43'),
('265', '1', 'Araiyampathy', '451', '1', '2026-04-28 15:25:43'),
('266', '1', 'Batticaloa Town', '452', '1', '2026-04-28 15:25:43'),
('267', '1', 'Independent  Square', '453', '1', '2026-04-28 15:25:43'),
('268', '1', 'Kandy Hospital', '454', '1', '2026-04-28 15:25:43'),
('269', '1', 'Kotagala', '455', '1', '2026-04-28 15:25:43'),
('270', '1', 'Marassana', '456', '1', '2026-04-28 15:25:43'),
('271', '1', 'Meepilimana', '458', '1', '2026-04-28 15:25:43'),
('272', '1', 'Menikhinna', '459', '1', '2026-04-28 15:25:43'),
('273', '1', 'Palapathwela', '461', '1', '2026-04-28 15:25:43'),
('274', '1', 'Botanical Gardens Peradeniya', '462', '1', '2026-04-28 15:25:43'),
('275', '1', 'Haldummulla', '463', '1', '2026-04-28 15:25:43'),
('276', '1', 'Pallekelle', '464', '1', '2026-04-28 15:25:43'),
('277', '1', 'Bokkawala', '465', '1', '2026-04-28 15:25:43'),
('278', '1', 'Danture', '466', '1', '2026-04-28 15:25:43'),
('279', '1', 'Daulagala', '467', '1', '2026-04-28 15:25:43'),
('280', '1', 'Digana Village', '469', '1', '2026-04-28 15:25:43'),
('281', '1', 'Gampola City', '470', '1', '2026-04-28 15:25:43'),
('282', '1', 'Hatharaliyadda', '472', '1', '2026-04-28 15:25:43'),
('283', '1', 'Ginigathhena', '471', '1', '2026-04-28 15:25:43'),
('284', '1', 'Kandy City Centre', '473', '1', '2026-04-28 15:25:43'),
('285', '1', 'Court Complex Kandy', '474', '1', '2026-04-28 15:25:43'),
('286', '1', 'Ettampitiya', '476', '1', '2026-04-28 15:25:43'),
('287', '1', 'Yatiyantota', '477', '1', '2026-04-28 15:25:43'),
('288', '1', 'Adikarigama', '487', '1', '2026-04-28 15:25:43'),
('289', '1', 'Agarapathana', '488', '1', '2026-04-28 15:25:43'),
('290', '1', 'Akurana', '489', '1', '2026-04-28 15:25:43'),
('291', '1', 'Ankumbura', '490', '1', '2026-04-28 15:25:43'),
('292', '1', 'Bogawantalawa', '491', '1', '2026-04-28 15:25:43'),
('293', '1', 'Padiyapelella', '492', '1', '2026-04-28 15:25:43'),
('294', '1', 'Andiambalama', '494', '1', '2026-04-28 15:25:43'),
('295', '1', 'Dankotuwa', '497', '1', '2026-04-28 15:25:43'),
('296', '1', 'Alawwa', '498', '1', '2026-04-28 15:25:43'),
('297', '1', 'Wijerama Junction', '499', '1', '2026-04-28 15:25:43'),
('298', '1', 'Jaffna 2nd Branch', '500', '1', '2026-04-28 15:25:43'),
('299', '1', 'Chavakachcheri', '501', '1', '2026-04-28 15:25:43'),
('300', '1', 'Kaduruwela', '502', '1', '2026-04-28 15:25:43'),
('301', '1', 'Passara', '503', '1', '2026-04-28 15:25:43'),
('302', '1', 'Devinuwara', '504', '1', '2026-04-28 15:25:43'),
('303', '1', 'Wattala', '505', '1', '2026-04-28 15:25:43'),
('304', '1', 'Maskeliya', '506', '1', '2026-04-28 15:25:43'),
('305', '1', 'Kahawatte', '507', '1', '2026-04-28 15:25:43'),
('306', '1', 'Wennappuwa', '508', '1', '2026-04-28 15:25:43'),
('307', '1', 'Hingurana', '509', '1', '2026-04-28 15:25:43'),
('308', '1', 'Kalmunai', '510', '1', '2026-04-28 15:25:43'),
('309', '1', 'Mulliyawalai', '511', '1', '2026-04-28 15:25:43'),
('310', '1', 'Thimbirigasyaya', '512', '1', '2026-04-28 15:25:43'),
('311', '1', 'Kurunegala Bazaar', '513', '1', '2026-04-28 15:25:43'),
('312', '1', 'Galnewa', '514', '1', '2026-04-28 15:25:43'),
('313', '1', 'Bandarawela', '515', '1', '2026-04-28 15:25:43'),
('314', '1', 'Thalawathugoda', '516', '1', '2026-04-28 15:25:43'),
('315', '1', 'Walasmulla', '517', '1', '2026-04-28 15:25:43'),
('316', '1', 'Middeniya', '518', '1', '2026-04-28 15:25:43'),
('317', '1', 'Sri Jayawardenapura Hospital', '520', '1', '2026-04-28 15:25:43'),
('318', '1', 'Hyde Park', '521', '1', '2026-04-28 15:25:43'),
('319', '1', 'Batapola', '522', '1', '2026-04-28 15:25:43'),
('320', '1', 'Geli Oya', '524', '1', '2026-04-28 15:25:43'),
('321', '1', 'Baddegama', '525', '1', '2026-04-28 15:25:43'),
('322', '1', 'Polgahawela', '526', '1', '2026-04-28 15:25:43'),
('323', '1', 'Welisara', '527', '1', '2026-04-28 15:25:43'),
('324', '1', 'Deniyaya', '528', '1', '2026-04-28 15:25:43'),
('325', '1', 'Kamburupitiya', '529', '1', '2026-04-28 15:25:43'),
('326', '1', 'Avissawella', '530', '1', '2026-04-28 15:25:43'),
('327', '1', 'Talawakelle', '531', '1', '2026-04-28 15:25:43'),
('328', '1', 'Ridigama', '532', '1', '2026-04-28 15:25:43'),
('329', '1', 'Pitakotte', '533', '1', '2026-04-28 15:25:43'),
('330', '1', 'Narammala', '534', '1', '2026-04-28 15:25:43'),
('331', '1', 'Embilipitiya', '535', '1', '2026-04-28 15:25:43'),
('332', '1', 'Kegalle Bazaar', '536', '1', '2026-04-28 15:25:43'),
('333', '1', 'Ambalantota', '537', '1', '2026-04-28 15:25:43'),
('334', '1', 'Tissamaharama', '538', '1', '2026-04-28 15:25:43'),
('335', '1', 'Beliatta', '539', '1', '2026-04-28 15:25:43'),
('336', '1', 'Badalkumbura', '540', '1', '2026-04-28 15:25:43'),
('337', '1', 'Pelawatte City Kalutara', '541', '1', '2026-04-28 15:25:43'),
('338', '1', 'Mahiyangana', '542', '1', '2026-04-28 15:25:43'),
('339', '1', 'Kiribathgoda', '543', '1', '2026-04-28 15:25:43'),
('340', '1', 'Madampe', '544', '1', '2026-04-28 15:25:43'),
('341', '1', 'Minuwangoda', '545', '1', '2026-04-28 15:25:43'),
('342', '1', 'Pannala', '546', '1', '2026-04-28 15:25:43'),
('343', '1', 'Nikaweratiya', '547', '1', '2026-04-28 15:25:43'),
('344', '1', 'Anamaduwa', '548', '1', '2026-04-28 15:25:43'),
('345', '1', 'Galgamuwa', '549', '1', '2026-04-28 15:25:43'),
('346', '1', 'Weligama', '550', '1', '2026-04-28 15:25:43'),
('347', '1', 'Anuradhapura Bazzar', '551', '1', '2026-04-28 15:25:43'),
('348', '1', 'National Institute Of Education', '552', '1', '2026-04-28 15:25:43'),
('349', '1', 'Giriulla', '553', '1', '2026-04-28 15:25:43'),
('350', '1', 'Bingiriya', '554', '1', '2026-04-28 15:25:43'),
('351', '1', 'Melsiripura', '555', '1', '2026-04-28 15:25:43'),
('352', '1', 'Matugama', '556', '1', '2026-04-28 15:25:43'),
('353', '1', 'Moratumulla', '557', '1', '2026-04-28 15:25:43'),
('354', '1', 'Waikkal', '558', '1', '2026-04-28 15:25:43'),
('355', '1', 'Mawanella', '559', '1', '2026-04-28 15:25:43'),
('356', '1', 'Buttala', '560', '1', '2026-04-28 15:25:43'),
('357', '1', 'Dematagoda', '561', '1', '2026-04-28 15:25:44'),
('358', '1', 'Warakapola', '562', '1', '2026-04-28 15:25:44'),
('359', '1', 'Dharga Town', '563', '1', '2026-04-28 15:25:44'),
('360', '1', 'Maho', '564', '1', '2026-04-28 15:25:44'),
('361', '1', 'Madurankuliya', '565', '1', '2026-04-28 15:25:44'),
('362', '1', 'Aranayake', '566', '1', '2026-04-28 15:25:44'),
('363', '1', 'Dedicated Economic Centre - Meegoda', '567', '1', '2026-04-28 15:25:44'),
('364', '1', 'Homagama', '568', '1', '2026-04-28 15:25:44'),
('365', '1', 'Hiripitiya', '569', '1', '2026-04-28 15:25:44'),
('366', '1', 'Hettipola', '570', '1', '2026-04-28 15:25:44'),
('367', '1', 'Kirindiwela', '571', '1', '2026-04-28 15:25:44'),
('368', '1', 'Negombo Bazzar', '572', '1', '2026-04-28 15:25:44'),
('369', '1', 'Central Bus Stand', '573', '1', '2026-04-28 15:25:44'),
('370', '1', 'Mankulam', '574', '1', '2026-04-28 15:25:44'),
('371', '1', 'Gampola', '575', '1', '2026-04-28 15:25:44'),
('372', '1', 'Dambulla', '576', '1', '2026-04-28 15:25:44'),
('373', '1', 'Lunugala', '577', '1', '2026-04-28 15:25:44'),
('374', '1', 'Yakkalamulla', '578', '1', '2026-04-28 15:25:44'),
('375', '1', 'Bibile', '579', '1', '2026-04-28 15:25:44'),
('376', '1', 'Dummalasuriya', '580', '1', '2026-04-28 15:25:44'),
('377', '1', 'Madawala', '581', '1', '2026-04-28 15:25:44'),
('378', '1', 'Rambukkana', '582', '1', '2026-04-28 15:25:44'),
('379', '1', 'Mattegoda', '583', '1', '2026-04-28 15:25:44'),
('380', '1', 'Wadduwa', '584', '1', '2026-04-28 15:25:44'),
('381', '1', 'Ruwanwella', '585', '1', '2026-04-28 15:25:44'),
('382', '1', 'Pilimatalawa', '587', '1', '2026-04-28 15:25:44'),
('383', '1', 'Peradeniya', '588', '1', '2026-04-28 15:25:44'),
('384', '1', 'Kalpitiya', '589', '1', '2026-04-28 15:25:44'),
('385', '1', 'Akkaraipattu', '590', '1', '2026-04-28 15:25:44'),
('386', '1', 'Nintavur', '591', '1', '2026-04-28 15:25:44'),
('387', '1', 'Dikwella', '592', '1', '2026-04-28 15:25:44'),
('388', '1', 'Milagiriya', '593', '1', '2026-04-28 15:25:44'),
('389', '1', 'Rakwana', '594', '1', '2026-04-28 15:25:44'),
('390', '1', 'Kolonnawa', '595', '1', '2026-04-28 15:25:44'),
('391', '1', 'Talgaswela', '596', '1', '2026-04-28 15:25:44'),
('392', '1', 'Nivitigala', '597', '1', '2026-04-28 15:25:44'),
('393', '1', 'Nawalapitiya', '598', '1', '2026-04-28 15:25:44'),
('394', '1', 'Aralaganwila', '599', '1', '2026-04-28 15:25:44'),
('395', '1', 'Jayanthipura', '600', '1', '2026-04-28 15:25:44'),
('396', '1', 'Hingurakgoda', '601', '1', '2026-04-28 15:25:44'),
('397', '1', 'Kirulapana', '602', '1', '2026-04-28 15:25:44'),
('398', '1', 'Lanka Hospital', '603', '1', '2026-04-28 15:25:44'),
('399', '1', 'Ingiriya', '604', '1', '2026-04-28 15:25:44'),
('400', '1', 'Kankesanthurai', '605', '1', '2026-04-28 15:25:44'),
('401', '1', 'Uda Dumbara', '606', '1', '2026-04-28 15:25:44'),
('402', '1', 'Panadura Bazaar', '607', '1', '2026-04-28 15:25:44'),
('403', '1', 'Kaduwela', '608', '1', '2026-04-28 15:25:44'),
('404', '1', 'Hikkaduwa', '609', '1', '2026-04-28 15:25:44'),
('405', '1', 'Pitigala', '610', '1', '2026-04-28 15:25:44'),
('406', '1', 'Kaluwanchikudy', '611', '1', '2026-04-28 15:25:44'),
('407', '1', 'Lake View', '612', '1', '2026-04-28 15:25:44'),
('408', '1', 'Akuressa', '613', '1', '2026-04-28 15:25:44'),
('409', '1', 'Matara City', '614', '1', '2026-04-28 15:25:44'),
('410', '1', 'Galagedera', '615', '1', '2026-04-28 15:25:44'),
('411', '1', 'Kataragama', '616', '1', '2026-04-28 15:25:44'),
('412', '1', 'Keselwatte', '617', '1', '2026-04-28 15:25:44'),
('413', '1', 'Metropolitan', '618', '1', '2026-04-28 15:25:44'),
('414', '1', 'Elpitiya', '619', '1', '2026-04-28 15:25:44'),
('415', '1', 'Kesbewa', '620', '1', '2026-04-28 15:25:44'),
('416', '1', 'Kebithigollawa', '621', '1', '2026-04-28 15:25:44'),
('417', '1', 'Kahatagasdigiliya', '622', '1', '2026-04-28 15:25:44'),
('418', '1', 'Kantale Bazaar', '623', '1', '2026-04-28 15:25:44'),
('419', '1', 'Trincomalee Bazaar', '624', '1', '2026-04-28 15:25:44'),
('420', '1', 'Katukurunda', '625', '1', '2026-04-28 15:25:44'),
('421', '1', 'Valachchenai', '626', '1', '2026-04-28 15:25:44'),
('422', '1', 'Regent Street', '627', '1', '2026-04-28 15:25:44'),
('423', '1', 'Grandpass', '628', '1', '2026-04-28 15:25:44'),
('424', '1', 'Koslanda', '629', '1', '2026-04-28 15:25:44'),
('425', '1', 'Chenkalady', '630', '1', '2026-04-28 15:25:44'),
('426', '1', 'Katubedda Campus', '631', '1', '2026-04-28 15:25:44'),
('427', '1', 'Kandapola', '633', '1', '2026-04-28 15:25:44'),
('428', '1', 'Dehiowita', '634', '1', '2026-04-28 15:25:44'),
('429', '1', 'Lake House', '636', '1', '2026-04-28 15:25:44'),
('430', '1', 'Nelliady', '638', '1', '2026-04-28 15:25:44'),
('431', '1', 'Rattota', '639', '1', '2026-04-28 15:25:44'),
('432', '1', 'Pallepola', '640', '1', '2026-04-28 15:25:44'),
('433', '1', 'Medirigiriya', '641', '1', '2026-04-28 15:25:44'),
('434', '1', 'Deraniyagala', '642', '1', '2026-04-28 15:25:44'),
('435', '1', 'Gonapola', '643', '1', '2026-04-28 15:25:44'),
('436', '1', 'Parliamentary Complex', '644', '1', '2026-04-28 15:25:44'),
('437', '1', 'Kalawana', '645', '1', '2026-04-28 15:25:44'),
('438', '1', 'Boralesgamuwa', '646', '1', '2026-04-28 15:25:44'),
('439', '1', 'Lunuwatte', '647', '1', '2026-04-28 15:25:44'),
('440', '1', 'Kattankudy', '648', '1', '2026-04-28 15:25:44'),
('441', '1', 'Kandy 2nd', '649', '1', '2026-04-28 15:25:44'),
('442', '1', 'Talatuoya', '650', '1', '2026-04-28 15:25:44'),
('443', '1', 'Bombuwela', '651', '1', '2026-04-28 15:25:44'),
('444', '1', 'Bakamuna', '652', '1', '2026-04-28 15:25:44'),
('445', '1', 'Galkiriyagama', '653', '1', '2026-04-28 15:25:44'),
('446', '1', 'Madatugama', '654', '1', '2026-04-28 15:25:44'),
('447', '1', 'Tambuttegama', '655', '1', '2026-04-28 15:25:44'),
('448', '1', 'Nochchiyagama', '656', '1', '2026-04-28 15:25:44'),
('449', '1', 'Agalawatta', '657', '1', '2026-04-28 15:25:44'),
('450', '1', 'Katunayake I.P.Z.', '658', '1', '2026-04-28 15:25:44'),
('451', '1', 'Gurugoda', '659', '1', '2026-04-28 15:25:44'),
('452', '1', 'Corporate', '660', '1', '2026-04-28 15:25:44'),
('453', '1', 'Baduraliya', '662', '1', '2026-04-28 15:25:44'),
('454', '1', 'Kotahena', '663', '1', '2026-04-28 15:25:44'),
('455', '1', 'Pothuhera', '664', '1', '2026-04-28 15:25:44'),
('456', '1', 'Bandaragama', '665', '1', '2026-04-28 15:25:44'),
('457', '1', 'Katugastota', '666', '1', '2026-04-28 15:25:44'),
('458', '1', 'Neluwa', '667', '1', '2026-04-28 15:25:44'),
('459', '1', 'Borella  2nd', '668', '1', '2026-04-28 15:25:44'),
('460', '1', 'Girandurukotte', '669', '1', '2026-04-28 15:25:44'),
('461', '1', 'Kollupitiya 2nd', '670', '1', '2026-04-28 15:25:44'),
('462', '1', 'Central Super Market', '672', '1', '2026-04-28 15:25:44'),
('463', '1', 'Bulathsinhala', '673', '1', '2026-04-28 15:25:44'),
('464', '1', 'Enderamulla', '674', '1', '2026-04-28 15:25:44'),
('465', '1', 'Nittambuwa', '675', '1', '2026-04-28 15:25:44'),
('466', '1', 'Kekirawa', '676', '1', '2026-04-28 15:25:44'),
('467', '1', 'Weliweriya', '677', '1', '2026-04-28 15:25:44'),
('468', '1', 'Padukka', '678', '1', '2026-04-28 15:25:44'),
('469', '1', 'Battaramulla', '679', '1', '2026-04-28 15:25:44'),
('470', '1', 'Aluthgama', '680', '1', '2026-04-28 15:25:44'),
('471', '1', 'Personal', '681', '1', '2026-04-28 15:25:44'),
('472', '1', 'Veyangoda', '682', '1', '2026-04-28 15:25:44'),
('473', '1', 'Ratnapura Bazaar', '684', '1', '2026-04-28 15:25:44'),
('474', '1', 'Ward Place', '685', '1', '2026-04-28 15:25:44'),
('475', '1', 'Dehiattakandiya', '686', '1', '2026-04-28 15:25:44'),
('476', '1', 'Raddolugama', '687', '1', '2026-04-28 15:25:44'),
('477', '1', 'Balangoda', '688', '1', '2026-04-28 15:25:44'),
('478', '1', 'Ratmalana', '689', '1', '2026-04-28 15:25:44'),
('479', '1', 'Pelawatta', '690', '1', '2026-04-28 15:25:44'),
('480', '1', 'Hakmana', '691', '1', '2026-04-28 15:25:44'),
('481', '1', 'Eppawala', '692', '1', '2026-04-28 15:25:44'),
('482', '1', 'Ruhunu Campus', '693', '1', '2026-04-28 15:25:44'),
('483', '1', 'Bogahakumbura', '699', '1', '2026-04-28 15:25:44'),
('484', '1', 'Dambagalla', '700', '1', '2026-04-28 15:25:44'),
('485', '1', 'Ella', '701', '1', '2026-04-28 15:25:44'),
('486', '1', 'Ethiliwewa', '702', '1', '2026-04-28 15:25:44'),
('487', '1', 'Keppetipola', '703', '1', '2026-04-28 15:25:44'),
('488', '1', 'Moneragala Town', '705', '1', '2026-04-28 15:25:44'),
('489', '1', 'Okkampitiya', '706', '1', '2026-04-28 15:25:44'),
('490', '1', 'Batuwatte', '708', '1', '2026-04-28 15:25:44'),
('491', '1', 'Bopitiya', '711', '1', '2026-04-28 15:25:44'),
('492', '1', 'Asiri Central', '713', '1', '2026-04-28 15:25:44'),
('493', '1', 'Katuwellegama Courtaulds Clothing Lanka (Pvt) Ltd', '714', '1', '2026-04-28 15:25:44'),
('494', '1', 'Dalugama', '715', '1', '2026-04-28 15:25:44'),
('495', '1', 'Delgoda', '716', '1', '2026-04-28 15:25:44'),
('496', '1', 'Fish Market Peliyagoda', '718', '1', '2026-04-28 15:25:44'),
('497', '1', 'Demanhandiya', '717', '1', '2026-04-28 15:25:44'),
('498', '1', 'Ganemulla', '720', '1', '2026-04-28 15:25:44'),
('499', '1', 'Gothatuwa', '721', '1', '2026-04-28 15:25:44'),
('500', '1', 'Mulleriyawa New Town', '723', '1', '2026-04-28 15:25:44'),
('501', '1', 'Katana', '722', '1', '2026-04-28 15:25:44'),
('502', '1', 'Naiwala', '724', '1', '2026-04-28 15:25:44'),
('503', '1', 'Meegalewa', '728', '1', '2026-04-28 15:25:44'),
('504', '1', 'Badulla City', '729', '1', '2026-04-28 15:25:44'),
('505', '1', 'Welimada', '730', '1', '2026-04-28 15:25:44'),
('506', '1', 'CEYBANK Credit card centre', '731', '1', '2026-04-28 15:25:44'),
('507', '1', 'Biyagama', '732', '1', '2026-04-28 15:25:44'),
('508', '1', 'Warapitiya', '733', '1', '2026-04-28 15:25:44'),
('509', '1', 'Kinniya', '735', '1', '2026-04-28 15:25:44'),
('510', '1', 'Piliyandala', '736', '1', '2026-04-28 15:25:44'),
('511', '1', 'Hanwella', '741', '1', '2026-04-28 15:25:44'),
('512', '1', 'Walapane', '743', '1', '2026-04-28 15:25:44'),
('513', '1', 'Walgama', '744', '1', '2026-04-28 15:25:44'),
('514', '1', 'Rajagiriya', '746', '1', '2026-04-28 15:25:44'),
('515', '1', 'Taprobane', '747', '1', '2026-04-28 15:25:44'),
('516', '1', 'Uragasmanhandiya', '748', '1', '2026-04-28 15:25:44'),
('517', '1', 'Karainagar', '749', '1', '2026-04-28 15:25:44'),
('518', '1', 'Koggala E.P.Z', '750', '1', '2026-04-28 15:25:44'),
('519', '1', 'Suriyawewa', '751', '1', '2026-04-28 15:25:44'),
('520', '1', 'Thihagoda', '752', '1', '2026-04-28 15:25:44'),
('521', '1', 'Udugama', '753', '1', '2026-04-28 15:25:44'),
('522', '1', 'Ahungalla', '754', '1', '2026-04-28 15:25:44'),
('523', '1', 'Athurugiriya', '757', '1', '2026-04-28 15:25:44'),
('524', '1', 'Treasury Division', '760', '1', '2026-04-28 15:25:44'),
('525', '1', 'Thirunelvely', '761', '1', '2026-04-28 15:25:44'),
('526', '1', 'Narahenpita', '762', '1', '2026-04-28 15:25:44'),
('527', '1', 'Malabe', '763', '1', '2026-04-28 15:25:44'),
('528', '1', 'Ragama', '764', '1', '2026-04-28 15:25:44'),
('529', '1', 'Pugoda', '765', '1', '2026-04-28 15:25:44'),
('530', '1', 'Mount Lavinia', '766', '1', '2026-04-28 15:25:44'),
('531', '1', 'Ranna', '767', '1', '2026-04-28 15:25:44'),
('532', '1', 'Alawathugoda', '768', '1', '2026-04-28 15:25:44'),
('533', '1', 'Yakkala', '769', '1', '2026-04-28 15:25:44'),
('534', '1', 'Ibbagamuwa', '770', '1', '2026-04-28 15:25:44'),
('535', '1', 'Kandana', '771', '1', '2026-04-28 15:25:44'),
('536', '1', 'Hemmathagama', '772', '1', '2026-04-28 15:25:44'),
('537', '1', 'Kottawa', '773', '1', '2026-04-28 15:25:44'),
('538', '1', 'Angunakolapelessa', '774', '1', '2026-04-28 15:25:44'),
('539', '1', 'Visakha', '775', '1', '2026-04-28 15:25:44'),
('540', '1', 'Islamic Banking Unit', '776', '1', '2026-04-28 15:25:44'),
('541', '1', 'Electronic Banking Unit', '777', '1', '2026-04-28 15:25:44'),
('542', '1', 'Atchuvely', '778', '1', '2026-04-28 15:25:44'),
('543', '1', 'Norchcholei', '779', '1', '2026-04-28 15:25:44'),
('544', '1', 'Kadawatha 2nd City', '780', '1', '2026-04-28 15:25:44'),
('545', '1', 'Teldeniya', '781', '1', '2026-04-28 15:25:44'),
('546', '1', 'Rambewa', '782', '1', '2026-04-28 15:25:44'),
('547', '1', 'Polpithigama', '783', '1', '2026-04-28 15:25:44'),
('548', '1', 'Deiyandara', '784', '1', '2026-04-28 15:25:44'),
('549', '1', 'Hali ela', '785', '1', '2026-04-28 15:25:44'),
('550', '1', 'Godakawela', '786', '1', '2026-04-28 15:25:44'),
('551', '1', 'Kopay', '787', '1', '2026-04-28 15:25:44'),
('552', '1', 'BOC premier', '788', '1', '2026-04-28 15:25:44'),
('553', '1', 'Makola', '789', '1', '2026-04-28 15:25:44'),
('554', '1', 'Eravur', '790', '1', '2026-04-28 15:25:44'),
('555', '1', 'Valvettithurai', '791', '1', '2026-04-28 15:25:44'),
('556', '1', 'Chankanai', '792', '1', '2026-04-28 15:25:44'),
('557', '1', 'Vavuniya City', '793', '1', '2026-04-28 15:25:44'),
('558', '1', 'Urumpirai', '794', '1', '2026-04-28 15:25:44'),
('559', '1', 'Boragas', '795', '1', '2026-04-28 15:25:44'),
('560', '1', 'Mattala Airport', '796', '1', '2026-04-28 15:25:44'),
('561', '1', 'Medawala', '797', '1', '2026-04-28 15:25:44'),
('562', '1', 'Thalduwa', '798', '1', '2026-04-28 15:25:44'),
('563', '1', 'Nelundeniya', '799', '1', '2026-04-28 15:25:44'),
('564', '1', 'Wanduramba', '800', '1', '2026-04-28 15:25:44'),
('565', '1', 'Provincial Council Complex, Pallakelle', '802', '1', '2026-04-28 15:25:44'),
('566', '1', 'Welioya-Sampath Nuwara', '803', '1', '2026-04-28 15:25:44'),
('567', '1', 'Vaddukoddai', '804', '1', '2026-04-28 15:25:44'),
('568', '1', 'Madawakkulama', '805', '1', '2026-04-28 15:25:44'),
('569', '1', 'Mahaoya', '806', '1', '2026-04-28 15:25:44'),
('570', '1', 'Bogaswewa', '808', '1', '2026-04-28 15:25:44'),
('571', '1', 'Kurunduwatte', '809', '1', '2026-04-28 15:25:44'),
('572', '1', 'Ethimale', '810', '1', '2026-04-28 15:25:44'),
('573', '1', 'Central Camp', '811', '1', '2026-04-28 15:25:44'),
('574', '1', 'Aladeniya', '812', '1', '2026-04-28 15:25:44'),
('575', '1', 'Kothalawala Defence University', '813', '1', '2026-04-28 15:25:44'),
('576', '1', 'Saliyawewa', '814', '1', '2026-04-28 15:25:44'),
('577', '1', 'Wahalkada', '815', '1', '2026-04-28 15:25:44'),
('578', '1', 'Pallebedda', '816', '1', '2026-04-28 15:25:44'),
('579', '1', 'Welikanda', '817', '1', '2026-04-28 15:25:44'),
('580', '1', 'Nagoda', '818', '1', '2026-04-28 15:25:44'),
('581', '1', 'Corporate 2nd', '822', '1', '2026-04-28 15:25:44'),
('582', '1', 'Head Office', '999', '1', '2026-04-28 15:25:44'),
('583', '11', 'Head Office', '001', '1', '2026-04-28 15:25:44'),
('584', '11', 'Colpetty', '002', '1', '2026-04-28 15:25:44'),
('585', '11', 'Wellawatte', '003', '1', '2026-04-28 15:25:44'),
('586', '11', 'Kiribathgoda', '004', '1', '2026-04-28 15:25:44'),
('587', '11', 'Kirullapone', '005', '1', '2026-04-28 15:25:44'),
('588', '11', 'Moratuwa', '006', '1', '2026-04-28 15:25:44'),
('589', '11', 'Rajagiriya', '007', '1', '2026-04-28 15:25:44'),
('590', '11', 'Pettah', '010', '1', '2026-04-28 15:25:44'),
('591', '11', 'Priority Banking Centre', '011', '1', '2026-04-28 15:25:44'),
('592', '12', 'Head Office', '000', '1', '2026-04-28 15:25:44'),
('593', '12', 'Cash Mgmt', '100', '1', '2026-04-28 15:25:44'),
('594', '13', 'Head Office', '000', '1', '2026-04-28 15:25:44'),
('595', '13', 'City Office', '002', '1', '2026-04-28 15:25:44'),
('596', '13', 'Foreign', '003', '1', '2026-04-28 15:25:44'),
('597', '13', 'Kandy', '004', '1', '2026-04-28 15:25:44'),
('598', '13', 'Galle Fort', '005', '1', '2026-04-28 15:25:44'),
('599', '13', 'Jaffna', '006', '1', '2026-04-28 15:25:44'),
('600', '13', 'Matara', '007', '1', '2026-04-28 15:25:44'),
('601', '13', 'Matale', '008', '1', '2026-04-28 15:25:44'),
('602', '13', 'Galewela', '009', '1', '2026-04-28 15:25:44'),
('603', '13', 'Wellawatte', '010', '1', '2026-04-28 15:25:44'),
('604', '13', 'Kollupitiya', '011', '1', '2026-04-28 15:25:44'),
('605', '13', 'Kotahena', '012', '1', '2026-04-28 15:25:44'),
('606', '13', 'Negombo', '013', '1', '2026-04-28 15:25:44'),
('607', '13', 'Hikkaduwa', '014', '1', '2026-04-28 15:25:44'),
('608', '13', 'Hingurakgoda', '015', '1', '2026-04-28 15:25:44'),
('609', '13', 'Kurunegala', '016', '1', '2026-04-28 15:25:44'),
('610', '13', 'Old Moor Street', '017', '1', '2026-04-28 15:25:44'),
('611', '13', 'Maharagama', '018', '1', '2026-04-28 15:25:44'),
('612', '13', 'Borella', '019', '1', '2026-04-28 15:25:44'),
('613', '13', 'Nugegoda', '020', '1', '2026-04-28 15:25:44'),
('614', '13', 'Kegalle', '021', '1', '2026-04-28 15:25:44'),
('615', '13', 'Narahenpita', '022', '1', '2026-04-28 15:25:44'),
('616', '13', 'Mutuwal', '023', '1', '2026-04-28 15:25:44'),
('617', '13', 'Pettah', '024', '1', '2026-04-28 15:25:44'),
('618', '13', 'Katunayake FTZ', '025', '1', '2026-04-28 15:25:44'),
('619', '13', 'Wennappuwa', '026', '1', '2026-04-28 15:25:44'),
('620', '13', 'Galle City', '027', '1', '2026-04-28 15:25:44'),
('621', '13', 'Koggala', '028', '1', '2026-04-28 15:25:44'),
('622', '13', 'Battaramulla', '029', '1', '2026-04-28 15:25:44'),
('623', '13', 'Embilipitiya', '030', '1', '2026-04-28 15:25:44'),
('624', '13', 'Kandana', '031', '1', '2026-04-28 15:25:44'),
('625', '13', 'Maradana', '032', '1', '2026-04-28 15:25:44'),
('626', '13', 'Minuwangoda', '033', '1', '2026-04-28 15:25:44'),
('627', '13', 'Nuwara Eliya', '034', '1', '2026-04-28 15:25:44'),
('628', '13', 'Akuressa', '035', '1', '2026-04-28 15:25:44'),
('629', '13', 'Kalutara', '036', '1', '2026-04-28 15:25:44'),
('630', '13', 'Trincomalee', '037', '1', '2026-04-28 15:25:44'),
('631', '13', 'Panchikawatte', '038', '1', '2026-04-28 15:25:44'),
('632', '13', 'Keyzer Street', '039', '1', '2026-04-28 15:25:44'),
('633', '13', 'Aluthgama', '040', '1', '2026-04-28 15:25:44'),
('634', '13', 'Panadura', '041', '1', '2026-04-28 15:25:44'),
('635', '13', 'Kaduwela', '042', '1', '2026-04-28 15:25:44'),
('636', '13', 'Chilaw', '043', '1', '2026-04-28 15:25:44'),
('637', '13', 'Gampaha', '044', '1', '2026-04-28 15:25:44'),
('638', '13', 'Katugastota', '045', '1', '2026-04-28 15:25:44'),
('639', '13', 'Ratmalana', '046', '1', '2026-04-28 15:25:44'),
('640', '13', 'Kirulapona', '047', '1', '2026-04-28 15:25:44'),
('641', '13', 'Union Place', '048', '1', '2026-04-28 15:25:44'),
('642', '13', 'Ratnapura', '049', '1', '2026-04-28 15:25:44'),
('643', '13', 'Colombo 07', '050', '1', '2026-04-28 15:25:44'),
('644', '13', 'Kuliyapitiya', '051', '1', '2026-04-28 15:25:44'),
('645', '13', 'Badulla', '052', '1', '2026-04-28 15:25:44'),
('646', '13', 'Anuradhapura', '053', '1', '2026-04-28 15:25:44'),
('647', '13', 'Dambulla', '054', '1', '2026-04-28 15:25:44'),
('648', '13', 'Nattandiya', '055', '1', '2026-04-28 15:25:44'),
('649', '13', 'Wattala', '056', '1', '2026-04-28 15:25:44'),
('650', '13', 'Grandpass', '057', '1', '2026-04-28 15:25:44'),
('651', '13', 'Dehiwala', '058', '1', '2026-04-28 15:25:44'),
('652', '13', 'Moratuwa', '059', '1', '2026-04-28 15:25:44'),
('653', '13', 'Narammala', '060', '1', '2026-04-28 15:25:44'),
('654', '13', 'Vavuniya', '061', '1', '2026-04-28 15:25:44'),
('655', '13', 'Rajagiriya', '062', '1', '2026-04-28 15:25:45'),
('656', '13', 'Ambalantota', '063', '1', '2026-04-28 15:25:45'),
('657', '13', 'Seeduwa', '064', '1', '2026-04-28 15:25:45'),
('658', '13', 'Nittambuwa', '065', '1', '2026-04-28 15:25:45'),
('659', '13', 'Mirigama', '066', '1', '2026-04-28 15:25:45'),
('660', '13', 'Kadawatha', '067', '1', '2026-04-28 15:25:45'),
('661', '13', 'Duplication Road', '068', '1', '2026-04-28 15:25:45'),
('662', '13', 'Kiribathgoda', '069', '1', '2026-04-28 15:25:45'),
('663', '13', 'Avissawella', '070', '1', '2026-04-28 15:25:45'),
('664', '13', 'Ekala  (CSP)', '071', '1', '2026-04-28 15:25:45'),
('665', '13', 'Pettah Main Street', '072', '1', '2026-04-28 15:25:45'),
('666', '13', 'Peradeniya  (CSP)', '073', '1', '2026-04-28 15:25:45'),
('667', '13', 'Kochchikade', '074', '1', '2026-04-28 15:25:45'),
('668', '13', 'Homagama', '075', '1', '2026-04-28 15:25:45'),
('669', '13', 'Horana', '076', '1', '2026-04-28 15:25:45'),
('670', '13', 'Piliyandala', '077', '1', '2026-04-28 15:25:45'),
('671', '13', 'Thalawathugoda (C.S.P.)', '078', '1', '2026-04-28 15:25:45'),
('672', '13', 'Mawanella', '079', '1', '2026-04-28 15:25:45'),
('673', '13', 'Bandarawela', '080', '1', '2026-04-28 15:25:45'),
('674', '13', 'Ja-Ela', '081', '1', '2026-04-28 15:25:45'),
('675', '13', 'Balangoda', '082', '1', '2026-04-28 15:25:45'),
('676', '13', 'Nikaweratiya', '083', '1', '2026-04-28 15:25:45'),
('677', '13', 'Bandaragama (C.S.P.)', '084', '1', '2026-04-28 15:25:45'),
('678', '13', 'Yakkala', '085', '1', '2026-04-28 15:25:45'),
('679', '13', 'Malabe (C.S.P.)', '086', '1', '2026-04-28 15:25:45'),
('680', '13', 'Kohuwala', '087', '1', '2026-04-28 15:25:45'),
('681', '13', 'Kaduruwela', '088', '1', '2026-04-28 15:25:45'),
('682', '13', 'Nawalapitiya', '089', '1', '2026-04-28 15:25:45'),
('683', '13', 'Mount Lavinia(C.S.P.)', '093', '1', '2026-04-28 15:25:45'),
('684', '13', 'Card Centre', '095', '1', '2026-04-28 15:25:45'),
('685', '13', 'Mathugama', '096', '1', '2026-04-28 15:25:45'),
('686', '13', 'Ambalangoda', '097', '1', '2026-04-28 15:25:45'),
('687', '13', 'Baddegama', '098', '1', '2026-04-28 15:25:45'),
('688', '13', 'Ampara', '100', '1', '2026-04-28 15:25:45'),
('689', '13', 'Nawala  (C.S.P.)', '101', '1', '2026-04-28 15:25:45'),
('690', '13', 'Gampola', '102', '1', '2026-04-28 15:25:45'),
('691', '13', 'Elpitiya', '103', '1', '2026-04-28 15:25:45'),
('692', '13', 'Kamburupitiya', '104', '1', '2026-04-28 15:25:45'),
('693', '13', 'Batticaloa', '105', '1', '2026-04-28 15:25:45'),
('694', '13', 'Bambalapitiya', '106', '1', '2026-04-28 15:25:45'),
('695', '13', 'Chunakkam', '107', '1', '2026-04-28 15:25:45'),
('696', '13', 'Nelliady', '108', '1', '2026-04-28 15:25:45'),
('697', '13', 'Pilimathalawa', '109', '1', '2026-04-28 15:25:45'),
('698', '13', 'Kekirawa', '110', '1', '2026-04-28 15:25:45'),
('699', '13', 'Deniyaya', '111', '1', '2026-04-28 15:25:45'),
('700', '13', 'Weligama', '112', '1', '2026-04-28 15:25:45'),
('701', '13', 'Baseline', '113', '1', '2026-04-28 15:25:45'),
('702', '13', 'Katubedda', '114', '1', '2026-04-28 15:25:45'),
('703', '13', 'Hatton', '115', '1', '2026-04-28 15:25:45'),
('704', '13', 'Reid Avenue', '116', '1', '2026-04-28 15:25:45'),
('705', '13', 'Pitakotte CSP', '117', '1', '2026-04-28 15:25:45'),
('706', '13', 'Negombo Extension Office', '118', '1', '2026-04-28 15:25:45'),
('707', '13', 'Kotikawatta', '119', '1', '2026-04-28 15:25:45'),
('708', '13', 'Monaragala', '120', '1', '2026-04-28 15:25:45'),
('709', '13', 'Kottawa', '121', '1', '2026-04-28 15:25:45'),
('710', '13', 'Kurunegala City Office', '122', '1', '2026-04-28 15:25:45'),
('711', '13', 'Tangalle', '123', '1', '2026-04-28 15:25:45'),
('712', '13', 'Tissamaharama', '124', '1', '2026-04-28 15:25:45'),
('713', '13', 'Neluwa', '125', '1', '2026-04-28 15:25:45'),
('714', '13', 'Chavakachcheri', '126', '1', '2026-04-28 15:25:45'),
('715', '13', 'Stanley Road, Jaffna', '127', '1', '2026-04-28 15:25:45'),
('716', '13', 'Warakapola', '128', '1', '2026-04-28 15:25:45'),
('717', '13', 'Udugama', '129', '1', '2026-04-28 15:25:45'),
('718', '13', 'Athurugiriya', '130', '1', '2026-04-28 15:25:45'),
('719', '13', 'Raddolugama', '131', '1', '2026-04-28 15:25:45'),
('720', '13', 'Boralesgamuwa CSP', '132', '1', '2026-04-28 15:25:45'),
('721', '13', 'Kahawatta', '133', '1', '2026-04-28 15:25:45'),
('722', '13', 'Delkanda', '134', '1', '2026-04-28 15:25:45'),
('723', '13', 'karapitiya', '135', '1', '2026-04-28 15:25:45'),
('724', '13', 'Welimada', '136', '1', '2026-04-28 15:25:45'),
('725', '13', 'Mahiyanganaya', '137', '1', '2026-04-28 15:25:45'),
('726', '13', 'Kalawana', '138', '1', '2026-04-28 15:25:45'),
('727', '13', 'Kirindiwela', '139', '1', '2026-04-28 15:25:45'),
('728', '13', 'Digana', '140', '1', '2026-04-28 15:25:45'),
('729', '13', 'Polgahawela', '141', '1', '2026-04-28 15:25:45'),
('730', '13', 'Boralesgamuwa', '142', '1', '2026-04-28 15:25:45'),
('731', '13', 'Hanwella', '143', '1', '2026-04-28 15:25:45'),
('732', '13', 'Pannala', '144', '1', '2026-04-28 15:25:45'),
('733', '13', 'Ward Place', '145', '1', '2026-04-28 15:25:45'),
('734', '13', 'Wadduwa', '146', '1', '2026-04-28 15:25:45'),
('735', '13', 'Biyagama', '147', '1', '2026-04-28 15:25:45'),
('736', '13', 'Puttlam', '148', '1', '2026-04-28 15:25:45'),
('737', '13', 'Pelmadulla', '149', '1', '2026-04-28 15:25:45'),
('738', '13', 'Kandy City office', '150', '1', '2026-04-28 15:25:45'),
('739', '13', 'Matara City office', '151', '1', '2026-04-28 15:25:45'),
('740', '13', 'Kalmunai', '152', '1', '2026-04-28 15:25:45'),
('741', '13', 'Manipay', '153', '1', '2026-04-28 15:25:45'),
('742', '13', 'Mannar', '154', '1', '2026-04-28 15:25:45'),
('743', '13', 'Kilinochchi', '155', '1', '2026-04-28 15:25:45'),
('744', '13', 'Atchchuvely', '156', '1', '2026-04-28 15:25:45'),
('745', '13', 'Thirunelvely', '157', '1', '2026-04-28 15:25:45'),
('746', '13', 'Eheliyagoda', '158', '1', '2026-04-28 15:25:45'),
('747', '13', 'Valachchenai', '159', '1', '2026-04-28 15:25:45'),
('748', '13', 'Wellawaya', '160', '1', '2026-04-28 15:25:45'),
('749', '13', 'Mawathagama', '161', '1', '2026-04-28 15:25:45'),
('750', '13', 'Thambuttegama', '162', '1', '2026-04-28 15:25:45'),
('751', '13', 'Ruwanwella', '163', '1', '2026-04-28 15:25:45'),
('752', '13', 'Dankotuwa', '164', '1', '2026-04-28 15:25:45'),
('753', '13', 'Peliyagoda CSP', '165', '1', '2026-04-28 15:25:45'),
('754', '13', 'Hambantota', '166', '1', '2026-04-28 15:25:45'),
('755', '13', 'Katubedda CSP', '167', '1', '2026-04-28 15:25:45'),
('756', '13', 'Chenkalady', '168', '1', '2026-04-28 15:25:45'),
('757', '13', 'Priority Banking Centre', '169', '1', '2026-04-28 15:25:45'),
('758', '13', 'Velanai', '170', '1', '2026-04-28 15:25:45'),
('759', '13', 'Vavuniya Extension Office', '171', '1', '2026-04-28 15:25:45'),
('760', '13', 'Akkaraipattu', '172', '1', '2026-04-28 15:25:45'),
('761', '13', 'Kataragama', '173', '1', '2026-04-28 15:25:45'),
('762', '13', 'Wariyapola', '174', '1', '2026-04-28 15:25:45'),
('763', '13', 'Kuruwita', '175', '1', '2026-04-28 15:25:45'),
('764', '13', 'Middeniya', '176', '1', '2026-04-28 15:25:45'),
('765', '13', 'Ganemulla', '177', '1', '2026-04-28 15:25:45'),
('766', '13', 'World Trade Centre', '178', '1', '2026-04-28 15:25:45'),
('767', '13', 'Wellawatte 2nd', '179', '1', '2026-04-28 15:25:45'),
('768', '13', 'Divulapitiya', '180', '1', '2026-04-28 15:25:45'),
('769', '13', 'Beliatta', '181', '1', '2026-04-28 15:25:45'),
('770', '13', 'Giriulla', '182', '1', '2026-04-28 15:25:45'),
('771', '13', 'Marawila', '183', '1', '2026-04-28 15:25:45'),
('772', '13', 'Thalawakelle', '184', '1', '2026-04-28 15:25:45'),
('773', '13', 'Anuradhapura New Town', '185', '1', '2026-04-28 15:25:45'),
('774', '13', 'Passara', '186', '1', '2026-04-28 15:25:45'),
('775', '13', 'Padukka', '187', '1', '2026-04-28 15:25:45'),
('776', '13', 'Alawwa', '188', '1', '2026-04-28 15:25:45'),
('777', '13', 'Panadura Second', '189', '1', '2026-04-28 15:25:45'),
('778', '13', 'Katunayake 24/7 Centre', '190', '1', '2026-04-28 15:25:45'),
('779', '13', 'Kattankudy', '193', '1', '2026-04-28 15:25:45'),
('780', '13', 'Pottuvil', '194', '1', '2026-04-28 15:25:45'),
('781', '13', 'Maskeliya', '195', '1', '2026-04-28 15:25:45'),
('782', '13', 'Liberty Plaza CSP', '196', '1', '2026-04-28 15:25:45'),
('783', '13', 'Godakawela CSP', '197', '1', '2026-04-28 15:25:45'),
('784', '13', 'Kodikamam', '198', '1', '2026-04-28 15:25:45'),
('785', '13', 'Makola', '199', '1', '2026-04-28 15:25:45'),
('786', '13', 'Medawachchiya', '200', '1', '2026-04-28 15:25:45'),
('787', '13', 'SLIC- CSP', '204', '1', '2026-04-28 15:25:45'),
('788', '13', 'Palavi', '206', '1', '2026-04-28 15:25:45'),
('789', '13', 'Nawala (Minicom)', '208', '1', '2026-04-28 15:25:45'),
('790', '13', 'Maharagama Minicom', '209', '1', '2026-04-28 15:25:45'),
('791', '13', 'Moratuwa Minicom', '210', '1', '2026-04-28 15:25:45'),
('792', '13', 'Union Place (Keells Super) Branch', '211', '1', '2026-04-28 15:25:45'),
('793', '13', 'Kurunegala Service Point', '212', '1', '2026-04-28 15:25:45'),
('794', '13', 'Ratnapura (Laugfs Super)', '213', '1', '2026-04-28 15:25:45'),
('795', '13', 'Ramanayake Mawatha', '216', '1', '2026-04-28 15:25:45'),
('796', '13', 'Kirulapone Minicom', '217', '1', '2026-04-28 15:25:45'),
('797', '13', 'Gampaha (Minicom)', '218', '1', '2026-04-28 15:25:45'),
('798', '13', 'Akurana Service Point', '219', '1', '2026-04-28 15:25:45'),
('799', '13', 'Beruwala CSP', '220', '1', '2026-04-28 15:25:45'),
('800', '13', 'Ragama', '221', '1', '2026-04-28 15:25:45'),
('801', '13', 'Matara Minicom Centre', '222', '1', '2026-04-28 15:25:45'),
('802', '13', 'Panadura CSP', '223', '1', '2026-04-28 15:25:45'),
('803', '13', 'Horana Service Point', '224', '1', '2026-04-28 15:25:45'),
('804', '13', 'Wattala Minicom', '225', '1', '2026-04-28 15:25:45'),
('805', '13', 'Bokundara CSP', '226', '1', '2026-04-28 15:25:45'),
('806', '13', 'Katukurunda CSP', '227', '1', '2026-04-28 15:25:45'),
('807', '13', 'Weliweria', '228', '1', '2026-04-28 15:25:45'),
('808', '13', 'Mulliyawalai', '229', '1', '2026-04-28 15:25:45'),
('809', '13', 'Ja - Ela (Minicom)', '230', '1', '2026-04-28 15:25:45'),
('810', '13', 'Attidiya', '231', '1', '2026-04-28 15:25:45'),
('811', '13', 'Hulftsdorp', '232', '1', '2026-04-28 15:25:45'),
('812', '13', 'Rajagiriya (Keells Super)', '233', '1', '2026-04-28 15:25:45'),
('813', '13', 'Kadawatha (Arpico Super)', '234', '1', '2026-04-28 15:25:45'),
('814', '13', 'Urubokka', '236', '1', '2026-04-28 15:25:45'),
('815', '13', 'Colombo Gold Centre', '237', '1', '2026-04-28 15:25:45'),
('816', '13', 'Nawinna (Arpico Super)', '238', '1', '2026-04-28 15:25:45'),
('817', '13', 'Chankanai', '239', '1', '2026-04-28 15:25:45'),
('818', '13', 'Batapola', '240', '1', '2026-04-28 15:25:45'),
('819', '13', 'Nochchiyagama', '241', '1', '2026-04-28 15:25:45'),
('820', '13', 'Batticaloa Second', '242', '1', '2026-04-28 15:25:45'),
('821', '13', 'Badulla Second', '244', '1', '2026-04-28 15:25:45'),
('822', '13', 'Katugastota (Minicom)', '245', '1', '2026-04-28 15:25:45'),
('823', '13', 'Wattgama', '246', '1', '2026-04-28 15:25:45'),
('824', '13', 'Bandarawatta (Laugfs Super)', '247', '1', '2026-04-28 15:25:45'),
('825', '13', 'Wennapuwa (Arpico) Super', '248', '1', '2026-04-28 15:25:45'),
('826', '13', 'BIA Counter', '249', '1', '2026-04-28 15:25:45'),
('827', '13', 'Veyangoda', '250', '1', '2026-04-28 15:25:45'),
('828', '13', 'Dehiwala Arpico Super Centre', '251', '1', '2026-04-28 15:25:45'),
('829', '13', 'Batharamulla Arpico Super Centre', '252', '1', '2026-04-28 15:25:45'),
('830', '13', 'Hydepark Arpico Service Center', '253', '1', '2026-04-28 15:25:45'),
('831', '13', 'Anniwatte CSP', '254', '1', '2026-04-28 15:25:45'),
('832', '13', 'Kundasale', '255', '1', '2026-04-28 15:25:45'),
('833', '13', 'Negambo Arpico Super Centre', '256', '1', '2026-04-28 15:25:45'),
('834', '13', 'Kiribathgoda Service Point', '257', '1', '2026-04-28 15:25:45'),
('835', '13', 'Holiday Banking Centre - Majestic City', '258', '1', '2026-04-28 15:25:45'),
('836', '13', 'Nawam Mawatha', '259', '1', '2026-04-28 15:25:45'),
('837', '13', 'Wattala Arpico Super Center', '260', '1', '2026-04-28 15:25:45'),
('838', '13', 'Nittambuwa CSP', '261', '1', '2026-04-28 15:25:45'),
('839', '13', 'Pelawatte CSP', '262', '1', '2026-04-28 15:25:45'),
('840', '13', 'Handala (Minicom)', '264', '1', '2026-04-28 15:25:45'),
('841', '13', 'Gelioya Service Point', '265', '1', '2026-04-28 15:25:45'),
('842', '13', 'Kohuwala Service Point', '266', '1', '2026-04-28 15:25:45'),
('843', '13', 'Kalutara (Arpico Super)', '267', '1', '2026-04-28 15:25:45'),
('844', '13', 'Mattegoda (Laugfs Super)', '268', '1', '2026-04-28 15:25:45'),
('845', '13', 'Delgoda Laugfs Super', '269', '1', '2026-04-28 15:25:45'),
('846', '13', 'Orion City ABC', '270', '1', '2026-04-28 15:25:45'),
('847', '13', 'Galle Main Street', '271', '1', '2026-04-28 15:25:45'),
('848', '13', 'Kilinochchi Minicom', '272', '1', '2026-04-28 15:25:45'),
('849', '13', 'Point Pedro', '274', '1', '2026-04-28 15:25:45'),
('850', '13', 'Kelaniya', '275', '1', '2026-04-28 15:25:45'),
('851', '13', 'Deiyandara', '276', '1', '2026-04-28 15:25:45'),
('852', '13', 'Morawaka', '277', '1', '2026-04-28 15:25:45'),
('853', '13', 'Rambukkana', '278', '1', '2026-04-28 15:25:45'),
('854', '13', 'Katana', '279', '1', '2026-04-28 15:25:45'),
('855', '13', 'Bopitiya', '280', '1', '2026-04-28 15:25:45'),
('856', '13', 'Yatiyantota', '281', '1', '2026-04-28 15:25:45'),
('857', '13', 'Kolonnawa', '282', '1', '2026-04-28 15:25:45'),
('858', '13', 'Islamic Banking Unit', '901', '1', '2026-04-28 15:25:45'),
('859', '14', 'Habib Bank Ltd', '000', '1', '2026-04-28 15:25:45'),
('860', '14', 'Pettah', '001', '1', '2026-04-28 15:25:45'),
('861', '14', 'Dharmapala Mawatha', '002', '1', '2026-04-28 15:25:45'),
('862', '14', 'Kalmunai', '003', '1', '2026-04-28 15:25:45'),
('863', '14', 'Kandy', '005', '1', '2026-04-28 15:25:45'),
('864', '14', 'Galle', '006', '1', '2026-04-28 15:25:45'),
('865', '14', 'Wellawatte', '007', '1', '2026-04-28 15:25:45'),
('866', '14', 'Islamic Banking', '021', '1', '2026-04-28 15:25:45'),
('867', '14', 'Head Office', '999', '1', '2026-04-28 15:25:45'),
('868', '15', 'Aluthkade', '001', '1', '2026-04-28 15:25:45'),
('869', '15', 'City Office', '002', '1', '2026-04-28 15:25:45'),
('870', '15', 'Head Office', '003', '1', '2026-04-28 15:25:45'),
('871', '15', 'Green Path', '005', '1', '2026-04-28 15:25:45'),
('872', '15', 'Maligawatta', '006', '1', '2026-04-28 15:25:45'),
('873', '15', 'Pettah', '007', '1', '2026-04-28 15:25:45'),
('874', '15', 'Wellawatta', '009', '1', '2026-04-28 15:25:45'),
('875', '15', 'Anuradhapura', '010', '1', '2026-04-28 15:25:45'),
('876', '15', 'Badulla', '011', '1', '2026-04-28 15:25:45'),
('877', '15', 'Bandarawela', '012', '1', '2026-04-28 15:25:45'),
('878', '15', 'Galle', '013', '1', '2026-04-28 15:25:45'),
('879', '15', 'Gampola', '014', '1', '2026-04-28 15:25:45'),
('880', '15', 'Hatton', '015', '1', '2026-04-28 15:25:45'),
('881', '15', 'Jaffna Metro', '016', '1', '2026-04-28 15:25:45'),
('882', '15', 'Kahawatte', '017', '1', '2026-04-28 15:25:45'),
('883', '15', 'Kandy', '018', '1', '2026-04-28 15:25:45'),
('884', '15', 'Kurunegala', '019', '1', '2026-04-28 15:25:45'),
('885', '15', 'Mannar', '020', '1', '2026-04-28 15:25:45'),
('886', '15', 'Maskeliya', '021', '1', '2026-04-28 15:25:45'),
('887', '15', 'Moratuwa', '022', '1', '2026-04-28 15:25:45'),
('888', '15', 'Nawalapitiya', '023', '1', '2026-04-28 15:25:45'),
('889', '15', 'Negombo', '024', '1', '2026-04-28 15:25:45'),
('890', '15', 'Nittambuwa', '025', '1', '2026-04-28 15:25:45'),
('891', '15', 'Nochchiyagama', '026', '1', '2026-04-28 15:25:45'),
('892', '15', 'Nugegoda', '027', '1', '2026-04-28 15:25:45'),
('893', '15', 'Nuwara Eliya', '028', '1', '2026-04-28 15:25:45'),
('894', '15', 'Pussellawa', '029', '1', '2026-04-28 15:25:45'),
('895', '15', 'Ratnapura', '030', '1', '2026-04-28 15:25:45'),
('896', '15', 'Trincomalee', '031', '1', '2026-04-28 15:25:45'),
('897', '15', 'Vavuniya', '032', '1', '2026-04-28 15:25:45'),
('898', '15', 'Welimada', '033', '1', '2026-04-28 15:25:45'),
('899', '15', 'Kalutara', '034', '1', '2026-04-28 15:25:45'),
('900', '15', 'Wattala', '035', '1', '2026-04-28 15:25:45'),
('901', '15', 'Rajagiriya', '036', '1', '2026-04-28 15:25:45'),
('902', '15', 'Piliyandala', '038', '1', '2026-04-28 15:25:45'),
('903', '15', 'Bambalapitiya', '039', '1', '2026-04-28 15:25:45'),
('904', '15', 'Chilaw', '040', '1', '2026-04-28 15:25:45'),
('905', '15', 'Kegalle', '041', '1', '2026-04-28 15:25:45'),
('906', '15', 'Matara', '042', '1', '2026-04-28 15:25:45'),
('907', '15', 'Kirulapone', '043', '1', '2026-04-28 15:25:45'),
('908', '15', 'Polonnaruwa', '044', '1', '2026-04-28 15:25:45'),
('909', '15', 'Ambalantota', '045', '1', '2026-04-28 15:25:45'),
('910', '15', 'Grandpass', '046', '1', '2026-04-28 15:25:45'),
('911', '15', 'Biyagama', '047', '1', '2026-04-28 15:25:45'),
('912', '15', 'Dambulla', '048', '1', '2026-04-28 15:25:45'),
('913', '15', 'Katunayake', '049', '1', '2026-04-28 15:25:45'),
('914', '15', 'Embilipitiya', '050', '1', '2026-04-28 15:25:45'),
('915', '15', 'Gampaha', '051', '1', '2026-04-28 15:25:45'),
('916', '15', 'Horana', '052', '1', '2026-04-28 15:25:45'),
('917', '15', 'Monaragala', '053', '1', '2026-04-28 15:25:45'),
('918', '15', 'International Division', '054', '1', '2026-04-28 15:25:45'),
('919', '15', 'Borella', '055', '1', '2026-04-28 15:25:45'),
('920', '15', 'Kiribathgoda', '056', '1', '2026-04-28 15:25:45'),
('921', '15', 'Batticaloa', '057', '1', '2026-04-28 15:25:45'),
('922', '15', 'Ampara', '058', '1', '2026-04-28 15:25:45'),
('923', '15', 'Panchikawatta', '059', '1', '2026-04-28 15:25:45'),
('924', '15', 'Bogawanthalawa', '060', '1', '2026-04-28 15:25:45'),
('925', '15', 'Mount Lavinia', '061', '1', '2026-04-28 15:25:45'),
('926', '15', 'Hulftsdorp', '063', '1', '2026-04-28 15:25:45'),
('927', '15', 'Maharagama', '064', '1', '2026-04-28 15:25:45'),
('928', '15', 'Matale', '065', '1', '2026-04-28 15:25:45'),
('929', '15', 'Pinnawala', '066', '1', '2026-04-28 15:25:45'),
('930', '15', 'Suriyawewa', '067', '1', '2026-04-28 15:25:45'),
('931', '15', 'Hambantota', '068', '1', '2026-04-28 15:25:45'),
('932', '15', 'Panadura', '069', '1', '2026-04-28 15:25:45'),
('933', '15', 'Dankotuwa', '070', '1', '2026-04-28 15:25:45'),
('934', '15', 'Balangoda', '071', '1', '2026-04-28 15:25:45'),
('935', '15', 'Sea Street', '072', '1', '2026-04-28 15:25:45'),
('936', '15', 'Moratumulla', '073', '1', '2026-04-28 15:25:45'),
('937', '15', 'Kuliyapitiya', '074', '1', '2026-04-28 15:25:45'),
('938', '15', 'Buttala', '075', '1', '2026-04-28 15:25:45'),
('939', '15', 'Cinnamon Gardens', '076', '1', '2026-04-28 15:25:45'),
('940', '15', 'Homagama', '077', '1', '2026-04-28 15:25:45'),
('941', '15', 'Akkaraipattu', '078', '1', '2026-04-28 15:25:45'),
('942', '15', 'Marandagahamula', '079', '1', '2026-04-28 15:25:45'),
('943', '15', 'Marawila', '080', '1', '2026-04-28 15:25:45'),
('944', '15', 'Ambalangoda', '081', '1', '2026-04-28 15:25:45'),
('945', '15', 'Kaduwela', '082', '1', '2026-04-28 15:25:45'),
('946', '15', 'Puttalam', '083', '1', '2026-04-28 15:25:45'),
('947', '15', 'Kadawatha', '084', '1', '2026-04-28 15:25:45'),
('948', '15', 'Talangama', '085', '1', '2026-04-28 15:25:45'),
('949', '15', 'Tangalle', '086', '1', '2026-04-28 15:25:45'),
('950', '15', 'Ja-Ela', '087', '1', '2026-04-28 15:25:45'),
('951', '15', 'Thambuttegama', '088', '1', '2026-04-28 15:25:45'),
('952', '15', 'Mawanella', '089', '1', '2026-04-28 15:25:45'),
('953', '15', 'Tissamaharama', '090', '1', '2026-04-28 15:25:45'),
('954', '15', 'Kalmunai', '091', '1', '2026-04-28 15:25:45'),
('955', '15', 'Thimbirigasyaya', '092', '1', '2026-04-28 15:25:45'),
('956', '15', 'Dehiwala', '093', '1', '2026-04-28 15:25:45'),
('957', '15', 'Minuwangoda', '094', '1', '2026-04-28 15:25:45'),
('958', '15', 'Kantale', '095', '1', '2026-04-28 15:25:45'),
('959', '15', 'Kotahena', '096', '1', '2026-04-28 15:25:45'),
('960', '15', 'Mutwal', '097', '1', '2026-04-28 15:25:45'),
('961', '15', 'Kottawa', '098', '1', '2026-04-28 15:25:45'),
('962', '15', 'Kirindiwela', '099', '1', '2026-04-28 15:25:46'),
('963', '15', 'Katugastota', '100', '1', '2026-04-28 15:25:46'),
('964', '15', 'Pelmadulla', '101', '1', '2026-04-28 15:25:46'),
('965', '15', 'Ragama', '102', '1', '2026-04-28 15:25:46'),
('966', '15', 'Dematagoda', '103', '1', '2026-04-28 15:25:46'),
('967', '15', 'Narahenpita', '104', '1', '2026-04-28 15:25:46'),
('968', '15', 'Treasury Division', '105', '1', '2026-04-28 15:25:46'),
('969', '15', 'Wellawaya', '106', '1', '2026-04-28 15:25:46'),
('970', '15', 'Elpitiya', '107', '1', '2026-04-28 15:25:46'),
('971', '15', 'Maradana', '108', '1', '2026-04-28 15:25:46'),
('972', '15', 'Aluthgama', '109', '1', '2026-04-28 15:25:46'),
('973', '15', 'Wennappuwa', '110', '1', '2026-04-28 15:25:46'),
('974', '15', 'Avissawella', '111', '1', '2026-04-28 15:25:46'),
('975', '15', 'Boralesgamuwa', '112', '1', '2026-04-28 15:25:46'),
('976', '15', 'Card Centre', '113', '1', '2026-04-28 15:25:46'),
('977', '15', 'Central Colombo', '114', '1', '2026-04-28 15:25:46'),
('978', '15', 'Kollupitiya', '115', '1', '2026-04-28 15:25:46'),
('979', '15', 'Chunnakam', '117', '1', '2026-04-28 15:25:46'),
('980', '15', 'Nelliady', '118', '1', '2026-04-28 15:25:46'),
('981', '15', 'Kandana', '119', '1', '2026-04-28 15:25:46'),
('982', '15', 'Deniyaya Customer Centre', '120', '1', '2026-04-28 15:25:46'),
('983', '15', 'Nikaweratiya', '121', '1', '2026-04-28 15:25:46'),
('984', '15', 'Delgoda', '122', '1', '2026-04-28 15:25:46'),
('985', '15', 'Alawwa', '123', '1', '2026-04-28 15:25:46'),
('986', '15', 'Mahiyanganaya', '124', '1', '2026-04-28 15:25:46'),
('987', '15', 'Mathugama', '125', '1', '2026-04-28 15:25:46'),
('988', '15', 'Warakapola', '126', '1', '2026-04-28 15:25:46'),
('989', '15', 'Middeniya', '127', '1', '2026-04-28 15:25:46'),
('990', '15', 'Galgamuwa', '128', '1', '2026-04-28 15:25:46'),
('991', '15', 'Kohuwela', '129', '1', '2026-04-28 15:25:46'),
('992', '15', 'Weliweriya', '130', '1', '2026-04-28 15:25:46'),
('993', '15', 'Hendala', '131', '1', '2026-04-28 15:25:46'),
('994', '15', 'Point Pedro', '132', '1', '2026-04-28 15:25:46'),
('995', '15', 'Norochchole', '133', '1', '2026-04-28 15:25:46'),
('996', '15', 'Thirukovil', '134', '1', '2026-04-28 15:25:46'),
('997', '15', 'Eravur', '135', '1', '2026-04-28 15:25:46'),
('998', '15', 'Ganemulla', '136', '1', '2026-04-28 15:25:46'),
('999', '15', 'Chavakachcheri', '137', '1', '2026-04-28 15:25:46'),
('1000', '15', 'Kelaniya', '138', '1', '2026-04-28 15:25:46'),
('1001', '15', 'Hanwella', '139', '1', '2026-04-28 15:25:46'),
('1002', '15', 'Padukka', '140', '1', '2026-04-28 15:25:46'),
('1003', '15', 'Pilimatalawa', '141', '1', '2026-04-28 15:25:46'),
('1004', '15', 'Thalawathugoda', '142', '1', '2026-04-28 15:25:46'),
('1005', '15', 'Medawachchiya', '143', '1', '2026-04-28 15:25:46'),
('1006', '15', 'Thirunelvely', '144', '1', '2026-04-28 15:25:46'),
('1007', '15', 'Negombo Metro', '145', '1', '2026-04-28 15:25:46'),
('1008', '15', 'Kilinochchi South', '146', '1', '2026-04-28 15:25:46'),
('1009', '15', 'Nawala', '147', '1', '2026-04-28 15:25:46'),
('1010', '15', 'Giriulla', '148', '1', '2026-04-28 15:25:46'),
('1011', '15', 'Galewela', '149', '1', '2026-04-28 15:25:46'),
('1012', '15', 'Manipay', '150', '1', '2026-04-28 15:25:46'),
('1013', '15', 'Akuressa', '151', '1', '2026-04-28 15:25:46'),
('1014', '15', 'Hettipola', '152', '1', '2026-04-28 15:25:46'),
('1015', '15', 'Wariyapola', '153', '1', '2026-04-28 15:25:46'),
('1016', '15', 'Athurugiriya', '154', '1', '2026-04-28 15:25:46'),
('1017', '15', 'Kochchikade', '155', '1', '2026-04-28 15:25:46'),
('1018', '15', 'Malabe', '156', '1', '2026-04-28 15:25:46'),
('1019', '15', 'Chankanai', '157', '1', '2026-04-28 15:25:46'),
('1020', '15', 'Pottuvil', '158', '1', '2026-04-28 15:25:46'),
('1021', '15', 'Ninthavur', '159', '1', '2026-04-28 15:25:46'),
('1022', '15', 'Beruwela', '160', '1', '2026-04-28 15:25:46'),
('1023', '15', 'Velanai', '161', '1', '2026-04-28 15:25:46'),
('1024', '15', 'Rikillagaskada', '162', '1', '2026-04-28 15:25:46'),
('1025', '15', 'Yakkala', '163', '1', '2026-04-28 15:25:46'),
('1026', '15', 'Thandenweli', '164', '1', '2026-04-28 15:25:46'),
('1027', '15', 'Kaluwanchikudy', '165', '1', '2026-04-28 15:25:46'),
('1028', '15', 'Pugoda', '166', '1', '2026-04-28 15:25:46'),
('1029', '15', 'Valachchenai', '167', '1', '2026-04-28 15:25:46'),
('1030', '15', 'Madampe', '168', '1', '2026-04-28 15:25:46'),
('1031', '15', 'Kinniya', '169', '1', '2026-04-28 15:25:46'),
('1032', '15', 'Siyabalanduwa', '170', '1', '2026-04-28 15:25:46'),
('1033', '15', 'Udappuwa', '171', '1', '2026-04-28 15:25:46'),
('1034', '15', 'Nanattan', '172', '1', '2026-04-28 15:25:46'),
('1035', '15', 'Ginigathhena', '173', '1', '2026-04-28 15:25:46'),
('1036', '15', 'Mullipothanai', '174', '1', '2026-04-28 15:25:46'),
('1037', '15', 'Uppuvelli', '175', '1', '2026-04-28 15:25:46'),
('1038', '15', 'Digana', '176', '1', '2026-04-28 15:25:46'),
('1039', '15', 'Anamaduwa', '177', '1', '2026-04-28 15:25:46'),
('1040', '15', 'Dikwella', '178', '1', '2026-04-28 15:25:46'),
('1041', '15', 'Medirigiriya', '179', '1', '2026-04-28 15:25:46'),
('1042', '15', 'Mirigama', '180', '1', '2026-04-28 15:25:46'),
('1043', '15', 'Padavi Parakramapura', '181', '1', '2026-04-28 15:25:46'),
('1044', '15', 'Uhana', '182', '1', '2026-04-28 15:25:46'),
('1045', '15', 'Mullativu', '183', '1', '2026-04-28 15:25:46'),
('1046', '15', 'Karaitive', '184', '1', '2026-04-28 15:25:46'),
('1047', '15', 'Maruthamunai', '185', '1', '2026-04-28 15:25:46'),
('1048', '15', 'Serunuwara', '186', '1', '2026-04-28 15:25:46'),
('1049', '15', 'Pitigala', '187', '1', '2026-04-28 15:25:46'),
('1050', '15', 'Kundasale', '188', '1', '2026-04-28 15:25:46'),
('1051', '15', 'Atchchuvely', '189', '1', '2026-04-28 15:25:46'),
('1052', '15', 'Kodikamam', '190', '1', '2026-04-28 15:25:46'),
('1053', '15', 'Muthur', '191', '1', '2026-04-28 15:25:46'),
('1054', '15', 'Kallady', '192', '1', '2026-04-28 15:25:46'),
('1055', '15', 'Aralaganwila', '193', '1', '2026-04-28 15:25:46'),
('1056', '15', 'Kolonnawa', '194', '1', '2026-04-28 15:25:46'),
('1057', '15', 'Killinochchi North', '195', '1', '2026-04-28 15:25:46'),
('1058', '15', 'Dehiattakandiya', '196', '1', '2026-04-28 15:25:46'),
('1059', '15', 'Kalawana', '197', '1', '2026-04-28 15:25:46'),
('1060', '15', 'Galaha', '198', '1', '2026-04-28 15:25:46'),
('1061', '15', 'Urubokka', '199', '1', '2026-04-28 15:25:46'),
('1062', '15', 'Hakmana', '200', '1', '2026-04-28 15:25:46'),
('1063', '15', 'Bandaragama', '201', '1', '2026-04-28 15:25:46'),
('1064', '15', 'Hikkaduwa', '202', '1', '2026-04-28 15:25:46'),
('1065', '15', 'Wadduwa', '203', '1', '2026-04-28 15:25:46'),
('1066', '15', 'Mirihana', '204', '1', '2026-04-28 15:25:46'),
('1067', '15', 'Mulliyawalai', '205', '1', '2026-04-28 15:25:46'),
('1068', '15', 'Kurumankadu', '206', '1', '2026-04-28 15:25:46'),
('1069', '15', 'Jampettah Street', '207', '1', '2026-04-28 15:25:46'),
('1070', '15', 'Ratmalana', '208', '1', '2026-04-28 15:25:46'),
('1071', '15', 'Seeduwa', '209', '1', '2026-04-28 15:25:46'),
('1072', '15', 'Pamunugama', '210', '1', '2026-04-28 15:25:46'),
('1073', '15', 'Kattankudy', '211', '1', '2026-04-28 15:25:46'),
('1074', '15', 'Mallavi', '212', '1', '2026-04-28 15:25:46'),
('1075', '15', 'Weligama', '213', '1', '2026-04-28 15:25:46'),
('1076', '15', 'Veyangoda', '214', '1', '2026-04-28 15:25:46'),
('1077', '15', 'Batapola', '215', '1', '2026-04-28 15:25:46'),
('1078', '15', 'Yakkalamulla', '216', '1', '2026-04-28 15:25:46'),
('1079', '15', 'Walasmulla', '217', '1', '2026-04-28 15:25:46'),
('1080', '15', 'Gelioya', '218', '1', '2026-04-28 15:25:46'),
('1081', '15', 'Jaffna', '219', '1', '2026-04-28 15:25:46'),
('1082', '15', 'Passara', '220', '1', '2026-04-28 15:25:46'),
('1083', '15', 'Pamankada', '221', '1', '2026-04-28 15:25:46'),
('1084', '15', 'Sammanthurai', '222', '1', '2026-04-28 15:25:46'),
('1085', '15', 'Peradeniya', '223', '1', '2026-04-28 15:25:46'),
('1086', '15', 'Kurunegala Metro', '224', '1', '2026-04-28 15:25:46'),
('1087', '15', 'Trincomalee Metro', '225', '1', '2026-04-28 15:25:46'),
('1088', '15', 'Wijerama', '226', '1', '2026-04-28 15:25:46'),
('1089', '15', 'Karapitiya', '227', '1', '2026-04-28 15:25:46'),
('1090', '15', 'Peliyagoda', '228', '1', '2026-04-28 15:25:46'),
('1091', '15', 'Divulapitiya', '229', '1', '2026-04-28 15:25:46'),
('1092', '15', 'Ekala', '230', '1', '2026-04-28 15:25:46'),
('1093', '15', 'Kekirawa', '231', '1', '2026-04-28 15:25:46'),
('1094', '15', 'Anuradhapura Metro', '232', '1', '2026-04-28 15:25:46'),
('1095', '15', 'Bibile', '233', '1', '2026-04-28 15:25:46'),
('1096', '15', 'Haputale', '234', '1', '2026-04-28 15:25:46'),
('1097', '15', 'Godakawela', '235', '1', '2026-04-28 15:25:46'),
('1098', '15', 'Akurana', '236', '1', '2026-04-28 15:25:46'),
('1099', '15', 'Koggala', '237', '1', '2026-04-28 15:25:46'),
('1100', '15', 'Devinuwara', '238', '1', '2026-04-28 15:25:46'),
('1101', '15', 'Angunakolapelassa', '239', '1', '2026-04-28 15:25:46'),
('1102', '15', 'Kataragama', '240', '1', '2026-04-28 15:25:46'),
('1103', '15', 'Kaithady', '241', '1', '2026-04-28 15:25:46'),
('1104', '15', 'Kurunduwatte', '243', '1', '2026-04-28 15:25:46'),
('1105', '15', 'Ragala', '244', '1', '2026-04-28 15:25:46'),
('1106', '15', 'Ingiriya', '245', '1', '2026-04-28 15:25:46'),
('1107', '15', 'Thalawakele', '246', '1', '2026-04-28 15:25:46'),
('1108', '15', 'Pettah Metro', '247', '1', '2026-04-28 15:25:46'),
('1109', '15', 'Lotus Road', '248', '1', '2026-04-28 15:25:46'),
('1110', '15', 'Asiri Surgical Hospital', '249', '1', '2026-04-28 15:25:46'),
('1111', '15', 'Islamic Banking Unit', '250', '1', '2026-04-28 15:25:46'),
('1112', '15', 'Lanka Hospital', '251', '1', '2026-04-28 15:25:46'),
('1113', '15', 'Digital Branch', '500', '1', '2026-04-28 15:25:46'),
('1114', '15', 'Nawam Mawatha', '701', '1', '2026-04-28 15:25:46'),
('1115', '15', 'World Trade Centre', '703', '1', '2026-04-28 15:25:46'),
('1116', '16', 'Hongkong & Shanghai Bank', '000', '1', '2026-04-28 15:25:46'),
('1117', '16', 'Head Office', '001', '1', '2026-04-28 15:25:46'),
('1118', '16', 'Kandy', '002', '1', '2026-04-28 15:25:46'),
('1119', '16', 'Colpetty', '003', '1', '2026-04-28 15:25:46'),
('1120', '16', 'Wellawatte', '004', '1', '2026-04-28 15:25:46'),
('1121', '16', 'Nugegoda', '005', '1', '2026-04-28 15:25:46'),
('1122', '16', 'World Trade Center', '006', '1', '2026-04-28 15:25:46'),
('1123', '16', 'Bambalapitiya', '007', '1', '2026-04-28 15:25:46'),
('1124', '16', 'Pelawatte', '008', '1', '2026-04-28 15:25:46'),
('1125', '16', 'Union Place', '012', '1', '2026-04-28 15:25:46'),
('1126', '16', 'Wattala', '014', '1', '2026-04-28 15:25:46'),
('1127', '16', 'Premier Centre', '015', '1', '2026-04-28 15:25:46'),
('1128', '16', 'Negombo', '017', '1', '2026-04-28 15:25:46'),
('1129', '16', 'Moratuwa', '018', '1', '2026-04-28 15:25:46'),
('1130', '16', 'kohuwela', '020', '1', '2026-04-28 15:25:46'),
('1131', '16', 'Jaffna', '021', '1', '2026-04-28 15:25:46'),
('1132', '16', 'Galle', '022', '1', '2026-04-28 15:25:46'),
('1133', '17', 'Head Office', '000', '1', '2026-04-28 15:25:46'),
('1134', '17', 'Jaffna', '002', '1', '2026-04-28 15:25:46'),
('1135', '18', 'Head Office', '000', '1', '2026-04-28 15:25:46'),
('1136', '18', 'Matara', '001', '1', '2026-04-28 15:25:46'),
('1137', '5', 'Duke Street', '001', '1', '2026-04-28 15:25:46'),
('1138', '5', 'Matale', '002', '1', '2026-04-28 15:25:46'),
('1139', '5', 'Kandy', '003', '1', '2026-04-28 15:25:46'),
('1140', '5', 'International Division', '004', '1', '2026-04-28 15:25:46'),
('1141', '5', 'Polonnaruwa', '005', '1', '2026-04-28 15:25:46'),
('1142', '5', 'Hingurakgoda', '006', '1', '2026-04-28 15:25:46'),
('1143', '5', 'Hambantota', '007', '1', '2026-04-28 15:25:46'),
('1144', '5', 'Anuradhapura', '008', '1', '2026-04-28 15:25:46'),
('1145', '5', 'Puttalam', '009', '1', '2026-04-28 15:25:46'),
('1146', '5', 'Badulla', '010', '1', '2026-04-28 15:25:46'),
('1147', '5', 'Bibile', '011', '1', '2026-04-28 15:25:46'),
('1148', '5', 'Kurunegala', '012', '1', '2026-04-28 15:25:46'),
('1149', '5', 'Galle Fort', '013', '1', '2026-04-28 15:25:46'),
('1150', '5', 'Union Place', '014', '1', '2026-04-28 15:25:46'),
('1151', '5', 'Ampara', '015', '1', '2026-04-28 15:25:46'),
('1152', '5', 'Welimada', '016', '1', '2026-04-28 15:25:46'),
('1153', '5', 'Balangoda', '017', '1', '2026-04-28 15:25:46'),
('1154', '5', 'Gampola', '018', '1', '2026-04-28 15:25:46'),
('1155', '5', 'Dehiwala', '019', '1', '2026-04-28 15:25:46'),
('1156', '5', 'Mulativu', '020', '1', '2026-04-28 15:25:46'),
('1157', '5', 'Minuwangoda', '021', '1', '2026-04-28 15:25:46'),
('1158', '5', 'Hanguranketha', '022', '1', '2026-04-28 15:25:46'),
('1159', '5', 'Kalmunai', '023', '1', '2026-04-28 15:25:46'),
('1160', '5', 'Chilaw', '024', '1', '2026-04-28 15:25:46'),
('1161', '5', 'Hyde park Corner', '025', '1', '2026-04-28 15:25:46'),
('1162', '5', 'Gampaha', '026', '1', '2026-04-28 15:25:46'),
('1163', '5', 'Kegalle', '027', '1', '2026-04-28 15:25:46'),
('1164', '5', 'Kuliyapitiya', '028', '1', '2026-04-28 15:25:46'),
('1165', '5', 'Avissawella', '029', '1', '2026-04-28 15:25:46'),
('1166', '5', 'Jaffna Stanley Road', '030', '1', '2026-04-28 15:25:46'),
('1167', '5', 'Kankasanthurai', '031', '1', '2026-04-28 15:25:46'),
('1168', '5', 'Matara Uyanwatta', '032', '1', '2026-04-28 15:25:46'),
('1169', '5', 'Queens', '033', '1', '2026-04-28 15:25:46'),
('1170', '5', 'Negombo', '034', '1', '2026-04-28 15:25:46'),
('1171', '5', 'Ambalangoda', '035', '1', '2026-04-28 15:25:46'),
('1172', '5', 'Ragala', '036', '1', '2026-04-28 15:25:46'),
('1173', '5', 'Bandarawela', '037', '1', '2026-04-28 15:25:46'),
('1174', '5', 'Talawakele', '038', '1', '2026-04-28 15:25:46'),
('1175', '5', 'Kalutara', '039', '1', '2026-04-28 15:25:46'),
('1176', '5', 'Vavuniya', '040', '1', '2026-04-28 15:25:46'),
('1177', '5', 'Horana', '041', '1', '2026-04-28 15:25:46'),
('1178', '5', 'Kekirawa', '042', '1', '2026-04-28 15:25:46'),
('1179', '5', 'Padaviya', '043', '1', '2026-04-28 15:25:46'),
('1180', '5', 'Mannar', '044', '1', '2026-04-28 15:25:46'),
('1181', '5', 'Embilipitiya', '045', '1', '2026-04-28 15:25:46'),
('1182', '5', 'Mudalige Mawatha', '046', '1', '2026-04-28 15:25:46'),
('1183', '5', 'Yatiyantota', '047', '1', '2026-04-28 15:25:46'),
('1184', '5', 'Kilinochchi', '048', '1', '2026-04-28 15:25:46'),
('1185', '5', 'Homagama', '049', '1', '2026-04-28 15:25:46'),
('1186', '5', 'Kahatagasdigiliya', '051', '1', '2026-04-28 15:25:46'),
('1187', '5', 'Maho', '052', '1', '2026-04-28 15:25:46'),
('1188', '5', 'Nawalapitiya', '053', '1', '2026-04-28 15:25:46'),
('1189', '5', 'Warakapola', '054', '1', '2026-04-28 15:25:46'),
('1190', '5', 'Kelaniya', '055', '1', '2026-04-28 15:25:46'),
('1191', '5', 'Sri Sangaraja Mawatha', '056', '1', '2026-04-28 15:25:46'),
('1192', '5', 'Peradeniya', '057', '1', '2026-04-28 15:25:46'),
('1193', '5', 'Mahiyangana', '058', '1', '2026-04-28 15:25:46'),
('1194', '5', 'Polgahawela', '059', '1', '2026-04-28 15:25:46'),
('1195', '5', 'Morawaka', '060', '1', '2026-04-28 15:25:46'),
('1196', '5', 'Tissamaharama', '061', '1', '2026-04-28 15:25:46'),
('1197', '5', 'Wellawaya', '062', '1', '2026-04-28 15:25:46'),
('1198', '5', 'Akkaraipattu', '063', '1', '2026-04-28 15:25:46'),
('1199', '5', 'Samanthurai', '064', '1', '2026-04-28 15:25:46'),
('1200', '5', 'Kattankudy', '065', '1', '2026-04-28 15:25:46'),
('1201', '5', 'Trincomalee', '066', '1', '2026-04-28 15:25:46'),
('1202', '5', 'Tangalle', '067', '1', '2026-04-28 15:25:46'),
('1203', '5', 'Monaragala', '068', '1', '2026-04-28 15:25:46'),
('1204', '5', 'Mawanella', '069', '1', '2026-04-28 15:25:46'),
('1205', '5', 'Mathugama', '070', '1', '2026-04-28 15:25:46'),
('1206', '5', 'Dematagoda', '071', '1', '2026-04-28 15:25:46'),
('1207', '5', 'Ambalantota', '072', '1', '2026-04-28 15:25:46'),
('1208', '5', 'Elpitiya', '073', '1', '2026-04-28 15:25:46'),
('1209', '5', 'Wattegama', '074', '1', '2026-04-28 15:25:46'),
('1210', '5', 'Batticaloa', '075', '1', '2026-04-28 15:25:46'),
('1211', '5', 'Wennappuwa', '076', '1', '2026-04-28 15:25:46'),
('1212', '5', 'Weligama', '077', '1', '2026-04-28 15:25:46'),
('1213', '5', 'Borella', '078', '1', '2026-04-28 15:25:46'),
('1214', '5', 'Veyangoda', '079', '1', '2026-04-28 15:25:46'),
('1215', '5', 'Ratmalana', '080', '1', '2026-04-28 15:25:46'),
('1216', '5', 'Ruwanwella', '081', '1', '2026-04-28 15:25:46'),
('1217', '5', 'Narammala', '082', '1', '2026-04-28 15:25:46'),
('1218', '5', 'Nattandiya', '083', '1', '2026-04-28 15:25:46'),
('1219', '5', 'Aluthgama', '084', '1', '2026-04-28 15:25:46'),
('1220', '5', 'Eheliyagoda', '085', '1', '2026-04-28 15:25:46'),
('1221', '5', 'Thimbirigasyaya', '086', '1', '2026-04-28 15:25:46'),
('1222', '5', 'Baddegama', '087', '1', '2026-04-28 15:25:46'),
('1223', '5', 'Ratnapura', '088', '1', '2026-04-28 15:25:46'),
('1224', '5', 'Katugastota', '089', '1', '2026-04-28 15:25:46'),
('1225', '5', 'Kantale', '090', '1', '2026-04-28 15:25:46'),
('1226', '5', 'Moratuwa', '091', '1', '2026-04-28 15:25:46'),
('1227', '5', 'Giriulla', '092', '1', '2026-04-28 15:25:46'),
('1228', '5', 'Pugoda', '093', '1', '2026-04-28 15:25:46'),
('1229', '5', 'Kinniya', '094', '1', '2026-04-28 15:25:46'),
('1230', '5', 'Muttur', '095', '1', '2026-04-28 15:25:46'),
('1231', '5', 'Medawachchiya', '096', '1', '2026-04-28 15:25:46'),
('1232', '5', 'Gangodawila', '097', '1', '2026-04-28 15:25:46'),
('1233', '5', 'Kotikawatte', '098', '1', '2026-04-28 15:25:46'),
('1234', '5', 'Marandagahamula', '100', '1', '2026-04-28 15:25:46'),
('1235', '5', 'Rambukkana', '101', '1', '2026-04-28 15:25:46'),
('1236', '5', 'Valaichechenai', '102', '1', '2026-04-28 15:25:46'),
('1237', '5', 'Piliyandala', '103', '1', '2026-04-28 15:25:46'),
('1238', '5', 'Jaffna Main Street', '104', '1', '2026-04-28 15:25:46'),
('1239', '5', 'Kayts', '105', '1', '2026-04-28 15:25:46'),
('1240', '5', 'Nelliady', '106', '1', '2026-04-28 15:25:46'),
('1241', '5', 'Atchchuvely', '107', '1', '2026-04-28 15:25:46'),
('1242', '5', 'Chankanai', '108', '1', '2026-04-28 15:25:46'),
('1243', '5', 'Chunnakam', '109', '1', '2026-04-28 15:25:46'),
('1244', '5', 'Chavakachcheri', '110', '1', '2026-04-28 15:25:46'),
('1245', '5', 'Paranthan', '111', '1', '2026-04-28 15:25:46'),
('1246', '5', 'Teldeniya', '112', '1', '2026-04-28 15:25:46'),
('1247', '5', 'Batticaloa Town', '113', '1', '2026-04-28 15:25:46'),
('1248', '5', 'Galagedera', '114', '1', '2026-04-28 15:25:46'),
('1249', '5', 'Galewela', '115', '1', '2026-04-28 15:25:46'),
('1250', '5', 'Passara', '116', '1', '2026-04-28 15:25:46'),
('1251', '5', 'Akuressa', '117', '1', '2026-04-28 15:25:46'),
('1252', '5', 'Delgoda', '118', '1', '2026-04-28 15:25:46'),
('1253', '5', 'Narahenpita', '119', '1', '2026-04-28 15:25:46'),
('1254', '5', 'Walasmulla', '120', '1', '2026-04-28 15:25:46'),
('1255', '5', 'Bandaragama', '121', '1', '2026-04-28 15:25:46'),
('1256', '5', 'Wilgamuwa', '122', '1', '2026-04-28 15:25:46'),
('1257', '5', 'Eravur', '123', '1', '2026-04-28 15:25:46'),
('1258', '5', 'Nikeweratiya', '124', '1', '2026-04-28 15:25:46'),
('1259', '5', 'Kalpitiya', '125', '1', '2026-04-28 15:25:46'),
('1260', '5', 'Grandpass', '126', '1', '2026-04-28 15:25:46'),
('1261', '5', 'Nildandahinna.', '127', '1', '2026-04-28 15:25:46'),
('1262', '5', 'Ratthota', '128', '1', '2026-04-28 15:25:46'),
('1263', '5', 'Rakwana', '129', '1', '2026-04-28 15:25:46'),
('1264', '5', 'Hakmana', '130', '1', '2026-04-28 15:25:46'),
('1265', '5', 'Udugama', '131', '1', '2026-04-28 15:25:46'),
('1266', '5', 'Deniyaya', '132', '1', '2026-04-28 15:25:46'),
('1267', '5', 'Kamburupitiya', '133', '1', '2026-04-28 15:25:46'),
('1268', '5', 'Nuwara Eliya', '134', '1', '2026-04-28 15:25:46'),
('1269', '5', 'Dickwella', '135', '1', '2026-04-28 15:25:46'),
('1270', '5', 'Hikkaduwa', '136', '1', '2026-04-28 15:25:46'),
('1271', '5', 'Makandura', '137', '1', '2026-04-28 15:25:46'),
('1272', '5', 'Dambulla', '138', '1', '2026-04-28 15:25:46'),
('1273', '5', 'Pettah', '139', '1', '2026-04-28 15:25:46'),
('1274', '5', 'Hasalaka', '140', '1', '2026-04-28 15:25:46'),
('1275', '5', 'Velvetiturai', '141', '1', '2026-04-28 15:25:46'),
('1276', '5', 'Kochchikade', '142', '1', '2026-04-28 15:25:46'),
('1277', '5', 'Suduwella', '143', '1', '2026-04-28 15:25:46'),
('1278', '5', 'Hettipola', '144', '1', '2026-04-28 15:25:46'),
('1279', '5', 'Wellawatte', '145', '1', '2026-04-28 15:25:46'),
('1280', '5', 'Naula', '146', '1', '2026-04-28 15:25:46'),
('1281', '5', 'Buttala', '147', '1', '2026-04-28 15:25:46'),
('1282', '5', 'Panadura', '148', '1', '2026-04-28 15:25:47'),
('1283', '5', 'Alawwa', '149', '1', '2026-04-28 15:25:47'),
('1284', '5', 'Kebithigollawa', '150', '1', '2026-04-28 15:25:47'),
('1285', '5', 'Diyatalawa', '151', '1', '2026-04-28 15:25:47'),
('1286', '5', 'Matara Dharmapala Mawatha', '152', '1', '2026-04-28 15:25:47'),
('1287', '5', 'Akurana', '153', '1', '2026-04-28 15:25:47'),
('1288', '5', 'Balapitiya', '154', '1', '2026-04-28 15:25:47'),
('1289', '5', 'Kahawatte', '155', '1', '2026-04-28 15:25:47'),
('1290', '5', 'Uva-Paranagama', '156', '1', '2026-04-28 15:25:47'),
('1291', '5', 'Menikhinna', '157', '1', '2026-04-28 15:25:47'),
('1292', '5', 'Senkadagala', '158', '1', '2026-04-28 15:25:47'),
('1293', '5', 'Kadugannawa', '159', '1', '2026-04-28 15:25:47'),
('1294', '5', 'Pelmadulla', '160', '1', '2026-04-28 15:25:47'),
('1295', '5', 'Bulathsinhala', '161', '1', '2026-04-28 15:25:47'),
('1296', '5', 'Jaffna University', '162', '1', '2026-04-28 15:25:47'),
('1297', '5', 'Wariyapola', '163', '1', '2026-04-28 15:25:47'),
('1298', '5', 'Potuvil', '164', '1', '2026-04-28 15:25:47'),
('1299', '5', 'Mankulam', '165', '1', '2026-04-28 15:25:47'),
('1300', '5', 'Murunkan', '166', '1', '2026-04-28 15:25:47'),
('1301', '5', 'Town Hall, Colombo', '167', '1', '2026-04-28 15:25:47'),
('1302', '5', 'Kataragama', '168', '1', '2026-04-28 15:25:47'),
('1303', '5', 'Galle Main Street', '169', '1', '2026-04-28 15:25:47'),
('1304', '5', 'Eppawela', '170', '1', '2026-04-28 15:25:47'),
('1305', '5', 'Nochchiyagama', '171', '1', '2026-04-28 15:25:47'),
('1306', '5', 'Bingiriya', '172', '1', '2026-04-28 15:25:47'),
('1307', '5', 'Pundaluoya', '173', '1', '2026-04-28 15:25:47'),
('1308', '5', 'Nugegoda', '174', '1', '2026-04-28 15:25:47'),
('1309', '5', 'Kandana', '175', '1', '2026-04-28 15:25:47'),
('1310', '5', 'Mid City', '176', '1', '2026-04-28 15:25:47'),
('1311', '5', 'Galenbindunuwewa', '177', '1', '2026-04-28 15:25:47'),
('1312', '5', 'Maskeliya', '178', '1', '2026-04-28 15:25:47'),
('1313', '5', 'Galnewa', '179', '1', '2026-04-28 15:25:47'),
('1314', '5', 'Deraniyagala', '180', '1', '2026-04-28 15:25:47'),
('1315', '5', 'Maha - Oya', '181', '1', '2026-04-28 15:25:47'),
('1316', '5', 'Ankumbura', '183', '1', '2026-04-28 15:25:47'),
('1317', '5', 'Galgamuwa', '184', '1', '2026-04-28 15:25:47'),
('1318', '5', 'Galigamuwa', '185', '1', '2026-04-28 15:25:47'),
('1319', '5', 'Hatton', '186', '1', '2026-04-28 15:25:47'),
('1320', '5', 'Ahangama', '188', '1', '2026-04-28 15:25:47'),
('1321', '5', 'Uhana', '189', '1', '2026-04-28 15:25:47'),
('1322', '5', 'Kaluwanchikudy', '190', '1', '2026-04-28 15:25:47'),
('1323', '5', 'Malwana', '191', '1', '2026-04-28 15:25:47'),
('1324', '5', 'Nivitigala', '192', '1', '2026-04-28 15:25:47'),
('1325', '5', 'Ridigama', '193', '1', '2026-04-28 15:25:47'),
('1326', '5', 'Kolonnawa', '194', '1', '2026-04-28 15:25:47'),
('1327', '5', 'Haldummulla', '195', '1', '2026-04-28 15:25:47'),
('1328', '5', 'Kaduwela', '196', '1', '2026-04-28 15:25:47'),
('1329', '5', 'Uragasmanhandiya', '197', '1', '2026-04-28 15:25:47'),
('1330', '5', 'Mirigama', '198', '1', '2026-04-28 15:25:47'),
('1331', '5', 'Mawathagama', '199', '1', '2026-04-28 15:25:47'),
('1332', '5', 'Majestic City', '200', '1', '2026-04-28 15:25:47'),
('1333', '5', 'Ukuwela', '201', '1', '2026-04-28 15:25:47'),
('1334', '5', 'Kirindiwela', '202', '1', '2026-04-28 15:25:47'),
('1335', '5', 'Habarana', '203', '1', '2026-04-28 15:25:47'),
('1336', '5', 'Head Quarters', '204', '1', '2026-04-28 15:25:47'),
('1337', '5', 'Angunakolapalessa', '205', '1', '2026-04-28 15:25:47'),
('1338', '5', 'Davulagala', '206', '1', '2026-04-28 15:25:47'),
('1339', '5', 'Ibbagamuwa', '207', '1', '2026-04-28 15:25:47'),
('1340', '5', 'Battaramulla', '208', '1', '2026-04-28 15:25:47'),
('1341', '5', 'Boralanda', '209', '1', '2026-04-28 15:25:47'),
('1342', '5', 'Kollupitiya Co-op House', '210', '1', '2026-04-28 15:25:47'),
('1343', '5', 'Panwila', '211', '1', '2026-04-28 15:25:47'),
('1344', '5', 'Mutuwal', '214', '1', '2026-04-28 15:25:47'),
('1345', '5', 'Madampe', '215', '1', '2026-04-28 15:25:47'),
('1346', '5', 'Haputale', '216', '1', '2026-04-28 15:25:47'),
('1347', '5', 'Mahara', '217', '1', '2026-04-28 15:25:47'),
('1348', '5', 'Horowpathana', '218', '1', '2026-04-28 15:25:47'),
('1349', '5', 'Tambuttegama', '219', '1', '2026-04-28 15:25:47'),
('1350', '5', 'Anuradhapura-Nuwarawewa', '220', '1', '2026-04-28 15:25:47'),
('1351', '5', 'Hemmathagama', '221', '1', '2026-04-28 15:25:47'),
('1352', '5', 'Wattala', '222', '1', '2026-04-28 15:25:47'),
('1353', '5', 'Karaitivu', '223', '1', '2026-04-28 15:25:47'),
('1354', '5', 'Thirukkovil', '224', '1', '2026-04-28 15:25:47'),
('1355', '5', 'Haliela', '225', '1', '2026-04-28 15:25:47'),
('1356', '5', 'Kurunegala Maliyadeva', '226', '1', '2026-04-28 15:25:47'),
('1357', '5', 'Chenkalady', '227', '1', '2026-04-28 15:25:47'),
('1358', '5', 'Addalachchene', '228', '1', '2026-04-28 15:25:47'),
('1359', '5', 'Hanwella', '229', '1', '2026-04-28 15:25:47'),
('1360', '5', 'Tanamalwila', '230', '1', '2026-04-28 15:25:47'),
('1361', '5', 'Medirigiriya', '231', '1', '2026-04-28 15:25:47'),
('1362', '5', 'Polonnaruwa Town', '232', '1', '2026-04-28 15:25:47'),
('1363', '5', 'Serunuwara', '233', '1', '2026-04-28 15:25:47'),
('1364', '5', 'Batapola', '234', '1', '2026-04-28 15:25:47'),
('1365', '5', 'Kalawana', '235', '1', '2026-04-28 15:25:47'),
('1366', '5', 'Maradana', '236', '1', '2026-04-28 15:25:47'),
('1367', '5', 'Kiribathgoda', '237', '1', '2026-04-28 15:25:47'),
('1368', '5', 'Gonagaldeniya', '238', '1', '2026-04-28 15:25:47'),
('1369', '5', 'Ja Ela', '239', '1', '2026-04-28 15:25:47'),
('1370', '5', 'Keppetipola', '240', '1', '2026-04-28 15:25:47'),
('1371', '5', 'Pallepola', '241', '1', '2026-04-28 15:25:47'),
('1372', '5', 'Bakamuna', '242', '1', '2026-04-28 15:25:47'),
('1373', '5', 'Devinuwara', '243', '1', '2026-04-28 15:25:47'),
('1374', '5', 'Beliatta', '244', '1', '2026-04-28 15:25:47'),
('1375', '5', 'Godakawela', '245', '1', '2026-04-28 15:25:47'),
('1376', '5', 'Meegalewa', '246', '1', '2026-04-28 15:25:47'),
('1377', '5', 'Imaduwa', '247', '1', '2026-04-28 15:25:47'),
('1378', '5', 'Aranayake', '248', '1', '2026-04-28 15:25:47'),
('1379', '5', 'Neboda', '249', '1', '2026-04-28 15:25:47'),
('1380', '5', 'Kandeketiya', '250', '1', '2026-04-28 15:25:47'),
('1381', '5', 'Lunugala', '251', '1', '2026-04-28 15:25:47'),
('1382', '5', 'Bulathkohupitiya', '252', '1', '2026-04-28 15:25:47'),
('1383', '5', 'Aralaganwila', '253', '1', '2026-04-28 15:25:47'),
('1384', '5', 'Welikanda', '254', '1', '2026-04-28 15:25:47'),
('1385', '5', 'Trincomalee Town', '255', '1', '2026-04-28 15:25:47'),
('1386', '5', 'Pilimatalawa', '256', '1', '2026-04-28 15:25:47'),
('1387', '5', 'Deltota', '257', '1', '2026-04-28 15:25:47'),
('1388', '5', 'Medagama', '258', '1', '2026-04-28 15:25:47'),
('1389', '5', 'Kehelwatte', '259', '1', '2026-04-28 15:25:47'),
('1390', '5', 'Koslanda', '260', '1', '2026-04-28 15:25:47'),
('1391', '5', 'Pelawatte', '261', '1', '2026-04-28 15:25:47'),
('1392', '5', 'Wadduwa', '262', '1', '2026-04-28 15:25:47'),
('1393', '5', 'Kuruwita', '263', '1', '2026-04-28 15:25:47'),
('1394', '5', 'Suriyawewa', '264', '1', '2026-04-28 15:25:47'),
('1395', '5', 'Middeniya', '265', '1', '2026-04-28 15:25:47'),
('1396', '5', 'Kiriella', '266', '1', '2026-04-28 15:25:47'),
('1397', '5', 'Anamaduwa', '267', '1', '2026-04-28 15:25:47'),
('1398', '5', 'Girandurukotte', '268', '1', '2026-04-28 15:25:47'),
('1399', '5', 'Badulla-Muthiyangana', '269', '1', '2026-04-28 15:25:47'),
('1400', '5', 'Thulhiriya', '270', '1', '2026-04-28 15:25:47'),
('1401', '5', 'Urubokka', '271', '1', '2026-04-28 15:25:47'),
('1402', '5', 'Talgaswela', '272', '1', '2026-04-28 15:25:47'),
('1403', '5', 'Kadawatha', '273', '1', '2026-04-28 15:25:47'),
('1404', '5', 'Pussellawa', '274', '1', '2026-04-28 15:25:47'),
('1405', '5', 'Olcott Mawatha', '275', '1', '2026-04-28 15:25:47'),
('1406', '5', 'Katunayake', '276', '1', '2026-04-28 15:25:47'),
('1407', '5', 'Sea Street', '277', '1', '2026-04-28 15:25:47'),
('1408', '5', 'Nittambuwa', '278', '1', '2026-04-28 15:25:47'),
('1409', '5', 'Pitakotte', '279', '1', '2026-04-28 15:25:47'),
('1410', '5', 'Pothuhera', '280', '1', '2026-04-28 15:25:47'),
('1411', '5', 'Kobeigane', '281', '1', '2026-04-28 15:25:47'),
('1412', '5', 'Maggona', '282', '1', '2026-04-28 15:25:47'),
('1413', '5', 'Baduraliya', '283', '1', '2026-04-28 15:25:47'),
('1414', '5', 'Jaffna Kannathiddy', '284', '1', '2026-04-28 15:25:47'),
('1415', '5', 'Point Pedro', '285', '1', '2026-04-28 15:25:47'),
('1416', '5', 'Kudawella', '288', '1', '2026-04-28 15:25:47'),
('1417', '5', 'Kaltota', '289', '1', '2026-04-28 15:25:47'),
('1418', '5', 'Moratumulla', '290', '1', '2026-04-28 15:25:47'),
('1419', '5', 'Dankotuwa', '291', '1', '2026-04-28 15:25:47'),
('1420', '5', 'Udapussellawa', '292', '1', '2026-04-28 15:25:47'),
('1421', '5', 'Dehiowita', '293', '1', '2026-04-28 15:25:47'),
('1422', '5', 'Alawathugoda', '294', '1', '2026-04-28 15:25:47'),
('1423', '5', 'Udawalawe', '295', '1', '2026-04-28 15:25:47'),
('1424', '5', 'Nintavur', '296', '1', '2026-04-28 15:25:47'),
('1425', '5', 'Dam Street', '297', '1', '2026-04-28 15:25:47'),
('1426', '5', 'Ginthupitiya', '298', '1', '2026-04-28 15:25:47'),
('1427', '5', 'Kegalle Bazaar', '299', '1', '2026-04-28 15:25:47'),
('1428', '5', 'Ingiriya', '300', '1', '2026-04-28 15:25:47'),
('1429', '5', 'Galkiriyagama', '301', '1', '2026-04-28 15:25:47'),
('1430', '5', 'Ginigathhena', '302', '1', '2026-04-28 15:25:47'),
('1431', '5', 'Mahawewa', '303', '1', '2026-04-28 15:25:47'),
('1432', '5', 'Walasgala', '304', '1', '2026-04-28 15:25:47'),
('1433', '5', 'Maharagama', '306', '1', '2026-04-28 15:25:47'),
('1434', '5', 'Gandara', '307', '1', '2026-04-28 15:25:47'),
('1435', '5', 'Kotahena', '308', '1', '2026-04-28 15:25:47'),
('1436', '5', 'Liberty Plaza', '309', '1', '2026-04-28 15:25:47'),
('1437', '5', 'Bambalapitiya', '310', '1', '2026-04-28 15:25:47'),
('1438', '5', 'Beruwala', '311', '1', '2026-04-28 15:25:47'),
('1439', '5', 'Malwatta Road', '312', '1', '2026-04-28 15:25:47'),
('1440', '5', 'Katubedda', '313', '1', '2026-04-28 15:25:47'),
('1441', '5', 'Talawa', '315', '1', '2026-04-28 15:25:47'),
('1442', '5', 'Ragama', '316', '1', '2026-04-28 15:25:47'),
('1443', '5', 'Ratnapura Town', '317', '1', '2026-04-28 15:25:47'),
('1444', '5', 'Pamunugama', '318', '1', '2026-04-28 15:25:47'),
('1445', '5', 'Kirulapana', '319', '1', '2026-04-28 15:25:47'),
('1446', '5', 'Borella Town', '320', '1', '2026-04-28 15:25:47'),
('1447', '5', 'Panadura Town', '321', '1', '2026-04-28 15:25:47'),
('1448', '5', 'Marawila', '322', '1', '2026-04-28 15:25:47'),
('1449', '5', 'Seeduwa', '324', '1', '2026-04-28 15:25:47'),
('1450', '5', 'Wanduramba', '325', '1', '2026-04-28 15:25:47'),
('1451', '5', 'Capricon', '326', '1', '2026-04-28 15:25:47'),
('1452', '5', 'Kesbewa', '327', '1', '2026-04-28 15:25:47'),
('1453', '5', 'Kottawa', '328', '1', '2026-04-28 15:25:47'),
('1454', '5', 'Koggala', '329', '1', '2026-04-28 15:25:47'),
('1455', '5', 'Dehiattakandiya', '330', '1', '2026-04-28 15:25:47'),
('1456', '5', 'Lucky Plaza', '331', '1', '2026-04-28 15:25:47'),
('1457', '5', 'Ganemulla', '332', '1', '2026-04-28 15:25:47'),
('1458', '5', 'Yakkala', '333', '1', '2026-04-28 15:25:47'),
('1459', '5', 'Kurunegala-Ethugalpura', '334', '1', '2026-04-28 15:25:47'),
('1460', '5', 'Nugegoda City', '335', '1', '2026-04-28 15:25:47'),
('1461', '5', 'Mount Lavinia', '336', '1', '2026-04-28 15:25:47'),
('1462', '5', 'Dehiwela (Galle Rd.)', '337', '1', '2026-04-28 15:25:47'),
('1463', '5', 'Sainthamaruthu', '338', '1', '2026-04-28 15:25:47'),
('1464', '5', 'Kallar', '339', '1', '2026-04-28 15:25:47'),
('1465', '5', 'Oddamavady', '340', '1', '2026-04-28 15:25:47'),
('1466', '5', 'Hataraliyadda', '341', '1', '2026-04-28 15:25:47'),
('1467', '5', 'Kokkaddicholai', '342', '1', '2026-04-28 15:25:47'),
('1468', '5', 'Karapitiya', '343', '1', '2026-04-28 15:25:47'),
('1469', '5', 'Melsiripura', '344', '1', '2026-04-28 15:25:47'),
('1470', '5', 'Ranna', '345', '1', '2026-04-28 15:25:47'),
('1471', '5', 'Maruthamunai', '346', '1', '2026-04-28 15:25:47'),
('1472', '5', 'Badalkubura', '347', '1', '2026-04-28 15:25:47'),
('1473', '5', 'Boralesgamuwa', '348', '1', '2026-04-28 15:25:47'),
('1474', '5', 'Pallebedda', '349', '1', '2026-04-28 15:25:47'),
('1475', '5', 'Weeraketiya', '350', '1', '2026-04-28 15:25:47'),
('1476', '5', 'Thambala', '351', '1', '2026-04-28 15:25:47'),
('1477', '5', 'Pulmudai', '352', '1', '2026-04-28 15:25:47'),
('1478', '5', 'Rikillagaskada', '353', '1', '2026-04-28 15:25:47'),
('1479', '5', 'Bogawanthalawa', '354', '1', '2026-04-28 15:25:47'),
('1480', '5', 'Kotiyakumbura', '355', '1', '2026-04-28 15:25:47'),
('1481', '5', 'Cheddikulam', '356', '1', '2026-04-28 15:25:47'),
('1482', '5', 'Kandy City Centre', '357', '1', '2026-04-28 15:25:47'),
('1483', '5', 'Poojapitiya', '358', '1', '2026-04-28 15:25:47'),
('1484', '5', 'Piliyandala City', '359', '1', '2026-04-28 15:25:47'),
('1485', '5', 'Polpithigama', '360', '1', '2026-04-28 15:25:47'),
('1486', '5', 'Kodikamam', '361', '1', '2026-04-28 15:25:47'),
('1487', '5', 'Card Center', '600', '1', '2026-04-28 15:25:47'),
('1488', '5', 'Overseas Customers Unit', '796', '1', '2026-04-28 15:25:47'),
('1489', '5', 'CCD', '999', '1', '2026-04-28 15:25:47'),
('1490', '19', 'Head Office', '000', '1', '2026-04-28 15:25:47'),
('1491', '19', 'Kandy', '002', '1', '2026-04-28 15:25:47'),
('1492', '19', 'Jaffna', '003', '1', '2026-04-28 15:25:47'),
('1493', '19', 'Kohuwala', '032', '1', '2026-04-28 15:25:47'),
('1494', '20', 'Central Clearing', '000', '1', '2026-04-28 15:25:47'),
('1495', '20', 'NTB.Head Office,', '001', '1', '2026-04-28 15:25:47'),
('1496', '20', 'Colpetty', '002', '1', '2026-04-28 15:25:47'),
('1497', '20', 'Sri Sangharaja Mw.', '003', '1', '2026-04-28 15:25:47'),
('1498', '20', 'Kandy', '004', '1', '2026-04-28 15:25:47'),
('1499', '20', 'Wellawatte', '005', '1', '2026-04-28 15:25:47'),
('1500', '20', 'Corporate', '006', '1', '2026-04-28 15:25:47'),
('1501', '20', 'Negombo(C.S.P.)', '007', '1', '2026-04-28 15:25:47'),
('1502', '20', 'Pettah-Main Street', '008', '1', '2026-04-28 15:25:47'),
('1503', '20', 'Mahabage', '009', '1', '2026-04-28 15:25:47'),
('1504', '20', 'Battaramulla', '010', '1', '2026-04-28 15:25:47'),
('1505', '20', 'Dharmapala Mawatha', '011', '1', '2026-04-28 15:25:47'),
('1506', '20', 'Kurunegala', '012', '1', '2026-04-28 15:25:47'),
('1507', '20', 'Maharagama', '013', '1', '2026-04-28 15:25:47'),
('1508', '20', 'Moratuwa', '014', '1', '2026-04-28 15:25:47'),
('1509', '20', 'Borella', '015', '1', '2026-04-28 15:25:47'),
('1510', '20', 'Kiribathgoda', '016', '1', '2026-04-28 15:25:47'),
('1511', '20', 'Panadura', '017', '1', '2026-04-28 15:25:47'),
('1512', '20', 'Gampaha', '018', '1', '2026-04-28 15:25:47'),
('1513', '20', 'Kotahena', '019', '1', '2026-04-28 15:25:47'),
('1514', '20', 'Ward Place', '020', '1', '2026-04-28 15:25:47'),
('1515', '20', 'Kadawatha', '021', '1', '2026-04-28 15:25:47'),
('1516', '20', 'Crescat', '022', '1', '2026-04-28 15:25:47'),
('1517', '20', 'Dehiwala', '023', '1', '2026-04-28 15:25:47'),
('1518', '20', 'Nawam Mawatha', '024', '1', '2026-04-28 15:25:47'),
('1519', '20', 'Havelock Town', '025', '1', '2026-04-28 15:25:47'),
('1520', '20', 'Peradeniya', '026', '1', '2026-04-28 15:25:47'),
('1521', '20', 'Nawala', '027', '1', '2026-04-28 15:25:47'),
('1522', '20', 'Matara', '028', '1', '2026-04-28 15:25:47'),
('1523', '20', 'Galle', '029', '1', '2026-04-28 15:25:47'),
('1524', '20', 'Thalawathugoda', '030', '1', '2026-04-28 15:25:47'),
('1525', '20', 'Homagama', '031', '1', '2026-04-28 15:25:47'),
('1526', '20', 'Bandarawela', '032', '1', '2026-04-28 15:25:47'),
('1527', '20', 'Vavuniya', '033', '1', '2026-04-28 15:25:47'),
('1528', '20', 'Batticaloa', '034', '1', '2026-04-28 15:25:47'),
('1529', '20', 'Jaffna', '035', '1', '2026-04-28 15:25:47'),
('1530', '20', 'Horana', '036', '1', '2026-04-28 15:25:47'),
('1531', '20', 'Kalmunai', '037', '1', '2026-04-28 15:25:47'),
('1532', '20', 'Malabe', '038', '1', '2026-04-28 15:25:47'),
('1533', '20', 'Anuradhapura', '039', '1', '2026-04-28 15:25:47'),
('1534', '20', 'Piliyandala', '040', '1', '2026-04-28 15:25:47'),
('1535', '20', 'Ratnapura', '041', '1', '2026-04-28 15:25:47'),
('1536', '20', 'Nuwara Eliya', '042', '1', '2026-04-28 15:25:47'),
('1537', '20', 'Chilaw', '043', '1', '2026-04-28 15:25:47'),
('1538', '20', 'Nelliady', '044', '1', '2026-04-28 15:25:47'),
('1539', '20', 'Kaduruwela', '045', '1', '2026-04-28 15:25:47'),
('1540', '20', 'Pettah-Bankshall Street', '046', '1', '2026-04-28 15:25:47'),
('1541', '20', 'Aluthgama', '047', '1', '2026-04-28 15:25:47'),
('1542', '20', 'Wennappuwa', '048', '1', '2026-04-28 15:25:47'),
('1543', '20', 'Trincomalee', '049', '1', '2026-04-28 15:25:47'),
('1544', '20', 'World Trade Centre', '050', '1', '2026-04-28 15:25:47'),
('1545', '20', 'Wattala', '051', '1', '2026-04-28 15:25:47'),
('1546', '20', 'Mount Lavinia', '052', '1', '2026-04-28 15:25:47'),
('1547', '20', 'Nugegoda', '053', '1', '2026-04-28 15:25:47'),
('1548', '20', 'Kohuwala', '054', '1', '2026-04-28 15:25:47'),
('1549', '20', 'Kuliyapitiya', '055', '1', '2026-04-28 15:25:47'),
('1550', '20', 'Ambalangoda', '056', '1', '2026-04-28 15:25:47'),
('1551', '20', 'Akkaraipattu', '057', '1', '2026-04-28 15:25:47'),
('1552', '20', 'Hambantota', '058', '1', '2026-04-28 15:25:47'),
('1553', '20', 'Badulla', '059', '1', '2026-04-28 15:25:47'),
('1554', '20', 'Ja-Ela', '060', '1', '2026-04-28 15:25:47'),
('1555', '20', 'Embilipitiya', '061', '1', '2026-04-28 15:25:47'),
('1556', '20', 'Ambalantota', '062', '1', '2026-04-28 15:25:47'),
('1557', '20', 'Akuressa', '063', '1', '2026-04-28 15:25:47'),
('1558', '20', 'Balangoda', '064', '1', '2026-04-28 15:25:47'),
('1559', '20', 'Deniyaya', '065', '1', '2026-04-28 15:25:47'),
('1560', '20', 'Matugama', '066', '1', '2026-04-28 15:25:47'),
('1561', '20', 'Karapitiya', '067', '1', '2026-04-28 15:25:47'),
('1562', '20', 'Rajagiriya', '068', '1', '2026-04-28 15:25:47'),
('1563', '20', 'Katugastota', '069', '1', '2026-04-28 15:25:47'),
('1564', '20', 'Kaduwela', '070', '1', '2026-04-28 15:25:47'),
('1565', '20', 'Old Moor Street', '071', '1', '2026-04-28 15:25:47'),
('1566', '20', 'Bandaragama', '072', '1', '2026-04-28 15:25:47'),
('1567', '20', 'Digana', '073', '1', '2026-04-28 15:25:47'),
('1568', '20', 'Monaragala', '074', '1', '2026-04-28 15:25:47'),
('1569', '20', 'Boralasgamuwa', '075', '1', '2026-04-28 15:25:47'),
('1570', '20', 'Kottawa', '076', '1', '2026-04-28 15:25:47'),
('1571', '20', 'Gothatuwa', '077', '1', '2026-04-28 15:25:47'),
('1572', '20', 'Wariyapola', '078', '1', '2026-04-28 15:25:47'),
('1573', '20', 'Kegalle', '079', '1', '2026-04-28 15:25:47'),
('1574', '20', 'Tissamaharama', '080', '1', '2026-04-28 15:25:47'),
('1575', '20', 'Narahenpita', '081', '1', '2026-04-28 15:25:47'),
('1576', '20', 'Elpitiya', '082', '1', '2026-04-28 15:25:47'),
('1577', '20', 'Giriulla', '083', '1', '2026-04-28 15:25:47'),
('1578', '20', 'Weligama', '084', '1', '2026-04-28 15:25:47'),
('1579', '20', 'Nittambuwa', '085', '1', '2026-04-28 15:25:47'),
('1580', '20', 'Minuwangoda', '086', '1', '2026-04-28 15:25:47'),
('1581', '20', 'Hikkaduwa', '087', '1', '2026-04-28 15:25:48'),
('1582', '20', 'Gampola', '088', '1', '2026-04-28 15:25:48'),
('1583', '20', 'Tangalle', '089', '1', '2026-04-28 15:25:48'),
('1584', '20', 'Mawathagama', '090', '1', '2026-04-28 15:25:48'),
('1585', '20', 'Avissawella', '091', '1', '2026-04-28 15:25:48'),
('1586', '20', 'Matale', '092', '1', '2026-04-28 15:25:48'),
('1587', '20', 'Kandy City Center', '093', '1', '2026-04-28 15:25:48'),
('1588', '20', 'Card Center', '400', '1', '2026-04-28 15:25:48'),
('1589', '20', 'Liberty Plaza', '500', '1', '2026-04-28 15:25:48'),
('1590', '20', 'Head Office', '999', '1', '2026-04-28 15:25:48'),
('1591', '21', 'Head Office', '000', '1', '2026-04-28 15:25:48'),
('1592', '21', 'Main Branch', '001', '1', '2026-04-28 15:25:48'),
('1593', '22', 'Head Office', '000', '1', '2026-04-28 15:25:48'),
('1594', '22', 'Navam Mawatha', '001', '1', '2026-04-28 15:25:48'),
('1595', '22', 'Kandy', '002', '1', '2026-04-28 15:25:48'),
('1596', '22', 'Jawatta', '003', '1', '2026-04-28 15:25:48'),
('1597', '22', 'Nugegoda', '004', '1', '2026-04-28 15:25:48'),
('1598', '22', 'Rajagiriya', '005', '1', '2026-04-28 15:25:48'),
('1599', '22', 'Matara', '006', '1', '2026-04-28 15:25:48'),
('1600', '22', 'Kurunegala', '007', '1', '2026-04-28 15:25:48'),
('1601', '22', 'Wellawatte', '008', '1', '2026-04-28 15:25:48'),
('1602', '22', 'Negombo', '009', '1', '2026-04-28 15:25:48'),
('1603', '22', 'Chilaw', '010', '1', '2026-04-28 15:25:48'),
('1604', '22', 'Wattala', '011', '1', '2026-04-28 15:25:48'),
('1605', '22', 'Maharagama', '012', '1', '2026-04-28 15:25:48'),
('1606', '22', 'Ratnapura', '013', '1', '2026-04-28 15:25:48'),
('1607', '22', 'Moratuwa', '015', '1', '2026-04-28 15:25:48'),
('1608', '22', 'Kalutara', '016', '1', '2026-04-28 15:25:48'),
('1609', '22', 'Kegalle', '017', '1', '2026-04-28 15:25:48'),
('1610', '22', 'Badulla', '018', '1', '2026-04-28 15:25:48'),
('1611', '22', 'Anuradhapura', '019', '1', '2026-04-28 15:25:48'),
('1612', '22', 'Mount Lavinia', '020', '1', '2026-04-28 15:25:48'),
('1613', '22', 'Galle', '021', '1', '2026-04-28 15:25:48'),
('1614', '22', 'Pelawatte', '022', '1', '2026-04-28 15:25:48'),
('1615', '22', 'Piliyandala', '023', '1', '2026-04-28 15:25:48'),
('1616', '22', 'Kotahena', '024', '1', '2026-04-28 15:25:48'),
('1617', '22', 'Kiribathgoda', '025', '1', '2026-04-28 15:25:48'),
('1618', '22', 'Kadawatha', '026', '1', '2026-04-28 15:25:48'),
('1619', '22', 'Horana', '027', '1', '2026-04-28 15:25:48'),
('1620', '22', 'Kandana', '028', '1', '2026-04-28 15:25:48'),
('1621', '22', 'Gampaha', '029', '1', '2026-04-28 15:25:48'),
('1622', '22', 'Homagama', '030', '1', '2026-04-28 15:25:48'),
('1623', '22', 'Malabe', '031', '1', '2026-04-28 15:25:48'),
('1624', '22', 'Kohuwala', '032', '1', '2026-04-28 15:25:48'),
('1625', '22', 'Puttalam', '033', '1', '2026-04-28 15:25:48'),
('1626', '22', 'Awissawella', '034', '1', '2026-04-28 15:25:48'),
('1627', '22', 'Panadura', '035', '1', '2026-04-28 15:25:48'),
('1628', '22', 'Wennappuwa', '036', '1', '2026-04-28 15:25:48'),
('1629', '22', 'Jaffna', '037', '1', '2026-04-28 15:25:48'),
('1630', '22', 'Trincomalee', '038', '1', '2026-04-28 15:25:48'),
('1631', '22', 'Batticaloa', '039', '1', '2026-04-28 15:25:48'),
('1632', '22', 'Ampara', '040', '1', '2026-04-28 15:25:48'),
('1633', '22', 'Vavuniya', '041', '1', '2026-04-28 15:25:48'),
('1634', '22', 'Kuliyapitiya', '042', '1', '2026-04-28 15:25:48'),
('1635', '22', 'Pettah', '043', '1', '2026-04-28 15:25:48'),
('1636', '22', 'Ja Ela', '044', '1', '2026-04-28 15:25:48'),
('1637', '22', 'Matugama', '045', '1', '2026-04-28 15:25:48'),
('1638', '22', 'Matale', '046', '1', '2026-04-28 15:25:48'),
('1639', '22', 'Ambalangoda', '047', '1', '2026-04-28 15:25:48'),
('1640', '22', 'Ambalantota', '048', '1', '2026-04-28 15:25:48'),
('1641', '22', 'Pilimatalawa', '049', '1', '2026-04-28 15:25:48'),
('1642', '22', 'Gampola', '050', '1', '2026-04-28 15:25:48'),
('1643', '22', 'Bandarawela', '051', '1', '2026-04-28 15:25:48'),
('1644', '22', 'Borella', '052', '1', '2026-04-28 15:25:48'),
('1645', '22', 'kalmunai', '053', '1', '2026-04-28 15:25:48'),
('1646', '22', 'Nittambuwa', '054', '1', '2026-04-28 15:25:48'),
('1647', '22', 'Kaduwela', '055', '1', '2026-04-28 15:25:48'),
('1648', '22', 'Wariyapola', '056', '1', '2026-04-28 15:25:48'),
('1649', '22', 'Hambantota', '057', '1', '2026-04-28 15:25:48'),
('1650', '22', 'Embilipitiya', '058', '1', '2026-04-28 15:25:48'),
('1651', '22', 'Aluthgama', '059', '1', '2026-04-28 15:25:48'),
('1652', '22', 'Kaduruwela', '060', '1', '2026-04-28 15:25:48'),
('1653', '22', 'Nawalapitiya', '061', '1', '2026-04-28 15:25:48'),
('1654', '22', 'Chunnakam', '062', '1', '2026-04-28 15:25:48'),
('1655', '22', 'Minuwangoda', '063', '1', '2026-04-28 15:25:48'),
('1656', '22', 'Dambulla', '064', '1', '2026-04-28 15:25:48'),
('1657', '22', 'Akuressa', '065', '1', '2026-04-28 15:25:48'),
('1658', '22', 'Nelliady', '066', '1', '2026-04-28 15:25:48'),
('1659', '22', 'Elpitiya', '067', '1', '2026-04-28 15:25:48'),
('1660', '22', 'Yakkala', '068', '1', '2026-04-28 15:25:48'),
('1661', '22', 'Nikaweratiya', '069', '1', '2026-04-28 15:25:48'),
('1662', '22', 'Monaragala', '070', '1', '2026-04-28 15:25:48'),
('1663', '22', 'Athurugiriya', '071', '1', '2026-04-28 15:25:48'),
('1664', '22', 'Boralesgamuwa', '072', '1', '2026-04-28 15:25:48'),
('1665', '22', 'Ratmalana', '073', '1', '2026-04-28 15:25:48'),
('1666', '22', 'Narahenpita', '074', '1', '2026-04-28 15:25:48'),
('1667', '22', 'Mahiyangana', '075', '1', '2026-04-28 15:25:48'),
('1668', '22', 'Nuwara Eliya', '076', '1', '2026-04-28 15:25:48'),
('1669', '22', 'Balangoda', '077', '1', '2026-04-28 15:25:48'),
('1670', '22', 'Eheliyagoda', '078', '1', '2026-04-28 15:25:48'),
('1671', '22', 'Old Moor Street', '079', '1', '2026-04-28 15:25:48'),
('1672', '22', 'Kandy City Centre', '080', '1', '2026-04-28 15:25:48'),
('1673', '22', 'Uragasmanhandiya', '081', '1', '2026-04-28 15:25:48'),
('1674', '22', 'Katunayake', '082', '1', '2026-04-28 15:25:48'),
('1675', '22', 'Kakirawa', '083', '1', '2026-04-28 15:25:48'),
('1676', '22', 'Kahawatta', '084', '1', '2026-04-28 15:25:48'),
('1677', '22', 'Giriulla', '086', '1', '2026-04-28 15:25:48'),
('1678', '22', 'Pitakotte', '087', '1', '2026-04-28 15:25:48'),
('1679', '22', 'Handala', '088', '1', '2026-04-28 15:25:48'),
('1680', '22', 'Kochchikade', '089', '1', '2026-04-28 15:25:48'),
('1681', '22', 'Battaramulla', '090', '1', '2026-04-28 15:25:48'),
('1682', '22', 'Narammala', '091', '1', '2026-04-28 15:25:48'),
('1683', '22', 'Tissamaharama', '092', '1', '2026-04-28 15:25:48'),
('1684', '22', 'Chenkalady', '093', '1', '2026-04-28 15:25:48'),
('1685', '22', 'Akkaraipattu', '094', '1', '2026-04-28 15:25:48'),
('1686', '22', 'Hanwella', '096', '1', '2026-04-28 15:25:48'),
('1687', '22', 'Manipai', '097', '1', '2026-04-28 15:25:48'),
('1688', '22', 'Thirunelvely', '098', '1', '2026-04-28 15:25:48'),
('1689', '22', 'Chavakachcheri', '099', '1', '2026-04-28 15:25:48'),
('1690', '22', 'Natthandiya', '095', '1', '2026-04-28 15:25:48'),
('1691', '22', 'Head Office(Retail)', '100', '1', '2026-04-28 15:25:48'),
('1692', '22', 'Warakapola', '101', '1', '2026-04-28 15:25:48'),
('1693', '22', 'Hingurakgoda', '102', '1', '2026-04-28 15:25:48'),
('1694', '22', 'Marine Drive', '103', '1', '2026-04-28 15:25:48'),
('1695', '22', 'Thambuttegama', '104', '1', '2026-04-28 15:25:48'),
('1696', '22', 'Mahawewa', '105', '1', '2026-04-28 15:25:48'),
('1697', '22', 'Katana', '109', '1', '2026-04-28 15:25:48'),
('1698', '22', 'Kottawa', '111', '1', '2026-04-28 15:25:48'),
('1699', '22', 'Islamic Banking Unit', '601', '1', '2026-04-28 15:25:48'),
('1700', '22', 'Head Office(Corporare)', '900', '1', '2026-04-28 15:25:48'),
('1701', '23', 'Middle East Bank', '000', '1', '2026-04-28 15:25:48'),
('1702', '23', 'Head Office', '001', '1', '2026-04-28 15:25:48'),
('1703', '23', 'Pettah', '002', '1', '2026-04-28 15:25:48'),
('1704', '23', 'Maradana', '003', '1', '2026-04-28 15:25:48'),
('1705', '23', 'Islamic Banking Unit', '004', '1', '2026-04-28 15:25:48'),
('1706', '23', 'Wellawatte', '005', '1', '2026-04-28 15:25:48'),
('1707', '23', 'Kandy', '006', '1', '2026-04-28 15:25:48'),
('1708', '23', 'Batticaloa', '007', '1', '2026-04-28 15:25:48'),
('1709', '23', 'Galle', '008', '1', '2026-04-28 15:25:48'),
('1710', '23', 'Kollupitiya', '009', '1', '2026-04-28 15:25:48'),
('1711', '24', 'City Office', '001', '1', '2026-04-28 15:25:48'),
('1712', '24', 'Pettah', '002', '1', '2026-04-28 15:25:48'),
('1713', '24', 'Nugegoda', '003', '1', '2026-04-28 15:25:48'),
('1714', '24', 'Borella', '004', '1', '2026-04-28 15:25:48'),
('1715', '24', 'Kiribathgoda', '005', '1', '2026-04-28 15:25:48'),
('1716', '24', 'Kurunegala', '006', '1', '2026-04-28 15:25:48'),
('1717', '24', 'Kandy Super', '007', '1', '2026-04-28 15:25:48'),
('1718', '24', 'Wattala', '008', '1', '2026-04-28 15:25:48'),
('1719', '24', 'Nawam Mawatha', '009', '1', '2026-04-28 15:25:48'),
('1720', '24', 'Matara', '010', '1', '2026-04-28 15:25:48'),
('1721', '24', 'Bambalapitiya', '011', '1', '2026-04-28 15:25:48'),
('1722', '24', 'Fort', '012', '1', '2026-04-28 15:25:48'),
('1723', '24', 'Maharagama', '013', '1', '2026-04-28 15:25:48'),
('1724', '24', 'Deniyaya', '014', '1', '2026-04-28 15:25:48'),
('1725', '24', 'Morawaka', '015', '1', '2026-04-28 15:25:48'),
('1726', '24', 'Gampaha', '016', '1', '2026-04-28 15:25:48'),
('1727', '24', 'Dehiwala', '017', '1', '2026-04-28 15:25:48'),
('1728', '24', 'Ratmalana', '018', '1', '2026-04-28 15:25:48'),
('1729', '24', 'Piliyandala', '019', '1', '2026-04-28 15:25:48'),
('1730', '24', 'Eheliyagoda', '020', '1', '2026-04-28 15:25:48'),
('1731', '24', 'Anuradhapura Super Branch', '021', '1', '2026-04-28 15:25:48'),
('1732', '24', 'Avissawella', '022', '1', '2026-04-28 15:25:48'),
('1733', '24', 'Kuliyapitiya', '023', '1', '2026-04-28 15:25:48'),
('1734', '24', 'Negombo', '024', '1', '2026-04-28 15:25:48'),
('1735', '24', 'Matale', '025', '1', '2026-04-28 15:25:48'),
('1736', '24', 'Panadura', '026', '1', '2026-04-28 15:25:48'),
('1737', '24', 'Old Moor Street', '027', '1', '2026-04-28 15:25:48'),
('1738', '24', 'Tissamaharama', '028', '1', '2026-04-28 15:25:48'),
('1739', '24', 'Headquarters', '029', '1', '2026-04-28 15:25:48'),
('1740', '24', 'Wennappuwa', '030', '1', '2026-04-28 15:25:48'),
('1741', '24', 'Moratuwa', '031', '1', '2026-04-28 15:25:48'),
('1742', '24', 'Katugastota', '032', '1', '2026-04-28 15:25:48'),
('1743', '24', 'Rathnapura', '033', '1', '2026-04-28 15:25:48'),
('1744', '24', 'Thimbirigasyaya', '034', '1', '2026-04-28 15:25:48'),
('1745', '24', 'Galle', '035', '1', '2026-04-28 15:25:48'),
('1746', '24', 'Wellawatte Super', '036', '1', '2026-04-28 15:25:48'),
('1747', '24', 'Kotahena', '037', '1', '2026-04-28 15:25:48'),
('1748', '24', 'Kaduruwela', '038', '1', '2026-04-28 15:25:48'),
('1749', '24', 'Malabe', '039', '1', '2026-04-28 15:25:48'),
('1750', '24', 'Narahenpita', '040', '1', '2026-04-28 15:25:48'),
('1751', '24', 'Kalawana', '041', '1', '2026-04-28 15:25:48'),
('1752', '24', 'Main Street', '042', '1', '2026-04-28 15:25:48'),
('1753', '24', 'Embilipitiya', '043', '1', '2026-04-28 15:25:48'),
('1754', '24', 'Wariyapola (PBC)', '044', '1', '2026-04-28 15:25:48'),
('1755', '24', 'Wellampitiya (PBC)', '045', '1', '2026-04-28 15:25:48'),
('1756', '24', 'Bandarawela', '046', '1', '2026-04-28 15:25:48'),
('1757', '24', 'Panadura Wekada', '047', '1', '2026-04-28 15:25:48'),
('1758', '24', 'Thambuttegama (PBC)', '048', '1', '2026-04-28 15:25:48'),
('1759', '24', 'Deraniyagala PBC', '049', '1', '2026-04-28 15:25:48'),
('1760', '24', 'Kalutara', '050', '1', '2026-04-28 15:25:48'),
('1761', '24', 'Peradeniya PBC', '051', '1', '2026-04-28 15:25:48'),
('1762', '24', 'Kottawa', '052', '1', '2026-04-28 15:25:48'),
('1763', '24', 'Alawwa PBC', '053', '1', '2026-04-28 15:25:48'),
('1764', '24', 'Neluwa PBC', '054', '1', '2026-04-28 15:25:48'),
('1765', '24', 'Vavunia', '055', '1', '2026-04-28 15:25:48'),
('1766', '24', 'Mahiyanganaya', '056', '1', '2026-04-28 15:25:48'),
('1767', '24', 'Horana', '057', '1', '2026-04-28 15:25:48'),
('1768', '24', 'Harbour-View PBC', '058', '1', '2026-04-28 15:25:48'),
('1769', '24', 'Bandaragama', '059', '1', '2026-04-28 15:25:48'),
('1770', '24', 'Kadawatha', '060', '1', '2026-04-28 15:25:48'),
('1771', '24', 'Battaramulla', '061', '1', '2026-04-28 15:25:48'),
('1772', '24', 'Ampara', '062', '1', '2026-04-28 15:25:48'),
('1773', '24', 'Pelawatte PBC', '063', '1', '2026-04-28 15:25:48'),
('1774', '24', 'Kegall', '064', '1', '2026-04-28 15:25:48'),
('1775', '24', 'Minuwangoda', '065', '1', '2026-04-28 15:25:48'),
('1776', '24', 'Trincomalee', '066', '1', '2026-04-28 15:25:48'),
('1777', '24', 'Athurugiriya PBC', '067', '1', '2026-04-28 15:25:48'),
('1778', '24', 'Yakkala PBC', '068', '1', '2026-04-28 15:25:48'),
('1779', '24', 'Homagama', '069', '1', '2026-04-28 15:25:48'),
('1780', '24', 'Gregorys Road PBC', '070', '1', '2026-04-28 15:25:48'),
('1781', '24', 'Nittambuwa', '071', '1', '2026-04-28 15:25:48'),
('1782', '24', 'Ambalongoda', '072', '1', '2026-04-28 15:25:48'),
('1783', '24', 'Ragama PBC', '073', '1', '2026-04-28 15:25:48'),
('1784', '24', 'Monaragala', '074', '1', '2026-04-28 15:25:48'),
('1785', '24', 'Wadduwa PBC', '075', '1', '2026-04-28 15:25:48'),
('1786', '24', 'Kandana', '076', '1', '2026-04-28 15:25:48'),
('1787', '24', 'veyangoda PBC', '077', '1', '2026-04-28 15:25:48'),
('1788', '24', 'Ganemulla PBC', '078', '1', '2026-04-28 15:25:48'),
('1789', '24', 'Aluthgama', '079', '1', '2026-04-28 15:25:48'),
('1790', '24', 'Hatton', '080', '1', '2026-04-28 15:25:48'),
('1791', '24', 'Welimada', '081', '1', '2026-04-28 15:25:48'),
('1792', '24', 'Nawala', '082', '1', '2026-04-28 15:25:48'),
('1793', '24', 'Kirindiwela PBC', '083', '1', '2026-04-28 15:25:48'),
('1794', '24', 'Nuwara Eliya', '084', '1', '2026-04-28 15:25:48'),
('1795', '24', 'Digana PBC', '085', '1', '2026-04-28 15:25:48'),
('1796', '24', 'Mirigama', '086', '1', '2026-04-28 15:25:48'),
('1797', '24', 'Pannipitiya', '087', '1', '2026-04-28 15:25:48'),
('1798', '24', 'Negombo 2nd', '088', '1', '2026-04-28 15:25:48'),
('1799', '24', 'Attidiya', '089', '1', '2026-04-28 15:25:48'),
('1800', '24', 'Dambulla', '090', '1', '2026-04-28 15:25:48'),
('1801', '24', 'Pitakotte', '091', '1', '2026-04-28 15:25:48'),
('1802', '24', 'Maharagama Super', '092', '1', '2026-04-28 15:25:48'),
('1803', '24', 'Badulla', '093', '1', '2026-04-28 15:25:48'),
('1804', '24', 'Kohuwela', '094', '1', '2026-04-28 15:25:48'),
('1805', '24', 'Giriulla', '095', '1', '2026-04-28 15:25:48'),
('1806', '24', 'Hendala', '096', '1', '2026-04-28 15:25:48'),
('1807', '24', 'Balangoda', '097', '1', '2026-04-28 15:25:48'),
('1808', '24', 'Ja-Ela', '098', '1', '2026-04-28 15:25:48'),
('1809', '24', 'Narammala', '099', '1', '2026-04-28 15:25:48'),
('1810', '24', 'Kandy Metro', '100', '1', '2026-04-28 15:25:48'),
('1811', '24', 'Gampola', '101', '1', '2026-04-28 15:25:48'),
('1812', '24', 'Nikaweratiya', '102', '1', '2026-04-28 15:25:48'),
('1813', '24', 'Pelmadulla', '103', '1', '2026-04-28 15:25:48'),
('1814', '24', 'Ambalantota', '104', '1', '2026-04-28 15:25:48'),
('1815', '24', 'Wattegama', '105', '1', '2026-04-28 15:25:48'),
('1816', '24', 'Matugama', '106', '1', '2026-04-28 15:25:48'),
('1817', '24', 'Batticaloa', '107', '1', '2026-04-28 15:25:48'),
('1818', '24', 'Chilaw', '108', '1', '2026-04-28 15:25:48'),
('1819', '24', 'Mawathagama', '109', '1', '2026-04-28 15:25:48'),
('1820', '24', 'Hingurakgoda', '110', '1', '2026-04-28 15:25:48'),
('1821', '24', 'Akkaraipattu', '111', '1', '2026-04-28 15:25:48'),
('1822', '24', 'Kalmunai', '112', '1', '2026-04-28 15:25:48'),
('1823', '24', 'Wellawaya', '113', '1', '2026-04-28 15:25:48'),
('1824', '24', 'Embuldeniya', '114', '1', '2026-04-28 15:25:48'),
('1825', '24', 'Kattankudy', '115', '1', '2026-04-28 15:25:48'),
('1826', '24', 'Tangalle', '116', '1', '2026-04-28 15:25:48'),
('1827', '24', 'Kirulapone', '117', '1', '2026-04-28 15:25:48'),
('1828', '24', 'Baddegama', '118', '1', '2026-04-28 15:25:48'),
('1829', '24', 'Mannar', '119', '1', '2026-04-28 15:25:48'),
('1830', '24', 'Jaffna', '120', '1', '2026-04-28 15:25:48'),
('1831', '24', 'Chenkalady', '121', '1', '2026-04-28 15:25:48'),
('1832', '24', 'Rajagiriya', '122', '1', '2026-04-28 15:25:48'),
('1833', '24', 'Kandy City Centre', '123', '1', '2026-04-28 15:25:48'),
('1834', '24', 'Oddamavady', '124', '1', '2026-04-28 15:25:48'),
('1835', '24', 'Kaluwanchikudy', '125', '1', '2026-04-28 15:25:48'),
('1836', '24', 'Sainthamaruthu', '126', '1', '2026-04-28 15:25:48'),
('1837', '24', 'Grandpass', '127', '1', '2026-04-28 15:25:48'),
('1838', '24', 'Chunnakam', '128', '1', '2026-04-28 15:25:48'),
('1839', '24', 'Nelliady', '129', '1', '2026-04-28 15:25:48'),
('1840', '24', 'Pottuvil', '130', '1', '2026-04-28 15:25:48'),
('1841', '24', 'Platinum Plus', '131', '1', '2026-04-28 15:25:48'),
('1842', '24', 'Nattandiya', '132', '1', '2026-04-28 15:25:48'),
('1843', '24', 'Kundasale', '133', '1', '2026-04-28 15:25:48'),
('1844', '24', 'Kollupitiya', '134', '1', '2026-04-28 15:25:48'),
('1845', '24', 'Gangodawila', '135', '1', '2026-04-28 15:25:48'),
('1846', '24', 'Peliyagoda', '136', '1', '2026-04-28 15:25:48'),
('1847', '24', 'Hanwella', '137', '1', '2026-04-28 15:25:48'),
('1848', '24', 'Nochchiyagama', '138', '1', '2026-04-28 15:25:48'),
('1849', '24', '2nd Branch Batticaloa', '139', '1', '2026-04-28 15:25:48'),
('1850', '24', 'Ingiriya', '140', '1', '2026-04-28 15:25:48'),
('1851', '24', 'Karapitiya', '141', '1', '2026-04-28 15:25:48'),
('1852', '24', 'Boralesgamuwa', '142', '1', '2026-04-28 15:25:48'),
('1853', '24', 'Anamabuwa', '143', '1', '2026-04-28 15:25:48'),
('1854', '24', 'Maradana', '144', '1', '2026-04-28 15:25:48'),
('1855', '24', 'Buttala', '145', '1', '2026-04-28 15:25:48'),
('1856', '24', 'Passara', '146', '1', '2026-04-28 15:25:48'),
('1857', '24', 'Manipay', '147', '1', '2026-04-28 15:25:48'),
('1858', '24', 'Kilinochchi', '148', '1', '2026-04-28 15:25:48'),
('1859', '24', 'Kekirawa', '149', '1', '2026-04-28 15:25:48'),
('1860', '24', 'Pilimatalawa', '150', '1', '2026-04-28 15:25:48'),
('1861', '24', 'Keselwatta', '151', '1', '2026-04-28 15:25:48'),
('1862', '24', 'Pussellawa', '152', '1', '2026-04-28 15:25:48'),
('1863', '24', 'Matara Bazaar', '153', '1', '2026-04-28 15:25:48'),
('1864', '24', 'Aralangawila', '154', '1', '2026-04-28 15:25:48'),
('1865', '24', 'Moratumulla', '155', '1', '2026-04-28 15:25:48'),
('1866', '24', 'Puttalam', '156', '1', '2026-04-28 15:25:48'),
('1867', '24', 'Sooriyawewa', '157', '1', '2026-04-28 15:25:48'),
('1868', '24', 'Middeniya', '158', '1', '2026-04-28 15:25:48'),
('1869', '24', 'Galle Bazaar', '159', '1', '2026-04-28 15:25:48'),
('1870', '24', 'Mawanella', '160', '1', '2026-04-28 15:25:48'),
('1871', '24', 'Bibile', '161', '1', '2026-04-28 15:25:48'),
('1872', '24', 'Kaduwela', '162', '1', '2026-04-28 15:25:48'),
('1873', '24', 'Rikillagaskada', '163', '1', '2026-04-28 15:25:48'),
('1874', '24', 'Chankanai', '164', '1', '2026-04-28 15:25:48'),
('1875', '24', 'Kochchikade', '165', '1', '2026-04-28 15:25:48'),
('1876', '24', 'Pannala', '166', '1', '2026-04-28 15:25:48'),
('1877', '24', 'Dehiattakandiya', '167', '1', '2026-04-28 15:25:48'),
('1878', '24', 'Anuradhapura New Town', '168', '1', '2026-04-28 15:25:48'),
('1879', '24', 'Chavakachcheri', '169', '1', '2026-04-28 15:25:48'),
('1880', '24', 'Vavuniya Metro', '170', '1', '2026-04-28 15:25:48'),
('1881', '24', 'Kayts', '171', '1', '2026-04-28 15:25:48'),
('1882', '24', 'Kantale', '172', '1', '2026-04-28 15:25:48'),
('1883', '24', 'Gothatuwa New Town', '173', '1', '2026-04-28 15:25:48'),
('1884', '24', 'Mallavi', '174', '1', '2026-04-28 15:25:48'),
('1885', '24', 'Colombo Super', '175', '1', '2026-04-28 15:25:48'),
('1886', '24', 'Mattegoda', '176', '1', '2026-04-28 15:25:48'),
('1887', '24', 'Kinniya', '177', '1', '2026-04-28 15:25:48'),
('1888', '24', 'Thalawathugoda', '178', '1', '2026-04-28 15:25:49'),
('1889', '24', 'Akuressa', '179', '1', '2026-04-28 15:25:49'),
('1890', '24', 'Beliatta', '180', '1', '2026-04-28 15:25:49'),
('1891', '24', 'Habaraduwa', '181', '1', '2026-04-28 15:25:49'),
('1892', '24', 'Ahangama', '182', '1', '2026-04-28 15:25:49'),
('1893', '24', 'Marandagahamula', '183', '1', '2026-04-28 15:25:49'),
('1894', '24', 'Menikhinna', '184', '1', '2026-04-28 15:25:49'),
('1895', '24', 'Ninthavur', '185', '1', '2026-04-28 15:25:49'),
('1896', '24', 'Thirunelvely', '186', '1', '2026-04-28 15:25:49'),
('1897', '24', 'Hettipola', '187', '1', '2026-04-28 15:25:49'),
('1898', '24', 'Rambukkana', '188', '1', '2026-04-28 15:25:49'),
('1899', '24', 'Madampe', '189', '1', '2026-04-28 15:25:49'),
('1900', '24', 'Galewela', '190', '1', '2026-04-28 15:25:49'),
('1901', '24', 'Panchikawatte', '191', '1', '2026-04-28 15:25:49'),
('1902', '24', 'Padukka', '192', '1', '2026-04-28 15:25:49'),
('1903', '24', 'Mutwal', '193', '1', '2026-04-28 15:25:49'),
('1904', '24', 'Marawila', '194', '1', '2026-04-28 15:25:49'),
('1905', '24', 'Nawalapitiya', '195', '1', '2026-04-28 15:25:49'),
('1906', '24', 'Dankotuwa', '196', '1', '2026-04-28 15:25:49'),
('1907', '24', 'Maho', '197', '1', '2026-04-28 15:25:49'),
('1908', '24', 'Divulapitiya', '198', '1', '2026-04-28 15:25:49'),
('1909', '24', 'Mount Lavinia', '199', '1', '2026-04-28 15:25:49'),
('1910', '24', 'Ruwanwella', '201', '1', '2026-04-28 15:25:49'),
('1911', '24', 'Delgoda', '202', '1', '2026-04-28 15:25:49'),
('1912', '24', 'Kahatagasdigiliya', '203', '1', '2026-04-28 15:25:49'),
('1913', '24', 'Elpitiya', '204', '1', '2026-04-28 15:25:49'),
('1914', '24', 'Warakapola', '205', '1', '2026-04-28 15:25:49'),
('1915', '24', 'Kaburupitiya', '206', '1', '2026-04-28 15:25:49'),
('1916', '24', 'Makola', '207', '1', '2026-04-28 15:25:49'),
('1917', '24', 'Muttur', '208', '1', '2026-04-28 15:25:49'),
('1918', '24', 'Weligama', '209', '1', '2026-04-28 15:25:49'),
('1919', '24', 'Karagampitiya', '210', '1', '2026-04-28 15:25:49'),
('1920', '24', 'Talahena', '211', '1', '2026-04-28 15:25:49'),
('1921', '24', 'Gampaha Super', '212', '1', '2026-04-28 15:25:49'),
('1922', '24', 'Seeduwa', '213', '1', '2026-04-28 15:25:49'),
('1923', '24', 'Orugodawatte', '214', '1', '2026-04-28 15:25:49'),
('1924', '24', 'Kurunegala Metro', '215', '1', '2026-04-28 15:25:49'),
('1925', '24', 'Dickwella', '216', '1', '2026-04-28 15:25:49'),
('1926', '24', 'Prince Street', '217', '1', '2026-04-28 15:25:49'),
('1927', '24', 'Borella Super', '218', '1', '2026-04-28 15:25:49'),
('1928', '24', 'World Trade Center', '219', '1', '2026-04-28 15:25:49'),
('1929', '24', 'Heerassagala', '220', '1', '2026-04-28 15:25:49'),
('1930', '24', 'Poojapitiya', '221', '1', '2026-04-28 15:25:49'),
('1931', '24', 'Thalawakele', '222', '1', '2026-04-28 15:25:49'),
('1932', '24', 'Nawala Koswatta', '223', '1', '2026-04-28 15:25:49'),
('1933', '24', 'Kesbewa', '224', '1', '2026-04-28 15:25:49'),
('1934', '24', 'Godakawela', '225', '1', '2026-04-28 15:25:49'),
('1935', '24', 'Ratnapura', '226', '1', '2026-04-28 15:25:49'),
('1936', '24', 'Kelaniya', '227', '1', '2026-04-28 15:25:49'),
('1937', '24', 'Polgahawela', '228', '1', '2026-04-28 15:25:49'),
('1938', '24', 'Hikkaduwa', '229', '1', '2026-04-28 15:25:49'),
('1939', '24', 'Imports', '920', '1', '2026-04-28 15:25:49'),
('1940', '24', 'Sampath Viswa', '929', '1', '2026-04-28 15:25:49'),
('1941', '24', 'Central Clearing Department', '993', '1', '2026-04-28 15:25:49'),
('1942', '24', 'Card Centre', '996', '1', '2026-04-28 15:25:49'),
('1943', '24', 'Head Office', '999', '1', '2026-04-28 15:25:49'),
('1944', '25', 'Seylan Bank Head Office', '000', '1', '2026-04-28 15:25:49'),
('1945', '25', 'City Office', '001', '1', '2026-04-28 15:25:49'),
('1946', '25', 'Matara', '002', '1', '2026-04-28 15:25:49'),
('1947', '25', 'Mount Lavinia', '003', '1', '2026-04-28 15:25:49'),
('1948', '25', 'Maharagama', '004', '1', '2026-04-28 15:25:49'),
('1949', '25', 'Panadura', '005', '1', '2026-04-28 15:25:49'),
('1950', '25', 'Kiribathgoda', '006', '1', '2026-04-28 15:25:49'),
('1951', '25', 'Ratnapura', '007', '1', '2026-04-28 15:25:49'),
('1952', '25', 'Kollupitiya', '008', '1', '2026-04-28 15:25:49'),
('1953', '25', 'Moratuwa', '009', '1', '2026-04-28 15:25:49'),
('1954', '25', 'Kegalle', '010', '1', '2026-04-28 15:25:49'),
('1955', '25', 'Gampaha', '011', '1', '2026-04-28 15:25:49'),
('1956', '25', 'Nugegoda', '012', '1', '2026-04-28 15:25:49'),
('1957', '25', 'Negombo', '013', '1', '2026-04-28 15:25:49'),
('1958', '25', 'Dehiwala', '014', '1', '2026-04-28 15:25:49'),
('1959', '25', 'Chilaw', '015', '1', '2026-04-28 15:25:49'),
('1960', '25', 'Galle', '016', '1', '2026-04-28 15:25:49'),
('1961', '25', 'Kandy', '017', '1', '2026-04-28 15:25:49'),
('1962', '25', 'Kurunegala', '018', '1', '2026-04-28 15:25:49'),
('1963', '25', 'Nuwara Eliya', '019', '1', '2026-04-28 15:25:49'),
('1964', '25', 'Balangoda', '020', '1', '2026-04-28 15:25:49'),
('1965', '25', 'Anuradhapura', '021', '1', '2026-04-28 15:25:49'),
('1966', '25', 'Grandpass', '022', '1', '2026-04-28 15:25:49'),
('1967', '25', 'Horana', '023', '1', '2026-04-28 15:25:49'),
('1968', '25', 'Ambalangoda', '024', '1', '2026-04-28 15:25:49'),
('1969', '25', 'Gampola', '025', '1', '2026-04-28 15:25:49'),
('1970', '25', 'Badulla', '026', '1', '2026-04-28 15:25:49'),
('1971', '25', 'Ja-Ela', '027', '1', '2026-04-28 15:25:49'),
('1972', '25', 'Kadawatha', '028', '1', '2026-04-28 15:25:49'),
('1973', '25', 'Dehiattakandiya', '029', '1', '2026-04-28 15:25:49'),
('1974', '25', 'Colombo Fort', '030', '1', '2026-04-28 15:25:49'),
('1975', '25', 'Katunayaka', '031', '1', '2026-04-28 15:25:49'),
('1976', '25', 'Cinnamon Gardens', '032', '1', '2026-04-28 15:25:49'),
('1977', '25', 'Kottawa', '033', '1', '2026-04-28 15:25:49'),
('1978', '25', 'Boralesgamuwa', '034', '1', '2026-04-28 15:25:49'),
('1979', '25', 'Yakkala', '035', '1', '2026-04-28 15:25:49'),
('1980', '25', 'Kalutara', '036', '1', '2026-04-28 15:25:49'),
('1981', '25', 'Tissamaharama', '037', '1', '2026-04-28 15:25:49'),
('1982', '25', 'Matale', '038', '1', '2026-04-28 15:25:49'),
('1983', '25', 'Hatton', '039', '1', '2026-04-28 15:25:49'),
('1984', '25', 'Sarikkamulla', '040', '1', '2026-04-28 15:25:49'),
('1985', '25', 'Attidiya', '041', '1', '2026-04-28 15:25:49'),
('1986', '25', 'Kalubowila', '042', '1', '2026-04-28 15:25:49'),
('1987', '25', 'Homagama', '043', '1', '2026-04-28 15:25:49'),
('1988', '25', 'Kuliyapitiya', '044', '1', '2026-04-28 15:25:49'),
('1989', '25', 'Embilipitiya', '045', '1', '2026-04-28 15:25:49'),
('1990', '25', 'Bandarawela', '046', '1', '2026-04-28 15:25:49'),
('1991', '25', 'Maradana', '047', '1', '2026-04-28 15:25:49'),
('1992', '25', 'Mawanella', '048', '1', '2026-04-28 15:25:49'),
('1993', '25', 'Puttalam', '049', '1', '2026-04-28 15:25:49'),
('1994', '25', 'Old Moor Street', '050', '1', '2026-04-28 15:25:49'),
('1995', '25', 'Hingurakgoda', '051', '1', '2026-04-28 15:25:49'),
('1996', '25', 'Nawala', '052', '1', '2026-04-28 15:25:49'),
('1997', '25', 'Manampitiya', '053', '1', '2026-04-28 15:25:49'),
('1998', '25', 'Bandaragama', '054', '1', '2026-04-28 15:25:49'),
('1999', '25', 'Katuneriya', '055', '1', '2026-04-28 15:25:49'),
('2000', '25', 'Koggala', '056', '1', '2026-04-28 15:25:49'),
('2001', '25', 'Welimada', '057', '1', '2026-04-28 15:25:49'),
('2002', '25', 'Kochchikade', '058', '1', '2026-04-28 15:25:49'),
('2003', '25', 'Bogawanthalawa', '059', '1', '2026-04-28 15:25:49'),
('2004', '25', 'Ganemulla', '060', '1', '2026-04-28 15:25:49'),
('2005', '25', 'Kotagala Talawakale', '061', '1', '2026-04-28 15:25:49'),
('2006', '25', 'Raddolugama', '062', '1', '2026-04-28 15:25:49'),
('2007', '25', 'Weliveriya', '063', '1', '2026-04-28 15:25:49'),
('2008', '25', 'Pettah', '064', '1', '2026-04-28 15:25:49'),
('2009', '25', 'Beliatta', '065', '1', '2026-04-28 15:25:49'),
('2010', '25', 'Mathugama', '066', '1', '2026-04-28 15:25:49'),
('2011', '25', 'Malabe', '067', '1', '2026-04-28 15:25:49'),
('2012', '25', 'Wellawatte', '068', '1', '2026-04-28 15:25:49'),
('2013', '25', 'Dam Street', '069', '1', '2026-04-28 15:25:49'),
('2014', '25', 'Warakapola', '070', '1', '2026-04-28 15:25:49'),
('2015', '25', 'Wattala', '071', '1', '2026-04-28 15:25:49'),
('2016', '25', 'Vavuniya', '072', '1', '2026-04-28 15:25:49'),
('2017', '25', 'Batticaloa', '073', '1', '2026-04-28 15:25:49'),
('2018', '25', 'Kaththankudy', '074', '1', '2026-04-28 15:25:49'),
('2019', '25', 'Awissawella', '075', '1', '2026-04-28 15:25:49'),
('2020', '25', 'Nawalapitiya', '076', '1', '2026-04-28 15:25:49'),
('2021', '25', 'Kekirawa', '077', '1', '2026-04-28 15:25:49'),
('2022', '25', 'Mirigama', '078', '1', '2026-04-28 15:25:49'),
('2023', '25', 'Soysapura', '079', '1', '2026-04-28 15:25:49'),
('2024', '25', 'Ruwanwella', '080', '1', '2026-04-28 15:25:49'),
('2025', '25', 'Hambantota', '081', '1', '2026-04-28 15:25:49'),
('2026', '25', 'Borella', '082', '1', '2026-04-28 15:25:49'),
('2027', '25', 'Havelock Town', '083', '1', '2026-04-28 15:25:49'),
('2028', '25', 'Marandagahamula', '084', '1', '2026-04-28 15:25:49'),
('2029', '25', 'Jaffna', '085', '1', '2026-04-28 15:25:49'),
('2030', '25', 'Millenium', '086', '1', '2026-04-28 15:25:49'),
('2031', '25', 'Nittambuwa', '087', '1', '2026-04-28 15:25:49'),
('2032', '25', 'Trincomalee', '088', '1', '2026-04-28 15:25:49'),
('2033', '25', 'Meegoda', '089', '1', '2026-04-28 15:25:49'),
('2034', '25', 'Pelmadulla.', '090', '1', '2026-04-28 15:25:49'),
('2035', '25', 'Ampara', '091', '1', '2026-04-28 15:25:49'),
('2036', '25', 'Nelliady', '092', '1', '2026-04-28 15:25:49'),
('2037', '25', 'Kilinochchi', '093', '1', '2026-04-28 15:25:49'),
('2038', '25', 'Mannar', '094', '1', '2026-04-28 15:25:49'),
('2039', '25', 'Chavakachcheri', '095', '1', '2026-04-28 15:25:49'),
('2040', '25', 'Mullativu', '096', '1', '2026-04-28 15:25:49'),
('2041', '25', 'Kalmunai', '097', '1', '2026-04-28 15:25:49'),
('2042', '25', 'Chenkalady', '098', '1', '2026-04-28 15:25:49'),
('2043', '25', 'Piliyandala', '099', '1', '2026-04-28 15:25:49'),
('2044', '25', 'Akuressa', '100', '1', '2026-04-28 15:25:49'),
('2045', '25', 'Battaramulla', '101', '1', '2026-04-28 15:25:49'),
('2046', '25', 'Kaduruwela', '102', '1', '2026-04-28 15:25:49'),
('2047', '25', 'Dambulla', '103', '1', '2026-04-28 15:25:49'),
('2048', '25', 'Monaragala', '104', '1', '2026-04-28 15:25:49'),
('2049', '25', 'Ambalantota', '105', '1', '2026-04-28 15:25:49'),
('2050', '25', 'Narammala', '106', '1', '2026-04-28 15:25:49'),
('2051', '25', 'Mahiyanganaya', '107', '1', '2026-04-28 15:25:49'),
('2052', '25', 'Veyangoda', '108', '1', '2026-04-28 15:25:49'),
('2053', '25', 'Mawathagama', '109', '1', '2026-04-28 15:25:49'),
('2054', '25', 'Pussellawa', '110', '1', '2026-04-28 15:25:49'),
('2055', '25', 'Dummalasooriya', '111', '1', '2026-04-28 15:25:49'),
('2056', '25', 'Godagama', '112', '1', '2026-04-28 15:25:49'),
('2057', '25', 'Galenbidunuwewa', '113', '1', '2026-04-28 15:25:49'),
('2058', '25', 'Pitakotte', '114', '1', '2026-04-28 15:25:49'),
('2059', '25', 'Kanthale', '115', '1', '2026-04-28 15:25:49'),
('2060', '25', 'Akkaraipatthu', '116', '1', '2026-04-28 15:25:49'),
('2061', '25', 'Chankanai', '117', '1', '2026-04-28 15:25:49'),
('2062', '25', 'Kotahena', '118', '1', '2026-04-28 15:25:49'),
('2063', '25', 'Udappu', '119', '1', '2026-04-28 15:25:49'),
('2064', '25', 'Ingiriya', '120', '1', '2026-04-28 15:25:49'),
('2065', '25', 'Beruwala', '121', '1', '2026-04-28 15:25:49'),
('2066', '25', 'Kirulapone', '122', '1', '2026-04-28 15:25:49'),
('2067', '25', 'Gothatuwa', '123', '1', '2026-04-28 15:25:49'),
('2068', '25', 'Minuwangoda', '124', '1', '2026-04-28 15:25:49'),
('2069', '25', 'Moratumulla', '125', '1', '2026-04-28 15:25:49'),
('2070', '25', 'Kirindiwela', '126', '1', '2026-04-28 15:25:49'),
('2071', '25', 'Yatiyantota', '127', '1', '2026-04-28 15:25:49'),
('2072', '25', 'Ranpokunugama', '128', '1', '2026-04-28 15:25:49'),
('2073', '25', 'Aralaganwila', '129', '1', '2026-04-28 15:25:49'),
('2074', '25', 'Kalawanchikudy', '130', '1', '2026-04-28 15:25:49'),
('2075', '25', 'Manipay', '131', '1', '2026-04-28 15:25:49'),
('2076', '25', 'Medawachchiya', '132', '1', '2026-04-28 15:25:49'),
('2077', '25', 'Nochchiyagama', '133', '1', '2026-04-28 15:25:49'),
('2078', '25', 'Pallekelle', '134', '1', '2026-04-28 15:25:49'),
('2079', '25', 'Wijerama', '135', '1', '2026-04-28 15:25:49'),
('2080', '25', 'Kotiyakumbura', '136', '1', '2026-04-28 15:25:49'),
('2081', '25', 'Bowatta', '137', '1', '2026-04-28 15:25:49'),
('2082', '25', 'Eppawala', '138', '1', '2026-04-28 15:25:49'),
('2083', '25', 'Bambalapitiya', '139', '1', '2026-04-28 15:25:49'),
('2084', '25', 'Hikkaduwa', '140', '1', '2026-04-28 15:25:49'),
('2085', '25', 'Rideegama', '141', '1', '2026-04-28 15:25:49'),
('2086', '25', 'Wadduwa', '142', '1', '2026-04-28 15:25:49'),
('2087', '25', 'Kelaniya', '143', '1', '2026-04-28 15:25:49'),
('2088', '25', 'Colombo Gold Centre', '144', '1', '2026-04-28 15:25:49'),
('2089', '25', 'Baduraliya', '145', '1', '2026-04-28 15:25:49'),
('2090', '25', 'Kamburupitiya', '146', '1', '2026-04-28 15:25:49'),
('2091', '25', 'Kalpitiya', '147', '1', '2026-04-28 15:25:49'),
('2092', '25', 'Kataragama', '148', '1', '2026-04-28 15:25:49'),
('2093', '25', 'Katugastota', '149', '1', '2026-04-28 15:25:49'),
('2094', '25', 'Pothuvil', '151', '1', '2026-04-28 15:25:49'),
('2095', '25', 'Samanthurai', '152', '1', '2026-04-28 15:25:49'),
('2096', '25', 'Siyambalanduwa', '153', '1', '2026-04-28 15:25:49'),
('2097', '25', 'Padaviya', '154', '1', '2026-04-28 15:25:49'),
('2098', '25', 'Hasalaka', '155', '1', '2026-04-28 15:25:49'),
('2099', '25', 'Peradeniya', '157', '1', '2026-04-28 15:25:49'),
('2100', '25', 'Pilimathalawa', '158', '1', '2026-04-28 15:25:49'),
('2101', '25', 'Polonnaruwa', '159', '1', '2026-04-28 15:25:49'),
('2102', '25', 'Wennappuwa', '160', '1', '2026-04-28 15:25:49'),
('2103', '25', 'Dankotuwa', '161', '1', '2026-04-28 15:25:49'),
('2104', '25', 'Pannala', '162', '1', '2026-04-28 15:25:49'),
('2105', '25', 'Athurugiriya', '163', '1', '2026-04-28 15:25:49'),
('2106', '25', 'Karapitiya', '164', '1', '2026-04-28 15:25:49'),
('2107', '25', 'Matara Bazzar', '165', '1', '2026-04-28 15:25:49'),
('2108', '25', 'Chunnakam', '166', '1', '2026-04-28 15:25:49'),
('2109', '25', 'Mutwal', '167', '1', '2026-04-28 15:25:49'),
('2110', '25', 'Kandana', '168', '1', '2026-04-28 15:25:49'),
('2111', '25', 'Wariyapola', '169', '1', '2026-04-28 15:25:49'),
('2112', '25', 'Aluthgama', '170', '1', '2026-04-28 15:25:49'),
('2113', '25', 'Central Processing Unit', '996', '1', '2026-04-28 15:25:49'),
('2114', '25', 'Seylan Card Centre (SCC)', '997', '1', '2026-04-28 15:25:49'),
('2115', '25', 'Retail Remittance Center', '998', '1', '2026-04-28 15:25:49'),
('2116', '25', 'Head Office', '999', '1', '2026-04-28 15:25:49'),
('2117', '26', 'All Branches', '001', '1', '2026-04-28 15:25:49'),
('2118', '27', 'UB Main Office', '001', '1', '2026-04-28 15:25:49'),
('2119', '27', 'Colpetty', '002', '1', '2026-04-28 15:25:49'),
('2120', '27', 'Kandy', '003', '1', '2026-04-28 15:25:49'),
('2121', '27', 'Nawala', '004', '1', '2026-04-28 15:25:49'),
('2122', '27', 'Wellawatte', '005', '1', '2026-04-28 15:25:49'),
('2123', '27', 'Pettah', '006', '1', '2026-04-28 15:25:49'),
('2124', '27', 'Old Moor Street', '007', '1', '2026-04-28 15:25:49'),
('2125', '27', 'Head Office Branch', '008', '1', '2026-04-28 15:25:49'),
('2126', '27', 'Kurunegala', '009', '1', '2026-04-28 15:25:49'),
('2127', '27', 'Negambo', '010', '1', '2026-04-28 15:25:49'),
('2128', '27', 'Matara', '011', '1', '2026-04-28 15:25:49'),
('2129', '27', 'Kotahena', '012', '1', '2026-04-28 15:25:49'),
('2130', '27', 'Ja ela', '014', '1', '2026-04-28 15:25:49'),
('2131', '27', 'Neugegoda', '015', '1', '2026-04-28 15:25:49'),
('2132', '27', 'Moratuwa', '016', '1', '2026-04-28 15:25:49'),
('2133', '27', 'Wennappuwa', '017', '1', '2026-04-28 15:25:49'),
('2134', '27', 'Jaffna', '018', '1', '2026-04-28 15:25:49'),
('2135', '27', 'Mannar', '019', '1', '2026-04-28 15:25:49'),
('2136', '27', 'Vavuniya', '020', '1', '2026-04-28 15:25:49'),
('2137', '27', 'Chunnakkam', '021', '1', '2026-04-28 15:25:49'),
('2138', '27', 'Atchuvely', '022', '1', '2026-04-28 15:25:49'),
('2139', '27', 'Wattala', '023', '1', '2026-04-28 15:25:49'),
('2140', '27', 'Gampaha', '024', '1', '2026-04-28 15:25:49'),
('2141', '27', 'Batticaloa', '025', '1', '2026-04-28 15:25:49'),
('2142', '27', 'Trincomalee', '026', '1', '2026-04-28 15:25:49'),
('2143', '27', 'Galle', '027', '1', '2026-04-28 15:25:49'),
('2144', '27', 'Piliyandala', '028', '1', '2026-04-28 15:25:49'),
('2145', '27', 'Kadawatha', '029', '1', '2026-04-28 15:25:49'),
('2146', '27', 'Ratnapura', '030', '1', '2026-04-28 15:25:49'),
('2147', '27', 'Anuradhapura', '031', '1', '2026-04-28 15:25:49'),
('2148', '27', 'Dhambulla', '032', '1', '2026-04-28 15:25:49'),
('2149', '27', 'Badulla', '033', '1', '2026-04-28 15:25:49'),
('2150', '27', 'Horana', '034', '1', '2026-04-28 15:25:49'),
('2151', '27', 'Ambalangoda', '035', '1', '2026-04-28 15:25:49'),
('2152', '27', 'Chilaw', '036', '1', '2026-04-28 15:25:49'),
('2153', '27', 'Marawila', '037', '1', '2026-04-28 15:25:49'),
('2154', '27', 'Panadura', '038', '1', '2026-04-28 15:25:49'),
('2155', '27', 'Narammala', '039', '1', '2026-04-28 15:25:49'),
('2156', '27', 'Pelawatte', '040', '1', '2026-04-28 15:25:49'),
('2157', '27', 'Angunakolapelessa', '041', '1', '2026-04-28 15:25:49'),
('2158', '27', 'Kebithigollewa', '042', '1', '2026-04-28 15:25:49'),
('2159', '27', 'Gampola', '043', '1', '2026-04-28 15:25:49'),
('2160', '27', 'Embilipitiya', '044', '1', '2026-04-28 15:25:49'),
('2161', '27', 'Kegalle', '045', '1', '2026-04-28 15:25:49'),
('2162', '27', 'Warakapola', '046', '1', '2026-04-28 15:25:49'),
('2163', '27', 'Kekirawa', '047', '1', '2026-04-28 15:25:49'),
('2164', '27', 'Horowpathana', '048', '1', '2026-04-28 15:25:49'),
('2165', '27', 'Ambalanthota', '049', '1', '2026-04-28 15:25:49'),
('2166', '27', 'Minuwangoda', '050', '1', '2026-04-28 15:25:49'),
('2167', '27', 'Balangoda', '051', '1', '2026-04-28 15:25:49'),
('2168', '27', 'Maharagama', '052', '1', '2026-04-28 15:25:49'),
('2169', '27', 'Mathugama', '053', '1', '2026-04-28 15:25:49'),
('2170', '27', 'Nawalapitiya', '054', '1', '2026-04-28 15:25:49'),
('2171', '27', 'Ibbagamuwa', '055', '1', '2026-04-28 15:25:49'),
('2172', '27', 'Kuliyapitiya', '056', '1', '2026-04-28 15:25:49'),
('2173', '27', 'Pilimathalawa', '057', '1', '2026-04-28 15:25:49'),
('2174', '27', 'Moneragala', '058', '1', '2026-04-28 15:25:49'),
('2175', '27', 'Ganemulla', '059', '1', '2026-04-28 15:25:49'),
('2176', '27', 'Elpitiya', '060', '1', '2026-04-28 15:25:49'),
('2177', '27', 'Medawachchiya', '061', '1', '2026-04-28 15:25:49'),
('2178', '27', 'Ratmalana', '062', '1', '2026-04-28 15:25:49'),
('2179', '27', 'Akuressa', '063', '1', '2026-04-28 15:25:49'),
('2180', '27', 'Rajagiriaya', '064', '1', '2026-04-28 15:25:49'),
('2181', '27', 'Attidiya', '065', '1', '2026-04-28 15:25:49'),
('2182', '27', 'Kohuwala', '066', '1', '2026-04-28 15:25:49'),
('2183', '27', 'New Borella', '067', '1', '2026-04-28 15:25:49'),
('2184', '27', 'Peradeniya', '068', '1', '2026-04-28 15:25:49'),
('2185', '27', 'Bandarawela', '069', '1', '2026-04-28 15:25:49'),
('2186', '27', 'UB Corporate', '997', '1', '2026-04-28 15:25:49'),
('2187', '28', 'Metro', '001', '1', '2026-04-28 15:25:49'),
('2188', '28', 'Panchikawatte', '002', '1', '2026-04-28 15:25:49'),
('2189', '28', 'Kollupitiya', '003', '1', '2026-04-28 15:25:49'),
('2190', '28', 'Pettah', '004', '1', '2026-04-28 15:25:49'),
('2191', '28', 'Kandy', '005', '1', '2026-04-28 15:25:49'),
('2192', '28', 'Rajagiriya', '006', '1', '2026-04-28 15:25:49'),
('2193', '28', 'Ratnapura', '007', '1', '2026-04-28 15:25:49'),
('2194', '28', 'Nugegoda', '008', '1', '2026-04-28 15:25:49'),
('2195', '28', 'Bambalapitiya', '009', '1', '2026-04-28 15:25:49'),
('2196', '28', 'Negombo', '010', '1', '2026-04-28 15:25:49'),
('2197', '28', 'Gampaha', '011', '1', '2026-04-28 15:25:49'),
('2198', '28', 'Kurunegala', '012', '1', '2026-04-28 15:25:49'),
('2199', '28', 'Matara', '013', '1', '2026-04-28 15:25:49'),
('2200', '28', 'Kotahena', '014', '1', '2026-04-28 15:25:49'),
('2201', '28', 'Dehiwela', '015', '1', '2026-04-28 15:25:49'),
('2202', '28', 'Wattala', '016', '1', '2026-04-28 15:25:50'),
('2203', '28', 'Panadura', '017', '1', '2026-04-28 15:25:50'),
('2204', '28', 'Old Moor Street', '018', '1', '2026-04-28 15:25:50'),
('2205', '28', 'Dam Street', '019', '1', '2026-04-28 15:25:50'),
('2206', '28', 'Katugastota', '020', '1', '2026-04-28 15:25:50'),
('2207', '28', 'Narahenpita', '021', '1', '2026-04-28 15:25:50'),
('2208', '28', 'Kirulapana', '022', '1', '2026-04-28 15:25:50'),
('2209', '28', 'Maharagama', '023', '1', '2026-04-28 15:25:50'),
('2210', '28', 'Moratuwa', '024', '1', '2026-04-28 15:25:50'),
('2211', '28', 'Galle', '025', '1', '2026-04-28 15:25:50'),
('2212', '28', 'Kadawatha', '026', '1', '2026-04-28 15:25:50'),
('2213', '28', 'Kegalle', '027', '1', '2026-04-28 15:25:50'),
('2214', '28', 'Wennappuwa', '028', '1', '2026-04-28 15:25:50'),
('2215', '28', 'Wellawatta', '029', '1', '2026-04-28 15:25:50'),
('2216', '28', 'Gampola', '030', '1', '2026-04-28 15:25:50'),
('2217', '28', 'Borella', '031', '1', '2026-04-28 15:25:50'),
('2218', '28', 'Anuradhapura', '032', '1', '2026-04-28 15:25:50'),
('2219', '28', 'Kalutara', '033', '1', '2026-04-28 15:25:50'),
('2220', '28', 'Vavuniya', '034', '1', '2026-04-28 15:25:50'),
('2221', '28', 'Malabe', '035', '1', '2026-04-28 15:25:50'),
('2222', '28', 'Chilaw', '036', '1', '2026-04-28 15:25:50'),
('2223', '28', 'Jaffna', '037', '1', '2026-04-28 15:25:50'),
('2224', '28', 'Embilipitiya', '038', '1', '2026-04-28 15:25:50'),
('2225', '28', 'Matale', '039', '1', '2026-04-28 15:25:50'),
('2226', '28', 'Batticaloa', '040', '1', '2026-04-28 15:25:50'),
('2227', '28', 'Ambalangoda', '041', '1', '2026-04-28 15:25:50'),
('2228', '28', 'Kalmunai', '042', '1', '2026-04-28 15:25:50'),
('2229', '28', 'Kilinochchi', '043', '1', '2026-04-28 15:25:50'),
('2230', '28', 'Kandy City Centre', '044', '1', '2026-04-28 15:25:50'),
('2231', '28', 'Badulla', '045', '1', '2026-04-28 15:25:50'),
('2232', '28', 'Kuliyapitiya', '046', '1', '2026-04-28 15:25:50'),
('2233', '28', 'Kalubowila', '047', '1', '2026-04-28 15:25:50'),
('2234', '28', 'Bandarawela', '048', '1', '2026-04-28 15:25:50'),
('2235', '28', 'Dambulla', '049', '1', '2026-04-28 15:25:50'),
('2236', '28', 'Ratmalana', '050', '1', '2026-04-28 15:25:50'),
('2237', '28', 'Peradeniya', '051', '1', '2026-04-28 15:25:50'),
('2238', '28', 'Kaduruwela', '052', '1', '2026-04-28 15:25:50'),
('2239', '28', 'Ambalanthota', '053', '1', '2026-04-28 15:25:50'),
('2240', '28', 'Kiribathgoda', '054', '1', '2026-04-28 15:25:50'),
('2241', '28', 'Piliyandala', '055', '1', '2026-04-28 15:25:50'),
('2242', '28', 'Nelliady', '056', '1', '2026-04-28 15:25:50'),
('2243', '28', 'Kanthankudy', '057', '1', '2026-04-28 15:25:50'),
('2244', '28', 'Kundasale', '058', '1', '2026-04-28 15:25:50'),
('2245', '28', 'Monaragala', '059', '1', '2026-04-28 15:25:50'),
('2246', '28', 'Akkaraipaththu', '060', '1', '2026-04-28 15:25:50'),
('2247', '28', 'Chunnakam', '061', '1', '2026-04-28 15:25:50'),
('2248', '28', 'Balangoda', '062', '1', '2026-04-28 15:25:50'),
('2249', '28', 'Battaramulla', '063', '1', '2026-04-28 15:25:50'),
('2250', '28', 'Puttalama', '064', '1', '2026-04-28 15:25:50'),
('2251', '28', 'Pilimathalawa', '065', '1', '2026-04-28 15:25:50'),
('2252', '28', 'Ja-Ela', '066', '1', '2026-04-28 15:25:50'),
('2253', '28', 'Kekirawa', '067', '1', '2026-04-28 15:25:50'),
('2254', '28', 'Thalawathugoda', '068', '1', '2026-04-28 15:25:50'),
('2255', '28', 'Minuwangoda', '069', '1', '2026-04-28 15:25:50'),
('2256', '28', 'Warakapola', '070', '1', '2026-04-28 15:25:50'),
('2257', '28', 'Galewela', '071', '1', '2026-04-28 15:25:50'),
('2258', '28', 'Akuressa', '072', '1', '2026-04-28 15:25:50'),
('2259', '28', 'Trincomalee', '073', '1', '2026-04-28 15:25:50'),
('2260', '28', 'Tangalle', '074', '1', '2026-04-28 15:25:50'),
('2261', '28', 'Hatton', '075', '1', '2026-04-28 15:25:50'),
('2262', '28', 'Homagama', '076', '1', '2026-04-28 15:25:50'),
('2263', '28', 'Horana', '077', '1', '2026-04-28 15:25:50'),
('2264', '28', 'Colombo Gold Centre', '078', '1', '2026-04-28 15:25:50'),
('2265', '28', 'Nawala', '079', '1', '2026-04-28 15:25:50'),
('2266', '28', 'Kottawa', '080', '1', '2026-04-28 15:25:50'),
('2267', '28', 'Kaduwela', '081', '1', '2026-04-28 15:25:50'),
('2268', '28', 'Mawanella', '082', '1', '2026-04-28 15:25:50'),
('2269', '28', 'Dankotuwa', '083', '1', '2026-04-28 15:25:50'),
('2270', '28', 'Hikkaduwa', '084', '1', '2026-04-28 15:25:50'),
('2271', '28', 'Weligama', '085', '1', '2026-04-28 15:25:50'),
('2272', '28', 'Internationl Remittance', '814', '1', '2026-04-28 15:25:50'),
('2273', '28', 'Head Office', '999', '1', '2026-04-28 15:25:50'),
('2274', '29', 'Sri Lanka Branch', '001', '1', '2026-04-28 15:25:50'),
('2275', '30', 'Head Office', '001', '1', '2026-04-28 15:25:50'),
('2276', '30', 'Nugegoda', '002', '1', '2026-04-28 15:25:50'),
('2277', '30', 'Malabe', '003', '1', '2026-04-28 15:25:50'),
('2278', '30', 'Matara', '004', '1', '2026-04-28 15:25:50'),
('2279', '30', 'Kurunegala', '005', '1', '2026-04-28 15:25:50'),
('2280', '30', 'Katugastota', '006', '1', '2026-04-28 15:25:50'),
('2281', '30', 'City Office', '007', '1', '2026-04-28 15:25:50'),
('2282', '30', 'Rathnapura', '008', '1', '2026-04-28 15:25:50'),
('2283', '30', 'Anuradhapura', '009', '1', '2026-04-28 15:25:50'),
('2284', '30', 'Gampaha', '010', '1', '2026-04-28 15:25:50'),
('2285', '30', 'Badulla', '011', '1', '2026-04-28 15:25:50'),
('2286', '30', 'Borella', '012', '1', '2026-04-28 15:25:50'),
('2287', '30', 'Kaduruwela', '014', '1', '2026-04-28 15:25:50'),
('2288', '30', 'Bandaranayake Mawatha', '015', '1', '2026-04-28 15:25:50'),
('2289', '30', 'Maharagama', '016', '1', '2026-04-28 15:25:50'),
('2290', '30', 'Bandarawela', '017', '1', '2026-04-28 15:25:50'),
('2291', '30', 'Negombo', '018', '1', '2026-04-28 15:25:50'),
('2292', '30', 'Kottawa', '019', '1', '2026-04-28 15:25:50'),
('2293', '30', 'Dambulla', '020', '1', '2026-04-28 15:25:50'),
('2294', '30', 'Wattala', '021', '1', '2026-04-28 15:25:50'),
('2295', '30', 'Kuliyapitiya', '022', '1', '2026-04-28 15:25:50'),
('2296', '30', 'Panadura', '023', '1', '2026-04-28 15:25:50'),
('2297', '30', 'Piliyandala', '024', '1', '2026-04-28 15:25:50'),
('2298', '30', 'Deniyaya', '025', '1', '2026-04-28 15:25:50'),
('2299', '30', 'Kaluthara', '026', '1', '2026-04-28 15:25:50'),
('2300', '30', 'Kiribathgoda', '027', '1', '2026-04-28 15:25:50'),
('2301', '30', 'Nawala', '028', '1', '2026-04-28 15:25:50'),
('2302', '30', 'Kadawatha', '029', '1', '2026-04-28 15:25:50'),
('2303', '30', 'Gampola', '030', '1', '2026-04-28 15:25:50'),
('2304', '30', 'Matale', '031', '1', '2026-04-28 15:25:50'),
('2305', '30', 'Chilaw', '032', '1', '2026-04-28 15:25:50'),
('2306', '30', 'Wellawatte', '033', '1', '2026-04-28 15:25:50'),
('2307', '30', 'Horana', '034', '1', '2026-04-28 15:25:50'),
('2308', '30', 'Galle', '035', '1', '2026-04-28 15:25:50'),
('2309', '30', 'Nuwara Eliya', '036', '1', '2026-04-28 15:25:50'),
('2310', '30', 'Kalawana', '037', '1', '2026-04-28 15:25:50'),
('2311', '30', 'Ambalangoda', '038', '1', '2026-04-28 15:25:50'),
('2312', '30', 'Avissawella', '039', '1', '2026-04-28 15:25:50'),
('2313', '30', 'Batticaloa', '040', '1', '2026-04-28 15:25:50'),
('2314', '30', 'Ampara', '041', '1', '2026-04-28 15:25:50'),
('2315', '30', 'Jaffna', '042', '1', '2026-04-28 15:25:50'),
('2316', '30', 'Moratuwa', '043', '1', '2026-04-28 15:25:50'),
('2317', '30', 'Trincomalee', '044', '1', '2026-04-28 15:25:50'),
('2318', '30', 'Embilipitiya', '045', '1', '2026-04-28 15:25:50'),
('2319', '30', 'Pettah Peoples Park', '046', '1', '2026-04-28 15:25:50'),
('2320', '30', 'Vavuniya', '047', '1', '2026-04-28 15:25:50'),
('2321', '30', 'Kegalle', '049', '1', '2026-04-28 15:25:50'),
('2322', '30', 'Monaragala', '050', '1', '2026-04-28 15:25:50'),
('2323', '30', 'Sainthamaruthu', '051', '1', '2026-04-28 15:25:50'),
('2324', '30', 'Kilinochchi', '052', '1', '2026-04-28 15:25:50'),
('2325', '30', 'Elpitiya', '053', '1', '2026-04-28 15:25:50'),
('2326', '30', 'Akuressa', '054', '1', '2026-04-28 15:25:50'),
('2327', '30', 'Kattankudy', '055', '1', '2026-04-28 15:25:50'),
('2328', '30', 'Tangalle', '056', '1', '2026-04-28 15:25:50'),
('2329', '30', 'Oddamavadi', '057', '1', '2026-04-28 15:25:50'),
('2330', '30', 'Akkaraipattu', '058', '1', '2026-04-28 15:25:50'),
('2331', '30', 'Chunnakam', '059', '1', '2026-04-28 15:25:50'),
('2332', '30', 'Manipai', '060', '1', '2026-04-28 15:25:50'),
('2333', '30', 'Nelliady', '061', '1', '2026-04-28 15:25:50'),
('2334', '30', 'Hambantota', '062', '1', '2026-04-28 15:25:50'),
('2335', '30', 'Ja Ela', '063', '1', '2026-04-28 15:25:50'),
('2336', '30', 'Kotahena', '064', '1', '2026-04-28 15:25:50'),
('2337', '30', 'Digana', '065', '1', '2026-04-28 15:25:50'),
('2338', '30', 'Thambuttegama', '066', '1', '2026-04-28 15:25:50'),
('2339', '30', 'Galewela', '067', '1', '2026-04-28 15:25:50'),
('2340', '30', 'Eheliyagoda', '068', '1', '2026-04-28 15:25:50'),
('2341', '30', 'Mathugama', '069', '1', '2026-04-28 15:25:50'),
('2342', '30', 'Narammala', '070', '1', '2026-04-28 15:25:50'),
('2343', '30', 'Nikaweratiya', '071', '1', '2026-04-28 15:25:50'),
('2344', '30', 'Mount Lavinia', '072', '1', '2026-04-28 15:25:50'),
('2345', '30', 'Hatton', '073', '1', '2026-04-28 15:25:50'),
('2346', '30', 'Welimada', '074', '1', '2026-04-28 15:25:50'),
('2347', '30', 'Ibbagamuwa', '075', '1', '2026-04-28 15:25:50'),
('2348', '30', 'Gangodawila', '076', '1', '2026-04-28 15:25:50'),
('2349', '30', 'Weligama', '077', '1', '2026-04-28 15:25:50'),
('2350', '30', 'Kaduwela', '078', '1', '2026-04-28 15:25:50'),
('2351', '30', 'Hingurakgoda', '079', '1', '2026-04-28 15:25:50'),
('2352', '30', 'Balangoda', '080', '1', '2026-04-28 15:25:50'),
('2353', '30', 'Bandaragama', '081', '1', '2026-04-28 15:25:50'),
('2354', '30', 'Peradeniya', '082', '1', '2026-04-28 15:25:50'),
('2355', '30', 'Kandy City Centre', '083', '1', '2026-04-28 15:25:50'),
('2356', '30', 'Dehiattakandiya', '084', '1', '2026-04-28 15:25:50'),
('2357', '30', 'Aralaganwila', '085', '1', '2026-04-28 15:25:50'),
('2358', '30', 'Medirigiriya', '086', '1', '2026-04-28 15:25:50'),
('2359', '30', 'Pettah-Main Street', '087', '1', '2026-04-28 15:25:50'),
('2360', '30', 'Kahawatta', '088', '1', '2026-04-28 15:25:50'),
('2361', '30', 'Kochchikade', '089', '1', '2026-04-28 15:25:50'),
('2362', '30', 'Giriulla', '090', '1', '2026-04-28 15:25:50'),
('2363', '30', 'Wennappuwa', '091', '1', '2026-04-28 15:25:50'),
('2364', '30', 'Hikkaduwa', '092', '1', '2026-04-28 15:25:50'),
('2365', '30', 'Nawalapitiya', '093', '1', '2026-04-28 15:25:50'),
('2366', '30', 'Dankotuwa', '094', '1', '2026-04-28 15:25:50'),
('2367', '30', 'Ambalantota', '095', '1', '2026-04-28 15:25:50'),
('2368', '30', 'Wattegama', '096', '1', '2026-04-28 15:25:50'),
('2369', '30', 'Tissamaharama', '097', '1', '2026-04-28 15:25:50'),
('2370', '30', 'Morawaka', '098', '1', '2026-04-28 15:25:50'),
('2371', '30', 'Baddegama', '099', '1', '2026-04-28 15:25:50'),
('2372', '30', 'Matara City', '100', '1', '2026-04-28 15:25:50'),
('2373', '30', 'Nivithigala', '101', '1', '2026-04-28 15:25:50'),
('2374', '30', 'Urubokka', '102', '1', '2026-04-28 15:25:50'),
('2375', '30', 'Buttala', '103', '1', '2026-04-28 15:25:50'),
('2376', '30', 'Wellawaya', '104', '1', '2026-04-28 15:25:50'),
('2377', '30', 'Southern Province SLP Units', '501', '1', '2026-04-28 15:25:50'),
('2378', '30', 'Western  Province SLP Units', '511', '1', '2026-04-28 15:25:50'),
('2379', '30', 'North Western Province SLP Units', '521', '1', '2026-04-28 15:25:50'),
('2380', '30', 'Central Province SLP Units', '531', '1', '2026-04-28 15:25:50'),
('2381', '30', 'Sabaragamuwa Province SLP Units', '541', '1', '2026-04-28 15:25:50'),
('2382', '30', 'North Central  Province SLP Units', '551', '1', '2026-04-28 15:25:50'),
('2383', '30', 'Eastern  Province SLP Units', '561', '1', '2026-04-28 15:25:50'),
('2384', '30', 'Uva Province SLP Units', '571', '1', '2026-04-28 15:25:50'),
('2385', '30', 'Premier Banking Centre', '700', '1', '2026-04-28 15:25:50'),
('2386', '30', 'Central Operations', '800', '1', '2026-04-28 15:25:50'),
('2387', '31', 'Head Office', '001', '1', '2026-04-28 15:25:50'),
('2388', '31', 'Pettah', '002', '1', '2026-04-28 15:25:50'),
('2389', '31', 'Kandy', '003', '1', '2026-04-28 15:25:50'),
('2390', '31', 'Kattankudy', '004', '1', '2026-04-28 15:25:50'),
('2391', '31', 'Ladies', '005', '1', '2026-04-28 15:25:50'),
('2392', '31', 'Kalmunai', '006', '1', '2026-04-28 15:25:50'),
('2393', '31', 'Galle', '008', '1', '2026-04-28 15:25:50'),
('2394', '31', 'Oddamavadi', '009', '1', '2026-04-28 15:25:50'),
('2395', '31', 'Akurana', '010', '1', '2026-04-28 15:25:50'),
('2396', '31', 'Gampola', '011', '1', '2026-04-28 15:25:50'),
('2397', '31', 'Sammanthurai', '012', '1', '2026-04-28 15:25:50'),
('2398', '31', 'Mawanella', '013', '1', '2026-04-28 15:25:50'),
('2399', '31', 'Kurunegala', '014', '1', '2026-04-28 15:25:50'),
('2400', '31', 'Akkaraipattu', '015', '1', '2026-04-28 15:25:50'),
('2401', '31', 'Dehiwela', '016', '1', '2026-04-28 15:25:50'),
('2402', '31', 'Nintavur', '017', '1', '2026-04-28 15:25:50'),
('2403', '31', 'Kuliyapitiya', '018', '1', '2026-04-28 15:25:50'),
('2404', '31', 'Eravur', '019', '1', '2026-04-28 15:25:50'),
('2405', '31', 'Negombo', '020', '1', '2026-04-28 15:25:50'),
('2406', '31', 'Badulla', '021', '1', '2026-04-28 15:25:50'),
('2407', '31', 'Kaduruwela', '022', '1', '2026-04-28 15:25:50'),
('2408', '31', 'Puttalam', '023', '1', '2026-04-28 15:25:50'),
('2409', '31', 'Kinniya', '024', '1', '2026-04-28 15:25:50'),
('2410', '31', 'Ratnapura', '025', '1', '2026-04-28 15:25:50'),
('2411', '31', 'Kalmunai Unity Square', '026', '1', '2026-04-28 15:25:50'),
('2412', '31', 'Old Moor Street', '027', '1', '2026-04-28 15:25:50'),
('2413', '31', 'Dematagoda', '028', '1', '2026-04-28 15:25:50'),
('2414', '31', 'Kirulapana', '029', '1', '2026-04-28 15:25:50'),
('2415', '32', 'Colombo', '002', '1', '2026-04-28 15:25:50'),
('2416', '33', 'Corporate', '001', '1', '2026-04-28 15:25:50'),
('2417', '33', 'Maitland Crescent', '002', '1', '2026-04-28 15:25:50'),
('2418', '33', 'Old Moor Street', '003', '1', '2026-04-28 15:25:50'),
('2419', '33', 'Matara', '004', '1', '2026-04-28 15:25:50'),
('2420', '33', 'Maharagama', '005', '1', '2026-04-28 15:25:50'),
('2421', '33', 'Vavuniya', '006', '1', '2026-04-28 15:25:50'),
('2422', '33', 'Hawaeliya', '007', '1', '2026-04-28 15:25:50'),
('2423', '33', 'Thanamalwila', '008', '1', '2026-04-28 15:25:50'),
('2424', '33', 'Kurunegala', '009', '1', '2026-04-28 15:25:50'),
('2425', '33', 'Jaffna City Center', '010', '1', '2026-04-28 15:25:50'),
('2426', '33', 'Chunnakkam', '011', '1', '2026-04-28 15:25:50'),
('2427', '33', 'Galle', '012', '1', '2026-04-28 15:25:50'),
('2428', '33', 'Nuwara Eliya', '013', '1', '2026-04-28 15:25:50'),
('2429', '33', 'Kandy', '014', '1', '2026-04-28 15:25:50'),
('2430', '33', 'Peradeniya', '015', '1', '2026-04-28 15:25:50'),
('2431', '33', 'Ratnapura', '016', '1', '2026-04-28 15:25:50'),
('2432', '33', 'Wattala', '018', '1', '2026-04-28 15:25:50'),
('2433', '33', 'Kaduruwela', '019', '1', '2026-04-28 15:25:50'),
('2434', '33', 'Central Processing Office', '925', '1', '2026-04-28 15:25:50'),
('2435', '34', 'Head Office', '001', '1', '2026-04-28 15:25:50'),
('2436', '34', 'City', '002', '1', '2026-04-28 15:25:50'),
('2437', '34', 'Galle', '003', '1', '2026-04-28 15:25:50'),
('2438', '34', 'Matara', '004', '1', '2026-04-28 15:25:50'),
('2439', '34', 'Anuradhapura', '005', '1', '2026-04-28 15:25:50'),
('2440', '34', 'Jaffna', '006', '1', '2026-04-28 15:25:50'),
('2441', '34', 'Chilaw', '007', '1', '2026-04-28 15:25:50'),
('2442', '34', 'Kuliyapitiya', '008', '1', '2026-04-28 15:25:50'),
('2443', '34', 'Negombo', '009', '1', '2026-04-28 15:25:50'),
('2444', '34', 'Ratnapura', '010', '1', '2026-04-28 15:25:50'),
('2445', '34', 'Ambalantota', '011', '1', '2026-04-28 15:25:50'),
('2446', '34', 'Kalutara', '012', '1', '2026-04-28 15:25:50'),
('2447', '34', 'Embilipitiya', '013', '1', '2026-04-28 15:25:50'),
('2448', '34', 'Kekirawa', '014', '1', '2026-04-28 15:25:50'),
('2449', '34', 'Kandy', '015', '1', '2026-04-28 15:25:50'),
('2450', '34', 'Matale', '016', '1', '2026-04-28 15:25:50'),
('2451', '34', 'kurunegala', '017', '1', '2026-04-28 15:25:50'),
('2452', '34', 'Kegalle', '018', '1', '2026-04-28 15:25:50'),
('2453', '34', 'Kilinochchi', '019', '1', '2026-04-28 15:25:50'),
('2454', '34', 'Moratuwa', '020', '1', '2026-04-28 15:25:50'),
('2455', '34', 'Batticaloa', '021', '1', '2026-04-28 15:25:50'),
('2456', '34', 'Badulla', '022', '1', '2026-04-28 15:25:50'),
('2457', '34', 'Bambalapitiya', '023', '1', '2026-04-28 15:25:50'),
('2458', '34', 'Dehiwala', '024', '1', '2026-04-28 15:25:50'),
('2459', '34', 'Peliyagoda', '025', '1', '2026-04-28 15:25:50'),
('2460', '34', 'Nugegoda', '026', '1', '2026-04-28 15:25:50'),
('2461', '34', 'Homagama', '027', '1', '2026-04-28 15:25:50'),
('2462', '34', 'Beruwala', '028', '1', '2026-04-28 15:25:50'),
('2463', '34', 'Wennappuwa', '029', '1', '2026-04-28 15:25:50'),
('2464', '34', 'Ampara', '030', '1', '2026-04-28 15:25:50'),
('2465', '34', 'Kochchikade', '031', '1', '2026-04-28 15:25:50'),
('2466', '34', 'Point Pedro', '032', '1', '2026-04-28 15:25:50'),
('2467', '34', 'Ambalangoda', '033', '1', '2026-04-28 15:25:50'),
('2468', '34', 'Naththandiya', '034', '1', '2026-04-28 15:25:50'),
('2469', '34', 'Ruwanwella', '035', '1', '2026-04-28 15:25:50'),
('2470', '34', 'Ja-Ela', '036', '1', '2026-04-28 15:25:50'),
('2471', '34', 'Gampaha', '037', '1', '2026-04-28 15:25:50'),
('2472', '34', 'Devinuwara', '039', '1', '2026-04-28 15:25:50'),
('2473', '34', 'Nikaweratiya', '040', '1', '2026-04-28 15:25:50'),
('2474', '34', 'Mahiyanganaya', '041', '1', '2026-04-28 15:25:50'),
('2475', '34', 'Warakapola', '042', '1', '2026-04-28 15:25:50'),
('2476', '34', 'Panadura', '043', '1', '2026-04-28 15:25:50'),
('2477', '34', 'Puttalama', '044', '1', '2026-04-28 15:25:50'),
('2478', '34', 'Matugama', '045', '1', '2026-04-28 15:25:51'),
('2479', '34', 'Monaragala', '046', '1', '2026-04-28 15:25:51'),
('2480', '34', 'Kalmunai', '047', '1', '2026-04-28 15:25:51'),
('2481', '34', 'Beliatta', '048', '1', '2026-04-28 15:25:51'),
('2482', '34', 'Mannar', '049', '1', '2026-04-28 15:25:51'),
('2483', '34', 'Nawalapitiya', '050', '1', '2026-04-28 15:25:51'),
('2484', '34', 'Pettah', '051', '1', '2026-04-28 15:25:51'),
('2485', '34', 'Katunayake', '052', '1', '2026-04-28 15:25:51'),
('2486', '34', 'Maharagama', '053', '1', '2026-04-28 15:25:51'),
('2487', '34', 'Deniyaya', '054', '1', '2026-04-28 15:25:51'),
('2488', '34', 'Akuressa', '055', '1', '2026-04-28 15:25:51'),
('2489', '34', 'Nuwara Eliya', '056', '1', '2026-04-28 15:25:51'),
('2490', '34', 'Avissawella', '057', '1', '2026-04-28 15:25:51'),
('2491', '34', 'Galnewa', '058', '1', '2026-04-28 15:25:51'),
('2492', '34', 'Mawanella', '059', '1', '2026-04-28 15:25:51'),
('2493', '34', 'Bandarawela', '060', '1', '2026-04-28 15:25:51'),
('2494', '34', 'Borella', '061', '1', '2026-04-28 15:25:51'),
('2495', '34', 'Hakmana', '062', '1', '2026-04-28 15:25:51'),
('2496', '34', 'Horana', '063', '1', '2026-04-28 15:25:51'),
('2497', '34', 'Narahenpita', '064', '1', '2026-04-28 15:25:51'),
('2498', '34', 'Kollupitiya 2nd', '065', '1', '2026-04-28 15:25:51'),
('2499', '34', 'Weligama', '066', '1', '2026-04-28 15:25:51'),
('2500', '34', 'Kiribathgoda', '067', '1', '2026-04-28 15:25:51'),
('2501', '34', 'Mount Lavinia', '068', '1', '2026-04-28 15:25:51'),
('2502', '34', 'Marawila', '069', '1', '2026-04-28 15:25:51'),
('2503', '34', 'Wellawatta', '070', '1', '2026-04-28 15:25:51'),
('2504', '34', 'Piliyandala', '071', '1', '2026-04-28 15:25:51'),
('2505', '34', 'Chunnakam', '072', '1', '2026-04-28 15:25:51'),
('2506', '34', 'Chavakachcheri', '073', '1', '2026-04-28 15:25:51'),
('2507', '34', 'Gampola', '074', '1', '2026-04-28 15:25:51'),
('2508', '34', 'Kadawatha', '075', '1', '2026-04-28 15:25:51'),
('2509', '34', 'Hingurakgoda', '076', '1', '2026-04-28 15:25:51'),
('2510', '34', 'Maligawatta', '077', '1', '2026-04-28 15:25:51'),
('2511', '34', 'Thalawakele', '078', '1', '2026-04-28 15:25:51'),
('2512', '34', 'Mirigama', '079', '1', '2026-04-28 15:25:51'),
('2513', '34', 'Battaramulla', '080', '1', '2026-04-28 15:25:51'),
('2514', '34', 'Kandy 2nd', '081', '1', '2026-04-28 15:25:51'),
('2515', '34', 'Dickwella', '082', '1', '2026-04-28 15:25:51'),
('2516', '34', 'Mahabage', '083', '1', '2026-04-28 15:25:51'),
('2517', '34', 'Pilimathalawa', '084', '1', '2026-04-28 15:25:51'),
('2518', '34', 'Wattala', '085', '1', '2026-04-28 15:25:51'),
('2519', '34', 'Kamburupitiya', '086', '1', '2026-04-28 15:25:51'),
('2520', '34', 'Kotahena', '087', '1', '2026-04-28 15:25:51'),
('2521', '34', 'Vavuniya', '088', '1', '2026-04-28 15:25:51'),
('2522', '34', 'Trincomalee', '089', '1', '2026-04-28 15:25:51'),
('2523', '34', 'Morawaka', '090', '1', '2026-04-28 15:25:51'),
('2524', '34', 'Balangoda', '091', '1', '2026-04-28 15:25:51'),
('2525', '34', 'Veyangoda', '092', '1', '2026-04-28 15:25:51'),
('2526', '34', 'Katubedda', '093', '1', '2026-04-28 15:25:51'),
('2527', '34', 'Elpitiya', '094', '1', '2026-04-28 15:25:51'),
('2528', '34', 'Kaduwela', '095', '1', '2026-04-28 15:25:51'),
('2529', '34', 'Divulapitiya', '096', '1', '2026-04-28 15:25:51'),
('2530', '34', 'Tissamaharama', '097', '1', '2026-04-28 15:25:51'),
('2531', '34', 'Minuwangoda', '098', '1', '2026-04-28 15:25:51'),
('2532', '34', 'Kirindiwela', '099', '1', '2026-04-28 15:25:51'),
('2533', '34', 'Nittambuwa', '100', '1', '2026-04-28 15:25:51'),
('2534', '34', 'Welimada', '101', '1', '2026-04-28 15:25:51'),
('2535', '34', 'Kottawa', '102', '1', '2026-04-28 15:25:51'),
('2536', '34', 'Dambulla', '103', '1', '2026-04-28 15:25:51'),
('2537', '34', 'Kahathuduwa', '104', '1', '2026-04-28 15:25:51'),
('2538', '34', 'Aluthgama', '105', '1', '2026-04-28 15:25:51'),
('2539', '34', 'Meegoda', '106', '1', '2026-04-28 15:25:51'),
('2540', '34', 'Manipay', '107', '1', '2026-04-28 15:25:51'),
('2541', '34', 'Thirunelvely', '108', '1', '2026-04-28 15:25:51'),
('2542', '34', 'Chenkaladi', '109', '1', '2026-04-28 15:25:51'),
('2543', '34', 'Uragasmanhandiya', '110', '1', '2026-04-28 15:25:51'),
('2544', '34', 'Nawala', '111', '1', '2026-04-28 15:25:51'),
('2545', '34', 'Deraniyagala', '112', '1', '2026-04-28 15:25:51'),
('2546', '34', 'Hikkaduwa', '113', '1', '2026-04-28 15:25:51'),
('2547', '34', 'Kalawanchikudy', '114', '1', '2026-04-28 15:25:51'),
('2548', '34', 'Kalubowila', '115', '1', '2026-04-28 15:25:51'),
('2549', '34', 'Hatton', '116', '1', '2026-04-28 15:25:51'),
('2550', '34', 'Welikada', '117', '1', '2026-04-28 15:25:51'),
('2551', '34', 'Samanthurai', '118', '1', '2026-04-28 15:25:51'),
('2552', '34', 'Delkanda', '119', '1', '2026-04-28 15:25:51'),
('2553', '34', 'Yakkala', '120', '1', '2026-04-28 15:25:51'),
('2554', '34', 'Karapitiya', '121', '1', '2026-04-28 15:25:51'),
('2555', '34', 'Kaduruwela', '122', '1', '2026-04-28 15:25:51'),
('2556', '34', 'Malabe', '123', '1', '2026-04-28 15:25:51'),
('2557', '34', 'Boralesgamuwa', '124', '1', '2026-04-28 15:25:51'),
('2558', '34', 'Moratumulla', '125', '1', '2026-04-28 15:25:51'),
('2559', '34', 'Bandaragama', '126', '1', '2026-04-28 15:25:51'),
('2560', '34', 'Mulgampola', '127', '1', '2026-04-28 15:25:51'),
('2561', '34', 'Badalkumbura', '128', '1', '2026-04-28 15:25:51'),
('2562', '34', 'Dankotuwa', '129', '1', '2026-04-28 15:25:51'),
('2563', '34', 'Mullative', '130', '1', '2026-04-28 15:25:51'),
('2564', '34', 'Kodikamam', '131', '1', '2026-04-28 15:25:51'),
('2565', '34', 'Alawathugoda', '132', '1', '2026-04-28 15:25:51'),
('2566', '34', 'Godakawela', '133', '1', '2026-04-28 15:25:51'),
('2567', '34', 'Periyakallar', '134', '1', '2026-04-28 15:25:51'),
('2568', '34', 'Thamabiluvil', '135', '1', '2026-04-28 15:25:51'),
('2569', '34', 'Horawpathana', '136', '1', '2026-04-28 15:25:51'),
('2570', '34', 'Galenbindunuwewa', '137', '1', '2026-04-28 15:25:51'),
('2571', '34', 'Pitakatte', '138', '1', '2026-04-28 15:25:51'),
('2572', '34', 'Pitigala', '139', '1', '2026-04-28 15:25:51'),
('2573', '34', 'Urubokka', '140', '1', '2026-04-28 15:25:51'),
('2574', '34', 'Kandana', '141', '1', '2026-04-28 15:25:51'),
('2575', '34', 'Maho', '142', '1', '2026-04-28 15:25:51'),
('2576', '34', 'Udugama', '143', '1', '2026-04-28 15:25:51'),
('2577', '34', 'Uhana', '144', '1', '2026-04-28 15:25:51'),
('2578', '34', 'Galagedara', '145', '1', '2026-04-28 15:25:51'),
('2579', '34', 'Siyambalanduwa', '146', '1', '2026-04-28 15:25:51'),
('2580', '34', 'Kopay', '147', '1', '2026-04-28 15:25:51'),
('2581', '34', 'Peradeniya', '148', '1', '2026-04-28 15:25:51'),
('2582', '34', 'City Plus', '149', '1', '2026-04-28 15:25:51'),
('2583', '34', 'Piliyandala 2nd', '150', '1', '2026-04-28 15:25:51'),
('2584', '34', 'Ragama Piyasa', '701', '1', '2026-04-28 15:25:51'),
('2585', '34', 'WTC Piyasa', '702', '1', '2026-04-28 15:25:51'),
('2586', '34', 'Athurugiriya Piyasa', '703', '1', '2026-04-28 15:25:51'),
('2587', '34', 'Neluwa Piyasa', '704', '1', '2026-04-28 15:25:51'),
('2588', '34', 'Ganemulla Piyasa', '705', '1', '2026-04-28 15:25:51'),
('2589', '34', 'Wellampitiya Piyasa', '706', '1', '2026-04-28 15:25:51'),
('2590', '34', 'Narammala Piyasa', '707', '1', '2026-04-28 15:25:51'),
('2591', '34', 'Bibile \'piyasa\'', '708', '1', '2026-04-28 15:25:51'),
('2592', '34', 'Hettipola', '709', '1', '2026-04-28 15:25:51'),
('2593', '34', 'Bulathkohupitiya', '710', '1', '2026-04-28 15:25:51'),
('2594', '34', 'Kandy City Center', '711', '1', '2026-04-28 15:25:51'),
('2595', '34', 'Weeraketiya NSB Piyasa', '712', '1', '2026-04-28 15:25:51'),
('2596', '34', 'Tangalle NSB Piyasa', '713', '1', '2026-04-28 15:25:51'),
('2597', '34', 'Walasmulla NSB Piyasa', '714', '1', '2026-04-28 15:25:51'),
('2598', '34', 'Wadduwa NSB Piyasa', '715', '1', '2026-04-28 15:25:51'),
('2599', '34', 'Kelaniya NSB Piyasa', '716', '1', '2026-04-28 15:25:51'),
('2600', '34', 'Nelliady NSB Piyasa', '717', '1', '2026-04-28 15:25:51'),
('2601', '34', 'Atchuvely NSB Piyasa', '718', '1', '2026-04-28 15:25:51'),
('2602', '34', 'Puwakaramba Piyasa', '719', '1', '2026-04-28 15:25:51'),
('2603', '34', 'Valaichenai Piyasa', '720', '1', '2026-04-28 15:25:51'),
('2604', '34', 'Aranayake Piyasa', '721', '1', '2026-04-28 15:25:51'),
('2605', '34', 'Rikillagaskada Piyasa', '722', '1', '2026-04-28 15:25:51'),
('2606', '34', 'Katugastota Piyasa', '723', '1', '2026-04-28 15:25:51'),
('2607', '34', 'Middeniya Piyasa', '724', '1', '2026-04-28 15:25:51'),
('2608', '34', 'Chankanai Piyasa', '725', '1', '2026-04-28 15:25:51'),
('2609', '34', 'Polgahawela', '726', '1', '2026-04-28 15:25:51'),
('2610', '34', 'Arayampathy', '727', '1', '2026-04-28 15:25:51'),
('2611', '34', 'Raddolugama', '728', '1', '2026-04-28 15:25:51'),
('2612', '34', 'Galgamuwa', '729', '1', '2026-04-28 15:25:51'),
('2613', '34', 'Kayts', '730', '1', '2026-04-28 15:25:51'),
('2614', '34', 'Karainagar', '731', '1', '2026-04-28 15:25:51'),
('2615', '34', 'Mutwal', '732', '1', '2026-04-28 15:25:51'),
('2616', '34', 'Mulleriyawa New Town', '733', '1', '2026-04-28 15:25:51'),
('2617', '34', 'Baddegama', '734', '1', '2026-04-28 15:25:51'),
('2618', '34', 'Habaraduwa', '735', '1', '2026-04-28 15:25:51'),
('2619', '34', 'Pelmadulla', '736', '1', '2026-04-28 15:25:51'),
('2620', '34', 'Kahawatte', '737', '1', '2026-04-28 15:25:51'),
('2621', '34', 'Bulathsinhala', '738', '1', '2026-04-28 15:25:51'),
('2622', '34', 'Kalawana', '739', '1', '2026-04-28 15:25:51'),
('2623', '34', 'Wellawaya', '740', '1', '2026-04-28 15:25:51'),
('2624', '34', 'Buttala', '741', '1', '2026-04-28 15:25:51'),
('2625', '34', 'Alawwa', '742', '1', '2026-04-28 15:25:51'),
('2626', '34', 'Yatiyantota', '743', '1', '2026-04-28 15:25:51'),
('2627', '34', 'Pundaluoya', '744', '1', '2026-04-28 15:25:51'),
('2628', '34', 'Nochchiyagama', '745', '1', '2026-04-28 15:25:51'),
('2629', '34', 'Anamaduwa', '746', '1', '2026-04-28 15:25:51'),
('2630', '34', 'Delgoda', '747', '1', '2026-04-28 15:25:51'),
('2631', '34', 'Digana', '748', '1', '2026-04-28 15:25:51'),
('2632', '34', 'Mawathagama', '749', '1', '2026-04-28 15:25:51'),
('2633', '34', 'Hanwella', '750', '1', '2026-04-28 15:25:51'),
('2634', '34', 'Hali Ela', '751', '1', '2026-04-28 15:25:51'),
('2635', '34', 'Akkaraipattu', '752', '1', '2026-04-28 15:25:51'),
('2636', '34', 'Palugamam', '753', '1', '2026-04-28 15:25:51'),
('2637', '34', 'Sooriyawewa', '754', '1', '2026-04-28 15:25:51'),
('2638', '34', 'Galewela', '755', '1', '2026-04-28 15:25:51'),
('2639', '34', 'Tambuttegama', '756', '1', '2026-04-28 15:25:51'),
('2640', '34', 'Imaduwa', '757', '1', '2026-04-28 15:25:51'),
('2641', '34', 'Passara', '758', '1', '2026-04-28 15:25:51'),
('2642', '34', 'Kahatagasdigiliya', '759', '1', '2026-04-28 15:25:51'),
('2643', '34', 'Angunakolapelessa', '760', '1', '2026-04-28 15:25:51'),
('2644', '34', 'Madampe', '761', '1', '2026-04-28 15:25:51'),
('2645', '34', 'Kantale', '762', '1', '2026-04-28 15:25:51'),
('2646', '34', 'Medawachchiya', '763', '1', '2026-04-28 15:25:51'),
('2647', '34', 'Ingiriya', '764', '1', '2026-04-28 15:25:51'),
('2648', '34', 'Rambukkana', '765', '1', '2026-04-28 15:25:51'),
('2649', '34', 'Wariyapola', '766', '1', '2026-04-28 15:25:51'),
('2650', '34', 'Kebithigollawa', '767', '1', '2026-04-28 15:25:51'),
('2651', '34', 'Wattegama', '768', '1', '2026-04-28 15:25:51'),
('2652', '34', 'Pussellawa', '769', '1', '2026-04-28 15:25:51'),
('2653', '34', 'Pothuvil', '770', '1', '2026-04-28 15:25:51'),
('2654', '34', 'Ibbagamuwa', '771', '1', '2026-04-28 15:25:51'),
('2655', '34', 'Kuruwita', '772', '1', '2026-04-28 15:25:51'),
('2656', '34', 'Vankalai', '773', '1', '2026-04-28 15:25:51'),
('2657', '34', 'Mallavi', '774', '1', '2026-04-28 15:25:51'),
('2658', '34', 'Kekanadura', '775', '1', '2026-04-28 15:25:51'),
('2659', '34', 'Medirigiriya', '776', '1', '2026-04-28 15:25:51'),
('2660', '34', 'Nivithigala', '777', '1', '2026-04-28 15:25:51'),
('2661', '34', 'Kiriella', '778', '1', '2026-04-28 15:25:51'),
('2662', '34', 'Naula', '779', '1', '2026-04-28 15:25:51'),
('2663', '34', 'Melsiripura', '780', '1', '2026-04-28 15:25:51'),
('2664', '34', 'Hambantota', '781', '1', '2026-04-28 15:25:51'),
('2665', '34', 'Rideegama', '782', '1', '2026-04-28 15:25:51'),
('2666', '34', 'Deltota', '783', '1', '2026-04-28 15:25:51'),
('2667', '34', 'Ginigathhena', '784', '1', '2026-04-28 15:25:51'),
('2668', '34', 'Bingiriya', '785', '1', '2026-04-28 15:25:51'),
('2669', '34', 'Baduraliya', '786', '1', '2026-04-28 15:25:51'),
('2670', '34', 'Giriulla', '787', '1', '2026-04-28 15:25:51'),
('2671', '34', 'Eppawala', '788', '1', '2026-04-28 15:25:51'),
('2672', '34', 'Thalawathugoda', '789', '1', '2026-04-28 15:25:51'),
('2673', '34', 'Pugoda', '790', '1', '2026-04-28 15:25:51'),
('2674', '34', 'Gelioya', '791', '1', '2026-04-28 15:25:51'),
('2675', '34', 'Ragala', '792', '1', '2026-04-28 15:25:51'),
('2676', '34', 'PBU - Head Office', '901', '1', '2026-04-28 15:25:51'),
('2677', '34', 'PBU - Kandy', '902', '1', '2026-04-28 15:25:51'),
('2678', '34', 'PBU - Galle', '903', '1', '2026-04-28 15:25:51'),
('2679', '34', 'PBU - Matara', '904', '1', '2026-04-28 15:25:51'),
('2680', '34', 'PBU - Kegalle', '905', '1', '2026-04-28 15:25:51'),
('2681', '34', 'PBU - Anuradhapura', '906', '1', '2026-04-28 15:25:51'),
('2682', '34', 'PBU - Kalutara', '907', '1', '2026-04-28 15:25:51'),
('2683', '34', 'PBU - Gampaha', '908', '1', '2026-04-28 15:25:51'),
('2684', '34', 'PBU - Ampara', '909', '1', '2026-04-28 15:25:51'),
('2685', '34', 'Credit Division, (H.L Division)', '910', '1', '2026-04-28 15:25:51'),
('2686', '34', 'IBU (NRFC)', '911', '1', '2026-04-28 15:25:51'),
('2687', '34', 'Br. Management Division', '912', '1', '2026-04-28 15:25:51'),
('2688', '34', 'PBU - Kurunegala', '915', '1', '2026-04-28 15:25:51'),
('2689', '34', 'PBU - Jaffna', '916', '1', '2026-04-28 15:25:51'),
('2690', '34', 'PBU - Eheliyagoda', '917', '1', '2026-04-28 15:25:51'),
('2691', '35', '1st Colombo City', '001', '1', '2026-04-28 15:25:51'),
('2692', '35', 'Kegalle', '002', '1', '2026-04-28 15:25:51'),
('2693', '35', 'Battaramulla', '003', '1', '2026-04-28 15:25:51'),
('2694', '35', 'Embilipitiya', '004', '1', '2026-04-28 15:25:51'),
('2695', '35', 'Horana', '005', '1', '2026-04-28 15:25:51'),
('2696', '35', 'Kiribathgoda', '006', '1', '2026-04-28 15:25:51'),
('2697', '35', 'Karapitiya', '007', '1', '2026-04-28 15:25:51'),
('2698', '35', 'Akurassa', '008', '1', '2026-04-28 15:25:51'),
('2699', '35', 'Matale', '009', '1', '2026-04-28 15:25:51'),
('2700', '35', 'Kandy', '010', '1', '2026-04-28 15:25:51'),
('2701', '35', 'Chilaw', '011', '1', '2026-04-28 15:25:51'),
('2702', '35', 'Vavuniya', '012', '1', '2026-04-28 15:25:51'),
('2703', '35', 'Manaragala', '013', '1', '2026-04-28 15:25:51'),
('2704', '35', 'Ruwanwella', '014', '1', '2026-04-28 15:25:51'),
('2705', '35', 'Rathnapura', '015', '1', '2026-04-28 15:25:51'),
('2706', '35', 'Warakapola', '016', '1', '2026-04-28 15:25:51'),
('2707', '35', 'Anuradhapura', '017', '1', '2026-04-28 15:25:51'),
('2708', '35', 'Sahasapura', '018', '1', '2026-04-28 15:25:51'),
('2709', '35', 'Rikillagaskada', '019', '1', '2026-04-28 15:25:51'),
('2710', '35', 'Kurunegala', '020', '1', '2026-04-28 15:25:51'),
('2711', '35', 'Trincomalle', '021', '1', '2026-04-28 15:25:51'),
('2712', '35', 'Kalmuani', '022', '1', '2026-04-28 15:25:51'),
('2713', '35', 'Ambalanthota', '023', '1', '2026-04-28 15:25:51'),
('2714', '35', 'Kalutara', '025', '1', '2026-04-28 15:25:51'),
('2715', '35', 'Kuliyapitiya', '026', '1', '2026-04-28 15:25:51'),
('2716', '35', 'Negombo', '027', '1', '2026-04-28 15:25:51'),
('2717', '35', 'Polonnaruwa', '028', '1', '2026-04-28 15:25:51'),
('2718', '35', 'Batticaloa', '029', '1', '2026-04-28 15:25:51'),
('2719', '35', 'Ambalangoda', '030', '1', '2026-04-28 15:25:51'),
('2720', '35', 'Matara', '031', '1', '2026-04-28 15:25:51'),
('2721', '35', 'Galle', '032', '1', '2026-04-28 15:25:51'),
('2722', '35', 'Giriulla', '033', '1', '2026-04-28 15:25:51'),
('2723', '35', 'Rambukkana', '034', '1', '2026-04-28 15:25:51'),
('2724', '35', 'Dambulla', '035', '1', '2026-04-28 15:25:51'),
('2725', '35', 'Thambuththegama', '036', '1', '2026-04-28 15:25:51'),
('2726', '35', 'Maho', '037', '1', '2026-04-28 15:25:51'),
('2727', '35', 'Wennappuwa', '038', '1', '2026-04-28 15:25:51'),
('2728', '35', 'Ampara', '039', '1', '2026-04-28 15:25:51'),
('2729', '35', 'Medawachchiya', '040', '1', '2026-04-28 15:25:51'),
('2730', '35', 'Muthur', '041', '1', '2026-04-28 15:25:51'),
('2731', '35', 'Jaffna', '042', '1', '2026-04-28 15:25:51'),
('2732', '35', 'Nanatan', '043', '1', '2026-04-28 15:25:51'),
('2733', '35', 'Badulla', '044', '1', '2026-04-28 15:25:51'),
('2734', '35', 'Pottuvil', '045', '1', '2026-04-28 15:25:51'),
('2735', '35', 'Mapalagama', '046', '1', '2026-04-28 15:25:51'),
('2736', '35', 'Mathugama', '047', '1', '2026-04-28 15:25:51'),
('2737', '35', 'Gampola', '048', '1', '2026-04-28 15:25:51'),
('2738', '35', 'Deniyaya', '049', '1', '2026-04-28 15:25:51'),
('2739', '35', 'Anamaduwa', '050', '1', '2026-04-28 15:25:51'),
('2740', '35', 'Angunakolapalassa', '051', '1', '2026-04-28 15:25:51'),
('2741', '35', 'Aralaganvila', '052', '1', '2026-04-28 15:25:51'),
('2742', '35', 'Galenbidunuwewa', '053', '1', '2026-04-28 15:25:51'),
('2743', '35', 'Wariyapola', '054', '1', '2026-04-28 15:25:51'),
('2744', '35', 'Pilimathalawa', '055', '1', '2026-04-28 15:25:51'),
('2745', '35', 'Kirulapona', '056', '1', '2026-04-28 15:25:51'),
('2746', '35', 'Deraniyagala', '057', '1', '2026-04-28 15:25:51'),
('2747', '35', 'Dehiattakandiya', '058', '1', '2026-04-28 15:25:51'),
('2748', '35', 'Kalawanchikudi', '059', '1', '2026-04-28 15:25:51'),
('2749', '35', 'Samanthurei', '060', '1', '2026-04-28 15:25:51'),
('2750', '35', 'Siyabalanduwa', '061', '1', '2026-04-28 15:25:51'),
('2751', '35', 'Buttala', '062', '1', '2026-04-28 15:25:51'),
('2752', '35', 'Valachchena', '063', '1', '2026-04-28 15:25:51'),
('2753', '35', 'Elpitiya', '064', '1', '2026-04-28 15:25:51'),
('2754', '35', 'Nochchiyagama', '065', '1', '2026-04-28 15:25:51'),
('2755', '35', 'Yakkalamulla', '066', '1', '2026-04-28 15:25:51'),
('2756', '35', 'Katuwana', '067', '1', '2026-04-28 15:25:51'),
('2757', '35', 'Mawanella', '068', '1', '2026-04-28 15:25:51'),
('2758', '35', 'Kilinochchi', '069', '1', '2026-04-28 15:25:51'),
('2759', '35', 'Padavi Parakramapura', '070', '1', '2026-04-28 15:25:51'),
('2760', '35', 'Kekirawa', '071', '1', '2026-04-28 15:25:51'),
('2761', '35', 'Uhana', '072', '1', '2026-04-28 15:25:51'),
('2762', '35', 'Kanthale', '073', '1', '2026-04-28 15:25:51'),
('2763', '35', 'Akkeripattu', '074', '1', '2026-04-28 15:25:51'),
('2764', '35', 'Moratuwa', '075', '1', '2026-04-28 15:25:51'),
('2765', '35', 'Hatharaliyadda', '076', '1', '2026-04-28 15:25:51'),
('2766', '35', 'Hingurna', '077', '1', '2026-04-28 15:25:51'),
('2767', '35', 'Kaduwela', '078', '1', '2026-04-28 15:25:51'),
('2768', '35', 'Narammala', '079', '1', '2026-04-28 15:25:51'),
('2769', '35', 'Aluthgama', '080', '1', '2026-04-28 15:25:51'),
('2770', '35', 'Maharagama', '081', '1', '2026-04-28 15:25:51'),
('2771', '35', 'Gampaha', '082', '1', '2026-04-28 15:25:51'),
('2772', '35', 'Thalawa', '083', '1', '2026-04-28 15:25:51'),
('2773', '35', 'Malabe', '084', '1', '2026-04-28 15:25:51'),
('2774', '35', 'Mahabage', '085', '1', '2026-04-28 15:25:51'),
('2775', '35', 'Dehiwala', '086', '1', '2026-04-28 15:25:51'),
('2776', '35', 'Ekala', '087', '1', '2026-04-28 15:25:51'),
('2777', '35', 'Nuwara Eliya', '088', '1', '2026-04-28 15:25:51'),
('2778', '35', 'Chunnakam', '089', '1', '2026-04-28 15:25:51'),
('2779', '35', 'Mannar', '090', '1', '2026-04-28 15:25:51'),
('2780', '35', 'Tissamaharama', '091', '1', '2026-04-28 15:25:51'),
('2781', '35', 'Bandarawela', '092', '1', '2026-04-28 15:25:51'),
('2782', '35', 'Galewela', '093', '1', '2026-04-28 15:25:51'),
('2783', '35', 'Sanasa Development Bank Head Office', '999', '1', '2026-04-28 15:25:51'),
('2784', '36', 'Head Office', '001', '1', '2026-04-28 15:25:51'),
('2785', '37', 'Moratuwa', '002', '1', '2026-04-28 15:25:51'),
('2786', '37', 'Negombo', '003', '1', '2026-04-28 15:25:51'),
('2787', '37', 'Kurunegala', '004', '1', '2026-04-28 15:25:51'),
('2788', '37', 'Kelaniya', '005', '1', '2026-04-28 15:25:51'),
('2789', '37', 'Kandy', '006', '1', '2026-04-28 15:25:52'),
('2790', '37', 'Gampaha', '007', '1', '2026-04-28 15:25:52'),
('2791', '37', 'Rathnapura', '008', '1', '2026-04-28 15:25:52'),
('2792', '37', 'Badulla', '009', '1', '2026-04-28 15:25:52'),
('2793', '37', 'Chilaw', '010', '1', '2026-04-28 15:25:52'),
('2794', '37', 'Anuradhapura', '011', '1', '2026-04-28 15:25:52'),
('2795', '37', 'Wellawatta', '012', '1', '2026-04-28 15:25:52'),
('2796', '37', 'Wattala', '013', '1', '2026-04-28 15:25:52'),
('2797', '37', 'Ja-Ela', '014', '1', '2026-04-28 15:25:52'),
('2798', '37', 'Kaduwela', '015', '1', '2026-04-28 15:25:52'),
('2799', '37', 'Kegalle', '016', '1', '2026-04-28 15:25:52'),
('2800', '37', 'Nittambuwa', '017', '1', '2026-04-28 15:25:52'),
('2801', '37', 'Wennappuwa', '018', '1', '2026-04-28 15:25:52'),
('2802', '37', 'Mathugama', '019', '1', '2026-04-28 15:25:52'),
('2803', '37', 'Kaluthara', '020', '1', '2026-04-28 15:25:52'),
('2804', '37', 'Maharagama', '021', '1', '2026-04-28 15:25:52'),
('2805', '37', 'Matara', '022', '1', '2026-04-28 15:25:52'),
('2806', '37', 'Embilipitiya', '023', '1', '2026-04-28 15:25:52'),
('2807', '37', 'Battaramulla', '024', '1', '2026-04-28 15:25:52'),
('2808', '37', 'Tissamaharama', '025', '1', '2026-04-28 15:25:52'),
('2809', '37', 'Mahara', '026', '1', '2026-04-28 15:25:52'),
('2810', '37', 'Galle', '027', '1', '2026-04-28 15:25:52'),
('2811', '37', 'Dambulla', '028', '1', '2026-04-28 15:25:52'),
('2812', '37', 'Kaduruwela', '029', '1', '2026-04-28 15:25:52'),
('2813', '37', 'Kotahena', '030', '1', '2026-04-28 15:25:52'),
('2814', '37', 'Colombo Office', '031', '1', '2026-04-28 15:25:52'),
('2815', '37', 'Jaffna', '032', '1', '2026-04-28 15:25:52'),
('2816', '37', 'Vavuniya', '033', '1', '2026-04-28 15:25:52'),
('2817', '37', 'Batticaloa', '034', '1', '2026-04-28 15:25:52'),
('2818', '37', 'Trincomalee', '035', '1', '2026-04-28 15:25:52'),
('2819', '37', 'Bandarawela', '036', '1', '2026-04-28 15:25:52'),
('2820', '37', 'Head Office', '038', '1', '2026-04-28 15:25:52'),
('2821', '37', 'Kadana', '039', '1', '2026-04-28 15:25:52'),
('2822', '37', 'Ragama', '040', '1', '2026-04-28 15:25:52'),
('2823', '37', 'Ela Kanda', '041', '1', '2026-04-28 15:25:52'),
('2824', '37', 'Eheliyagoda', '042', '1', '2026-04-28 15:25:52'),
('2825', '37', 'Boralesgamuwa', '043', '1', '2026-04-28 15:25:52'),
('2826', '37', 'Marawila', '044', '1', '2026-04-28 15:25:52'),
('2827', '37', 'Kuliyapitiya', '045', '1', '2026-04-28 15:25:52'),
('2828', '37', 'Ratmalana', '046', '1', '2026-04-28 15:25:52'),
('2829', '37', 'Panadura', '047', '1', '2026-04-28 15:25:52'),
('2830', '37', 'Nugegoda', '048', '1', '2026-04-28 15:25:52'),
('2831', '37', 'Premier Center', '049', '1', '2026-04-28 15:25:52'),
('2832', '37', 'Horana', '050', '1', '2026-04-28 15:25:52'),
('2833', '37', 'Pelmadulla', '051', '1', '2026-04-28 15:25:52'),
('2834', '37', 'Kochchikade', '052', '1', '2026-04-28 15:25:52'),
('2835', '37', 'Rajagiriya', '053', '1', '2026-04-28 15:25:52'),
('2836', '37', 'Katugasthota', '054', '1', '2026-04-28 15:25:52'),
('2837', '37', 'Matale', '055', '1', '2026-04-28 15:25:52'),
('2838', '37', 'Piliyandala', '056', '1', '2026-04-28 15:25:52'),
('2839', '37', 'Ambalangoda', '057', '1', '2026-04-28 15:25:52'),
('2840', '37', 'Malabe', '058', '1', '2026-04-28 15:25:52'),
('2841', '37', 'Minuwangoda', '059', '1', '2026-04-28 15:25:52'),
('2842', '37', 'Dehiwala', '060', '1', '2026-04-28 15:25:52'),
('2843', '37', 'Warakapola', '061', '1', '2026-04-28 15:25:52'),
('2844', '37', 'Kottawa', '062', '1', '2026-04-28 15:25:52'),
('2845', '37', 'Narammala', '063', '1', '2026-04-28 15:25:52'),
('2846', '37', 'Mawathagama', '064', '1', '2026-04-28 15:25:52'),
('2847', '37', 'Avissawella', '065', '1', '2026-04-28 15:25:52'),
('2848', '37', 'Wariyapola', '066', '1', '2026-04-28 15:25:52'),
('2849', '37', 'Nikaweratiya', '067', '1', '2026-04-28 15:25:52'),
('2850', '37', 'Kuruvita', '068', '1', '2026-04-28 15:25:52'),
('2851', '37', 'Aluthgama', '069', '1', '2026-04-28 15:25:52'),
('2852', '37', 'Mahiyanganaya', '070', '1', '2026-04-28 15:25:52'),
('2853', '37', 'Thalawathugoda', '071', '1', '2026-04-28 15:25:52'),
('2854', '37', 'Giriulla', '072', '1', '2026-04-28 15:25:52'),
('2855', '38', 'Head Office', '001', '1', '2026-04-28 15:25:52'),
('2856', '38', 'Provincial Office - Central', '003', '1', '2026-04-28 15:25:52'),
('2857', '38', 'Provincial Office - Western', '100', '1', '2026-04-28 15:25:52'),
('2858', '38', 'Bulathsinghala', '101', '1', '2026-04-28 15:25:52'),
('2859', '38', 'Walagedara', '102', '1', '2026-04-28 15:25:52'),
('2860', '38', 'Agalawatte', '103', '1', '2026-04-28 15:25:52'),
('2861', '38', 'Millaniya', '104', '1', '2026-04-28 15:25:52'),
('2862', '38', 'Goonapola', '105', '1', '2026-04-28 15:25:52'),
('2863', '38', 'Moranthuduwa', '106', '1', '2026-04-28 15:25:52'),
('2864', '38', 'Beruwala', '107', '1', '2026-04-28 15:25:52'),
('2865', '38', 'Panadura', '108', '1', '2026-04-28 15:25:52'),
('2866', '38', 'Horana', '109', '1', '2026-04-28 15:25:52'),
('2867', '38', 'Warakagoda', '110', '1', '2026-04-28 15:25:52'),
('2868', '38', 'Ingiriya', '111', '1', '2026-04-28 15:25:52'),
('2869', '38', 'Dodangoda', '112', '1', '2026-04-28 15:25:52'),
('2870', '38', 'Meegahathenna', '113', '1', '2026-04-28 15:25:52'),
('2871', '38', 'Baduraliya', '114', '1', '2026-04-28 15:25:52'),
('2872', '38', 'Kalutara', '115', '1', '2026-04-28 15:25:52'),
('2873', '38', 'Gampaha', '116', '1', '2026-04-28 15:25:52'),
('2874', '38', 'Mawaramandiya', '117', '1', '2026-04-28 15:25:52'),
('2875', '38', 'Minuwangoda', '118', '1', '2026-04-28 15:25:52'),
('2876', '38', 'Meerigama', '119', '1', '2026-04-28 15:25:52'),
('2877', '38', 'Moragahahena', '120', '1', '2026-04-28 15:25:52'),
('2878', '38', 'Mathugama', '121', '1', '2026-04-28 15:25:52'),
('2879', '38', 'Negombo', '122', '1', '2026-04-28 15:25:52'),
('2880', '38', 'Divulapitiya', '123', '1', '2026-04-28 15:25:52'),
('2881', '38', 'Nittambuwa', '124', '1', '2026-04-28 15:25:52'),
('2882', '38', 'Homagama', '125', '1', '2026-04-28 15:25:52'),
('2883', '38', 'Kolonnawa', '126', '1', '2026-04-28 15:25:52'),
('2884', '38', 'Awissawella', '127', '1', '2026-04-28 15:25:52'),
('2885', '38', 'Piliyandala', '128', '1', '2026-04-28 15:25:52'),
('2886', '38', 'Ragama', '129', '1', '2026-04-28 15:25:52'),
('2887', '38', 'Wadduwa', '130', '1', '2026-04-28 15:25:52'),
('2888', '38', 'Kirindiwela', '131', '1', '2026-04-28 15:25:52'),
('2889', '38', 'J-Ela', '132', '1', '2026-04-28 15:25:52'),
('2890', '38', 'Miriswaththa', '133', '1', '2026-04-28 15:25:52'),
('2891', '38', 'Kelaniya - Head Quarter', '134', '1', '2026-04-28 15:25:52'),
('2892', '38', 'Gampaha District Office', '198', '1', '2026-04-28 15:25:52'),
('2893', '38', 'Kalutara District Office', '199', '1', '2026-04-28 15:25:52'),
('2894', '38', 'Provincial Office - Southern', '200', '1', '2026-04-28 15:25:52'),
('2895', '38', 'Hakmana', '201', '1', '2026-04-28 15:25:52'),
('2896', '38', 'Urubokka', '202', '1', '2026-04-28 15:25:52'),
('2897', '38', 'Deiyandara', '203', '1', '2026-04-28 15:25:52'),
('2898', '38', 'Akuressa', '204', '1', '2026-04-28 15:25:52'),
('2899', '38', 'Weligama', '205', '1', '2026-04-28 15:25:52'),
('2900', '38', 'Gandara', '206', '1', '2026-04-28 15:25:52'),
('2901', '38', 'Kekanadura', '207', '1', '2026-04-28 15:25:52'),
('2902', '38', 'Ambalantota', '208', '1', '2026-04-28 15:25:52'),
('2903', '38', 'Angunukolapalassa', '209', '1', '2026-04-28 15:25:52'),
('2904', '38', 'Katuwana', '210', '1', '2026-04-28 15:25:52'),
('2905', '38', 'Beliatta', '211', '1', '2026-04-28 15:25:52'),
('2906', '38', 'Elpitiya', '212', '1', '2026-04-28 15:25:52'),
('2907', '38', 'Batapola', '213', '1', '2026-04-28 15:25:52'),
('2908', '38', 'Pitigala', '214', '1', '2026-04-28 15:25:52'),
('2909', '38', 'Gonagalapura', '215', '1', '2026-04-28 15:25:52'),
('2910', '38', 'Imaduwa', '216', '1', '2026-04-28 15:25:52'),
('2911', '38', 'Baddegama', '217', '1', '2026-04-28 15:25:52'),
('2912', '38', 'Tissamaharama', '218', '1', '2026-04-28 15:25:52'),
('2913', '38', 'Lunugamwehera', '219', '1', '2026-04-28 15:25:52'),
('2914', '38', 'Pitabaddera', '220', '1', '2026-04-28 15:25:52'),
('2915', '38', 'Thalgaswala', '221', '1', '2026-04-28 15:25:52'),
('2916', '38', 'Akmeemana', '222', '1', '2026-04-28 15:25:52'),
('2917', '38', 'Karandeniya', '223', '1', '2026-04-28 15:25:52'),
('2918', '38', 'Sooriyawewa', '224', '1', '2026-04-28 15:25:52'),
('2919', '38', 'Kamburugamuwa', '225', '1', '2026-04-28 15:25:52'),
('2920', '38', 'Deniyaya', '226', '1', '2026-04-28 15:25:52'),
('2921', '38', 'Kamburupitiya', '227', '1', '2026-04-28 15:25:52'),
('2922', '38', 'Galle', '228', '1', '2026-04-28 15:25:52'),
('2923', '38', 'Uragasmanhandiya', '229', '1', '2026-04-28 15:25:52'),
('2924', '38', 'Yakkalamulla', '230', '1', '2026-04-28 15:25:52'),
('2925', '38', 'Weerakatiya', '231', '1', '2026-04-28 15:25:52'),
('2926', '38', 'Thihagoda', '232', '1', '2026-04-28 15:25:52'),
('2927', '38', 'City - Matara', '233', '1', '2026-04-28 15:25:52'),
('2928', '38', 'Tangalle', '234', '1', '2026-04-28 15:25:52'),
('2929', '38', 'Neluwa', '235', '1', '2026-04-28 15:25:52'),
('2930', '38', 'Mawarala', '236', '1', '2026-04-28 15:25:52'),
('2931', '38', 'Morawaka', '237', '1', '2026-04-28 15:25:52'),
('2932', '38', 'Hambantota', '238', '1', '2026-04-28 15:25:52'),
('2933', '38', 'Walasmulla', '239', '1', '2026-04-28 15:25:52'),
('2934', '38', 'Barawakumbuka', '240', '1', '2026-04-28 15:25:52'),
('2935', '38', 'Udugama', '241', '1', '2026-04-28 15:25:52'),
('2936', '38', 'Ranna', '242', '1', '2026-04-28 15:25:52'),
('2937', '38', 'Ahangama', '243', '1', '2026-04-28 15:25:52'),
('2938', '38', 'Hikkaduwa', '244', '1', '2026-04-28 15:25:52'),
('2939', '38', 'Kirinda', '245', '1', '2026-04-28 15:25:52'),
('2940', '38', 'Middeniya', '246', '1', '2026-04-28 15:25:52'),
('2941', '38', 'Dikwella', '247', '1', '2026-04-28 15:25:52'),
('2942', '38', 'Karapitiya', '248', '1', '2026-04-28 15:25:52'),
('2943', '38', 'Balapitiya', '249', '1', '2026-04-28 15:25:52'),
('2944', '38', 'Pamburana', '250', '1', '2026-04-28 15:25:52'),
('2945', '38', 'Mirissa', '251', '1', '2026-04-28 15:25:52'),
('2946', '38', 'Kaluwella', '252', '1', '2026-04-28 15:25:52'),
('2947', '38', 'Warapitiya', '253', '1', '2026-04-28 15:25:52'),
('2948', '38', 'Devinuwara', '254', '1', '2026-04-28 15:25:52'),
('2949', '38', 'District Office - Hambantota', '297', '1', '2026-04-28 15:25:52'),
('2950', '38', 'District Office - Galle', '298', '1', '2026-04-28 15:25:52'),
('2951', '38', 'District Office - Matara', '299', '1', '2026-04-28 15:25:52'),
('2952', '38', 'Wayamba Provincial Office', '300', '1', '2026-04-28 15:25:52'),
('2953', '38', 'Kuliyapitiya', '301', '1', '2026-04-28 15:25:52'),
('2954', '38', 'Pannala', '302', '1', '2026-04-28 15:25:52'),
('2955', '38', 'Panduwasnuwara', '303', '1', '2026-04-28 15:25:52'),
('2956', '38', 'Alawwa', '304', '1', '2026-04-28 15:25:52'),
('2957', '38', 'Dummalasooriya', '305', '1', '2026-04-28 15:25:52'),
('2958', '38', 'Pothuhera', '306', '1', '2026-04-28 15:25:52'),
('2959', '38', 'Nikaweratiya', '307', '1', '2026-04-28 15:25:52'),
('2960', '38', 'Rideegama', '308', '1', '2026-04-28 15:25:52'),
('2961', '38', 'Mawathagama', '309', '1', '2026-04-28 15:25:52'),
('2962', '38', 'Wariyapola', '310', '1', '2026-04-28 15:25:52'),
('2963', '38', 'Kurunegala', '311', '1', '2026-04-28 15:25:52'),
('2964', '38', 'Galgamuwa', '312', '1', '2026-04-28 15:25:52'),
('2965', '38', 'Chilaw', '313', '1', '2026-04-28 15:25:52'),
('2966', '38', 'Palakuda', '314', '1', '2026-04-28 15:25:52'),
('2967', '38', 'Anamaduwa', '315', '1', '2026-04-28 15:25:52'),
('2968', '38', 'Nattandiya', '316', '1', '2026-04-28 15:25:52'),
('2969', '38', 'Kirimetiyana', '317', '1', '2026-04-28 15:25:52'),
('2970', '38', 'Puttlam', '318', '1', '2026-04-28 15:25:52'),
('2971', '38', 'Maho', '319', '1', '2026-04-28 15:25:52'),
('2972', '38', 'Giriulla', '320', '1', '2026-04-28 15:25:52'),
('2973', '38', 'Ibbagamuwa', '321', '1', '2026-04-28 15:25:52'),
('2974', '38', 'Mundel', '322', '1', '2026-04-28 15:25:52'),
('2975', '38', 'Nawagattegama', '323', '1', '2026-04-28 15:25:52'),
('2976', '38', 'Mampuri', '324', '1', '2026-04-28 15:25:52'),
('2977', '38', 'Mahawewa', '325', '1', '2026-04-28 15:25:52'),
('2978', '38', 'Narammala', '326', '1', '2026-04-28 15:25:52'),
('2979', '38', 'Polpithigama', '327', '1', '2026-04-28 15:25:52'),
('2980', '38', 'Bowatte', '328', '1', '2026-04-28 15:25:52'),
('2981', '38', 'HQB', '329', '1', '2026-04-28 15:25:52'),
('2982', '38', 'Melsiripura', '330', '1', '2026-04-28 15:25:52'),
('2983', '38', 'Ambanpola', '331', '1', '2026-04-28 15:25:52'),
('2984', '38', 'Santha Anapura', '332', '1', '2026-04-28 15:25:52'),
('2985', '38', 'Puttlam District Office', '398', '1', '2026-04-28 15:25:52'),
('2986', '38', 'Kurunegala District Office', '399', '1', '2026-04-28 15:25:52'),
('2987', '38', 'Provincial Office - North Central', '400', '1', '2026-04-28 15:25:52'),
('2988', '38', 'Mihinthale', '401', '1', '2026-04-28 15:25:52'),
('2989', '38', 'Town Branch - Anuradhapura', '402', '1', '2026-04-28 15:25:52'),
('2990', '38', 'Thambuththegama', '403', '1', '2026-04-28 15:25:52'),
('2991', '38', 'Kahatagasdigiliya', '404', '1', '2026-04-28 15:25:52'),
('2992', '38', 'Galnewa', '405', '1', '2026-04-28 15:25:52'),
('2993', '38', 'Thalawa', '406', '1', '2026-04-28 15:25:52'),
('2994', '38', 'Medawachchiya', '407', '1', '2026-04-28 15:25:52'),
('2995', '38', 'Thirappane', '408', '1', '2026-04-28 15:25:52'),
('2996', '38', 'Rambewa', '409', '1', '2026-04-28 15:25:52'),
('2997', '38', 'Polonnaruwa', '410', '1', '2026-04-28 15:25:52'),
('2998', '38', 'Medirigiriya', '411', '1', '2026-04-28 15:25:52'),
('2999', '38', 'Pulasthigama', '412', '1', '2026-04-28 15:25:52'),
('3000', '38', 'Hingurakgoda', '413', '1', '2026-04-28 15:25:52'),
('3001', '38', 'Bakamoona', '414', '1', '2026-04-28 15:25:52'),
('3002', '38', 'Galenbindunuwewa', '415', '1', '2026-04-28 15:25:52'),
('3003', '38', 'Gonapathirawa', '416', '1', '2026-04-28 15:25:52'),
('3004', '38', 'Manampitiya', '417', '1', '2026-04-28 15:25:52'),
('3005', '38', 'Galamuna', '418', '1', '2026-04-28 15:25:52'),
('3006', '38', 'New Town - Anuradhapura', '419', '1', '2026-04-28 15:25:52'),
('3007', '38', 'Siripura', '420', '1', '2026-04-28 15:25:52'),
('3008', '38', 'Kaduruwela', '421', '1', '2026-04-28 15:25:52'),
('3009', '38', 'Kekirawa', '422', '1', '2026-04-28 15:25:52'),
('3010', '38', 'Aralaganwila', '423', '1', '2026-04-28 15:25:52'),
('3011', '38', 'Economic Centre', '424', '1', '2026-04-28 15:25:52'),
('3012', '38', 'Sevanapitiya', '425', '1', '2026-04-28 15:25:52'),
('3013', '38', 'Dritrict Office Polonnaruwa', '498', '1', '2026-04-28 15:25:52'),
('3014', '38', 'Provincial Office - Sabaragamuwa', '500', '1', '2026-04-28 15:25:52'),
('3015', '38', 'Kegalle', '501', '1', '2026-04-28 15:25:52'),
('3016', '38', 'Pitagaldeniya', '502', '1', '2026-04-28 15:25:52'),
('3017', '38', 'Rambukkana', '503', '1', '2026-04-28 15:25:52'),
('3018', '38', 'Mawanella', '504', '1', '2026-04-28 15:25:52'),
('3019', '38', 'Warakapola', '505', '1', '2026-04-28 15:25:52'),
('3020', '38', 'Aranayaka', '506', '1', '2026-04-28 15:25:52'),
('3021', '38', 'Kithulgala', '507', '1', '2026-04-28 15:25:52'),
('3022', '38', 'Ruwanwella', '508', '1', '2026-04-28 15:25:52'),
('3023', '38', 'Dewalegama', '509', '1', '2026-04-28 15:25:52'),
('3024', '38', 'Bulathkohupitiya', '510', '1', '2026-04-28 15:25:52'),
('3025', '38', 'Deraniyagala', '511', '1', '2026-04-28 15:25:52'),
('3026', '38', 'Rathnapura', '512', '1', '2026-04-28 15:25:52'),
('3027', '38', 'Pelmadulla', '513', '1', '2026-04-28 15:25:52'),
('3028', '38', 'Balangoda', '514', '1', '2026-04-28 15:25:52'),
('3029', '38', 'Embilipitiya', '515', '1', '2026-04-28 15:25:52'),
('3030', '38', 'Hemmathagama', '516', '1', '2026-04-28 15:25:52'),
('3031', '38', 'Kolonna', '517', '1', '2026-04-28 15:25:52'),
('3032', '38', 'Eheliyagoda', '518', '1', '2026-04-28 15:25:52'),
('3033', '38', 'Nelumdeniya', '519', '1', '2026-04-28 15:25:52'),
('3034', '38', 'Kalawana', '520', '1', '2026-04-28 15:25:52'),
('3035', '38', 'Yatiyantota', '521', '1', '2026-04-28 15:25:52'),
('3036', '38', 'Godakawela', '522', '1', '2026-04-28 15:25:52'),
('3037', '38', 'Erathna', '523', '1', '2026-04-28 15:25:52'),
('3038', '38', 'Kuruwita', '524', '1', '2026-04-28 15:25:52'),
('3039', '38', 'Nivithigala', '525', '1', '2026-04-28 15:25:52'),
('3040', '38', 'Kahawatta', '526', '1', '2026-04-28 15:25:52'),
('3041', '38', 'Kotiyakumbura', '527', '1', '2026-04-28 15:25:52'),
('3042', '38', 'Rakwana', '528', '1', '2026-04-28 15:25:52'),
('3043', '38', 'Dehiovita', '529', '1', '2026-04-28 15:25:52'),
('3044', '38', 'Kiriella', '530', '1', '2026-04-28 15:25:52'),
('3045', '38', 'Pothupitiya', '531', '1', '2026-04-28 15:25:52'),
('3046', '38', 'Weligepola', '532', '1', '2026-04-28 15:25:52'),
('3047', '38', 'Sri Palabaddala', '533', '1', '2026-04-28 15:25:52'),
('3048', '38', 'Pulungupitiya', '534', '1', '2026-04-28 15:25:52'),
('3049', '38', 'Kegalle District Office', '599', '1', '2026-04-28 15:25:52'),
('3050', '38', 'Gampola', '601', '1', '2026-04-28 15:25:52'),
('3051', '38', 'Udawela', '602', '1', '2026-04-28 15:25:52'),
('3052', '38', 'Hataraliyadda', '603', '1', '2026-04-28 15:25:52'),
('3053', '38', 'Marassana', '604', '1', '2026-04-28 15:25:52'),
('3054', '38', 'Danture', '605', '1', '2026-04-28 15:25:52'),
('3055', '38', 'Wattegama', '606', '1', '2026-04-28 15:25:52'),
('3056', '38', 'Morayaya', '607', '1', '2026-04-28 15:25:52'),
('3057', '38', 'Teldeniya', '608', '1', '2026-04-28 15:25:52'),
('3058', '38', 'Pujapitiya', '609', '1', '2026-04-28 15:25:52'),
('3059', '38', 'Nuwara Eliya', '610', '1', '2026-04-28 15:25:52'),
('3060', '38', 'Rikillagaskada', '611', '1', '2026-04-28 15:25:52'),
('3061', '38', 'Kandy Marketing Centre', '612', '1', '2026-04-28 15:25:52'),
('3062', '38', 'Ginigathena', '613', '1', '2026-04-28 15:25:52'),
('3063', '38', 'Poondaluoya', '614', '1', '2026-04-28 15:25:52'),
('3064', '38', 'Katugastota', '615', '1', '2026-04-28 15:25:52'),
('3065', '38', 'Nildandahinna', '616', '1', '2026-04-28 15:25:52'),
('3066', '38', 'Agarapathana', '617', '1', '2026-04-28 15:25:52'),
('3067', '38', 'Ududumbara', '618', '1', '2026-04-28 15:25:52'),
('3068', '38', 'Matale', '619', '1', '2026-04-28 15:25:52'),
('3069', '38', 'Dambulla', '620', '1', '2026-04-28 15:25:52'),
('3070', '38', 'Galewela', '621', '1', '2026-04-28 15:25:52'),
('3071', '38', 'Laggala', '622', '1', '2026-04-28 15:25:52'),
('3072', '38', 'Rattota', '623', '1', '2026-04-28 15:25:52'),
('3073', '38', 'Kotagala', '624', '1', '2026-04-28 15:25:52'),
('3074', '38', 'Menikhinna', '625', '1', '2026-04-28 15:25:52'),
('3075', '38', 'Hanguranketha', '626', '1', '2026-04-28 15:25:52'),
('3076', '38', 'Daulagala', '627', '1', '2026-04-28 15:25:52'),
('3077', '38', 'Naula', '628', '1', '2026-04-28 15:25:52'),
('3078', '38', 'Nawalapitiya', '629', '1', '2026-04-28 15:25:52'),
('3079', '38', 'Hedeniya', '630', '1', '2026-04-28 15:25:52'),
('3080', '38', 'Wilgamuwa', '631', '1', '2026-04-28 15:25:52'),
('3081', '38', 'Kandy', '632', '1', '2026-04-28 15:25:52'),
('3082', '38', 'Peradeniya', '633', '1', '2026-04-28 15:25:52'),
('3083', '38', 'Provincial Office - Uva', '700', '1', '2026-04-28 15:25:52'),
('3084', '38', 'Buttala', '701', '1', '2026-04-28 15:25:52'),
('3085', '38', 'Medagama', '702', '1', '2026-04-28 15:25:52'),
('3086', '38', 'Monaragala', '703', '1', '2026-04-28 15:25:52'),
('3087', '38', 'Thanamalvila', '704', '1', '2026-04-28 15:25:52'),
('3088', '38', 'Badulla', '705', '1', '2026-04-28 15:25:52'),
('3089', '38', 'Passara', '706', '1', '2026-04-28 15:25:52'),
('3090', '38', 'Welimada', '707', '1', '2026-04-28 15:25:52'),
('3091', '38', 'Kandaketiya', '708', '1', '2026-04-28 15:25:52'),
('3092', '38', 'Mahiyanganaya', '709', '1', '2026-04-28 15:25:52'),
('3093', '38', 'wellawaya', '710', '1', '2026-04-28 15:25:52'),
('3094', '38', 'Badalkumbura', '711', '1', '2026-04-28 15:25:52'),
('3095', '38', 'Haputhale', '712', '1', '2026-04-28 15:25:52'),
('3096', '38', 'Rideemaliyadda', '713', '1', '2026-04-28 15:25:52'),
('3097', '38', 'Uvaparanagama', '714', '1', '2026-04-28 15:25:52'),
('3098', '38', 'Bandarawela', '715', '1', '2026-04-28 15:25:52'),
('3099', '38', 'Meegahakiula', '716', '1', '2026-04-28 15:25:52'),
('3100', '38', 'Lunugala', '717', '1', '2026-04-28 15:25:52'),
('3101', '38', 'Haldummulla', '718', '1', '2026-04-28 15:25:52'),
('3102', '38', 'Girandurukotte', '719', '1', '2026-04-28 15:25:52'),
('3103', '38', 'Bogahakumbura', '720', '1', '2026-04-28 15:25:52'),
('3104', '38', 'Bibile', '721', '1', '2026-04-28 15:25:53'),
('3105', '38', 'Uva Maligathenna', '722', '1', '2026-04-28 15:25:53'),
('3106', '38', 'Siyambalanduwa', '723', '1', '2026-04-28 15:25:53'),
('3107', '38', 'Diyathalawa', '724', '1', '2026-04-28 15:25:53'),
('3108', '38', 'Sewanagala', '725', '1', '2026-04-28 15:25:53'),
('3109', '38', 'Madulla', '726', '1', '2026-04-28 15:25:53'),
('3110', '38', 'Ampara', '801', '1', '2026-04-28 15:25:53'),
('3111', '38', 'Dehiatthakandiya', '802', '1', '2026-04-28 15:25:53'),
('3112', '38', 'Sammanthurai', '803', '1', '2026-04-28 15:25:53'),
('3113', '38', 'Hingurana', '804', '1', '2026-04-28 15:25:53'),
('3114', '38', 'Akkaraipaththu', '805', '1', '2026-04-28 15:25:53'),
('3115', '38', 'Kalmunai', '806', '1', '2026-04-28 15:25:53'),
('3116', '38', 'Mahaoya', '807', '1', '2026-04-28 15:25:53'),
('3117', '38', 'Pothuvil', '808', '1', '2026-04-28 15:25:53'),
('3118', '38', 'Uhana', '809', '1', '2026-04-28 15:25:53'),
('3119', '38', 'Nintavur', '810', '1', '2026-04-28 15:25:53'),
('3120', '38', 'Batticaloa', '811', '1', '2026-04-28 15:25:53'),
('3121', '38', 'Eraur', '812', '1', '2026-04-28 15:25:53'),
('3122', '38', 'Chenkalady', '813', '1', '2026-04-28 15:25:53'),
('3123', '38', 'Kanthale', '814', '1', '2026-04-28 15:25:53'),
('3124', '38', 'Valachenai', '815', '1', '2026-04-28 15:25:53'),
('3125', '38', 'Kathankudi', '816', '1', '2026-04-28 15:25:53'),
('3126', '38', 'Trincomalee', '817', '1', '2026-04-28 15:25:53'),
('3127', '38', 'Kalauwanchikudi', '818', '1', '2026-04-28 15:25:53'),
('3128', '38', 'Kokkadichcholai', '819', '1', '2026-04-28 15:25:53'),
('3129', '38', 'Muthtur', '820', '1', '2026-04-28 15:25:53'),
('3130', '38', 'Vavuniya', '901', '1', '2026-04-28 15:25:53'),
('3131', '38', 'Kanagarayankulam', '902', '1', '2026-04-28 15:25:53'),
('3132', '38', 'Mannar', '903', '1', '2026-04-28 15:25:53'),
('3133', '38', 'Chunnakam', '904', '1', '2026-04-28 15:25:53'),
('3134', '38', 'Jaffna', '905', '1', '2026-04-28 15:25:53'),
('3135', '38', 'Kilinochchi', '906', '1', '2026-04-28 15:25:53'),
('3136', '38', 'Bogaswewa', '907', '1', '2026-04-28 15:25:53'),
('3137', '39', 'Head Office City', '001', '1', '2026-04-28 15:25:53'),
('3138', '39', 'Kandy', '002', '1', '2026-04-28 15:25:53'),
('3139', '39', 'SMIB Finance Department', '003', '1', '2026-04-28 15:25:53'),
('3140', '39', 'Gampaha', '004', '1', '2026-04-28 15:25:53'),
('3141', '39', 'Galle', '005', '1', '2026-04-28 15:25:53'),
('3142', '39', 'Kurunegala', '006', '1', '2026-04-28 15:25:53'),
('3143', '39', 'Matugama', '007', '1', '2026-04-28 15:25:53'),
('3144', '39', 'Chilaw', '008', '1', '2026-04-28 15:25:53'),
('3145', '39', 'Matara', '009', '1', '2026-04-28 15:25:53'),
('3146', '39', 'Battaramulla', '010', '1', '2026-04-28 15:25:53'),
('3147', '39', 'Kiribathgoda', '011', '1', '2026-04-28 15:25:53'),
('3148', '39', 'Kegalle', '012', '1', '2026-04-28 15:25:53'),
('3149', '39', 'Horana', '013', '1', '2026-04-28 15:25:53'),
('3150', '39', 'Ambalantota', '014', '1', '2026-04-28 15:25:53'),
('3151', '39', 'Batticaloa', '015', '1', '2026-04-28 15:25:53'),
('3152', '39', 'Jaffna', '016', '1', '2026-04-28 15:25:53'),
('3153', '39', 'Ampara', '017', '1', '2026-04-28 15:25:53'),
('3154', '39', 'Ratnapura', '018', '1', '2026-04-28 15:25:53'),
('3155', '39', 'Kaduruwela', '019', '1', '2026-04-28 15:25:53'),
('3156', '39', 'Vavuniya', '020', '1', '2026-04-28 15:25:53'),
('3157', '39', 'Hatton', '021', '1', '2026-04-28 15:25:53'),
('3158', '39', 'Badulla', '022', '1', '2026-04-28 15:25:53'),
('3159', '39', 'Monaragala', '023', '1', '2026-04-28 15:25:53'),
('3160', '39', 'Anuradhapura', '024', '1', '2026-04-28 15:25:53'),
('3161', '39', 'Matale', '025', '1', '2026-04-28 15:25:53'),
('3162', '39', 'Panadura', '026', '1', '2026-04-28 15:25:53'),
('3163', '40', 'Head Office', '001', '1', '2026-04-28 15:25:53'),
('3164', '40', 'Corporate Office', '002', '1', '2026-04-28 15:25:53'),
('3165', '40', 'Nugegoda', '003', '1', '2026-04-28 15:25:53'),
('3166', '40', 'Negambo', '004', '1', '2026-04-28 15:25:53'),
('3167', '40', 'Kandy', '005', '1', '2026-04-28 15:25:53'),
('3168', '40', 'Badulla', '006', '1', '2026-04-28 15:25:53'),
('3169', '40', 'Panadura', '007', '1', '2026-04-28 15:25:53'),
('3170', '40', 'Anuradhapura', '008', '1', '2026-04-28 15:25:53'),
('3171', '40', 'Galle', '009', '1', '2026-04-28 15:25:53'),
('3172', '40', 'Kiribathgoda', '010', '1', '2026-04-28 15:25:53'),
('3173', '40', 'Kurunegala', '011', '1', '2026-04-28 15:25:53'),
('3174', '40', 'Ratnapura', '012', '1', '2026-04-28 15:25:53'),
('3175', '40', 'Matara', '013', '1', '2026-04-28 15:25:53'),
('3176', '40', 'Kalutara', '014', '1', '2026-04-28 15:25:53'),
('3177', '40', 'Ambalangoda', '015', '1', '2026-04-28 15:25:53'),
('3178', '40', 'Ampara', '016', '1', '2026-04-28 15:25:53'),
('3179', '40', 'Avissawella', '017', '1', '2026-04-28 15:25:53'),
('3180', '40', 'Gampaha', '018', '1', '2026-04-28 15:25:53'),
('3181', '40', 'Chilaw', '019', '1', '2026-04-28 15:25:53'),
('3182', '40', 'Polonnaruwa', '020', '1', '2026-04-28 15:25:53'),
('3183', '40', 'Piliyandala', '021', '1', '2026-04-28 15:25:53'),
('3184', '40', 'Boralesgamuwa', '022', '1', '2026-04-28 15:25:53'),
('3185', '40', 'Dambulla', '023', '1', '2026-04-28 15:25:53'),
('3186', '40', 'Balangoda', '024', '1', '2026-04-28 15:25:53'),
('3187', '40', 'Kegalle', '025', '1', '2026-04-28 15:25:53'),
('3188', '40', 'Bandarawela', '026', '1', '2026-04-28 15:25:53'),
('3189', '40', 'Dehiwala', '027', '1', '2026-04-28 15:25:53'),
('3190', '40', 'Embilipitiya', '028', '1', '2026-04-28 15:25:53'),
('3191', '40', 'Batticaloa', '029', '1', '2026-04-28 15:25:53'),
('3192', '40', 'Elpitiya', '030', '1', '2026-04-28 15:25:53'),
('3193', '40', 'Maradana', '031', '1', '2026-04-28 15:25:53'),
('3194', '40', 'Kandana', '032', '1', '2026-04-28 15:25:53'),
('3195', '40', 'Mahiyanganaya', '033', '1', '2026-04-28 15:25:53'),
('3196', '40', 'Tissamaharama', '034', '1', '2026-04-28 15:25:53'),
('3197', '40', 'Matale', '035', '1', '2026-04-28 15:25:53'),
('3198', '40', 'Maharagama', '036', '1', '2026-04-28 15:25:53'),
('3199', '40', 'Kuliyapitiya', '037', '1', '2026-04-28 15:25:53'),
('3200', '40', 'Puttalam', '038', '1', '2026-04-28 15:25:53'),
('3201', '40', 'Trincomalee', '039', '1', '2026-04-28 15:25:53'),
('3202', '40', 'Gampola', '040', '1', '2026-04-28 15:25:53'),
('3203', '40', 'Horana', '041', '1', '2026-04-28 15:25:53'),
('3204', '40', 'Kadawatha', '042', '1', '2026-04-28 15:25:53'),
('3205', '40', 'Jaffna', '043', '1', '2026-04-28 15:25:53'),
('3206', '40', 'Chunnakam', '044', '1', '2026-04-28 15:25:53'),
('3207', '40', 'Manipay', '045', '1', '2026-04-28 15:25:53'),
('3208', '40', 'Chavakachcheri', '046', '1', '2026-04-28 15:25:53'),
('3209', '40', 'Kilinochchi', '047', '1', '2026-04-28 15:25:53'),
('3210', '40', 'Vavuniya', '048', '1', '2026-04-28 15:25:53'),
('3211', '40', 'Nuwara Eliya', '049', '1', '2026-04-28 15:25:53'),
('3212', '40', 'Hatton', '050', '1', '2026-04-28 15:25:53'),
('3213', '40', 'Nelliady', '051', '1', '2026-04-28 15:25:53'),
('3214', '40', 'Matugama', '052', '1', '2026-04-28 15:25:53'),
('3215', '40', 'Wennappuwa', '053', '1', '2026-04-28 15:25:53'),
('3216', '40', 'Thambuththegama', '054', '1', '2026-04-28 15:25:53'),
('3217', '40', 'Akkaraipattu', '055', '1', '2026-04-28 15:25:53'),
('3218', '40', 'Pothuvil', '056', '1', '2026-04-28 15:25:53'),
('3219', '40', 'Kochchikade', '057', '1', '2026-04-28 15:25:53'),
('3220', '40', 'Kotahena', '058', '1', '2026-04-28 15:25:53'),
('3221', '40', 'Anuradhapura 02', '059', '1', '2026-04-28 15:25:53'),
('3222', '40', 'Rajagiriya', '060', '1', '2026-04-28 15:25:53'),
('3223', '40', 'Welimada', '061', '1', '2026-04-28 15:25:53'),
('3224', '40', 'Pilimathalawa', '062', '1', '2026-04-28 15:25:53'),
('3225', '40', 'Katugasthota', '063', '1', '2026-04-28 15:25:53'),
('3226', '40', 'Kalmunai', '064', '1', '2026-04-28 15:25:53'),
('3227', '40', 'Moratumulla', '065', '1', '2026-04-28 15:25:53'),
('3228', '40', 'Kalawanchikudy', '066', '1', '2026-04-28 15:25:53'),
('3229', '40', 'Sea Street', '067', '1', '2026-04-28 15:25:53'),
('3230', '40', 'Matara City', '068', '1', '2026-04-28 15:25:53'),
('3231', '40', 'Aluthgama', '069', '1', '2026-04-28 15:25:53'),
('3232', '40', 'Kandy City', '070', '1', '2026-04-28 15:25:53'),
('3233', '40', 'Warakapola', '071', '1', '2026-04-28 15:25:53'),
('3234', '40', 'Malabe', '072', '1', '2026-04-28 15:25:53'),
('3235', '40', 'Kaduwela', '073', '1', '2026-04-28 15:25:53'),
('3236', '40', 'Nawalapitiya', '074', '1', '2026-04-28 15:25:53'),
('3237', '40', 'Homagama', '075', '1', '2026-04-28 15:25:53'),
('3238', '40', 'Kurunegala City', '076', '1', '2026-04-28 15:25:53'),
('3239', '40', 'Maskeliya', '077', '1', '2026-04-28 15:25:53'),
('3240', '40', 'Pitigala', '078', '1', '2026-04-28 15:25:53'),
('3241', '40', 'Samanturei', '079', '1', '2026-04-28 15:25:53'),
('3242', '40', 'Saindamarthu', '080', '1', '2026-04-28 15:25:53'),
('3243', '40', 'Kotte', '081', '1', '2026-04-28 15:25:53'),
('3244', '40', 'Badulla City', '082', '1', '2026-04-28 15:25:53'),
('3245', '40', 'Ja Ela', '083', '1', '2026-04-28 15:25:53'),
('3246', '40', 'Delkada', '084', '1', '2026-04-28 15:25:53'),
('3247', '40', 'Kaththankudi', '085', '1', '2026-04-28 15:25:53'),
('3248', '40', 'Dam Street', '086', '1', '2026-04-28 15:25:53'),
('3249', '40', 'Akuressa', '087', '1', '2026-04-28 15:25:53'),
('3250', '40', 'Monaragala', '088', '1', '2026-04-28 15:25:53'),
('3251', '40', 'Tangalle', '089', '1', '2026-04-28 15:25:53'),
('3252', '40', 'Mount Lavinia', '090', '1', '2026-04-28 15:25:53'),
('3253', '40', 'Neluwa', '091', '1', '2026-04-28 15:25:53'),
('3254', '40', 'Battaramulla', '092', '1', '2026-04-28 15:25:53'),
('3255', '40', 'Kurunegala Premier Centre', '093', '1', '2026-04-28 15:25:53'),
('3256', '40', 'Moratuwa', '094', '1', '2026-04-28 15:25:53'),
('3257', '40', 'Medawachchiya', '095', '1', '2026-04-28 15:25:53'),
('3258', '40', 'Chenkalady', '096', '1', '2026-04-28 15:25:53'),
('3259', '40', 'Pussellawa', '097', '1', '2026-04-28 15:25:53'),
('3260', '40', 'Deniyaya', '098', '1', '2026-04-28 15:25:53'),
('3261', '40', 'Jaffna City', '099', '1', '2026-04-28 15:25:53'),
('3262', '40', 'Jaffna Premier', '100', '1', '2026-04-28 15:25:53'),
('3263', '40', 'Valaichchenai', '101', '1', '2026-04-28 15:25:53'),
('3264', '40', 'Wattala', '102', '1', '2026-04-28 15:25:53'),
('3265', '40', 'Kottawa', '104', '1', '2026-04-28 15:25:53'),
('3266', '40', 'Dehiattakandiya', '105', '1', '2026-04-28 15:25:53'),
('3267', '40', 'Kokkadicholai', '106', '1', '2026-04-28 15:25:53'),
('3268', '40', 'Gelioya', '107', '1', '2026-04-28 15:25:53'),
('3269', '40', 'Kinniya', '109', '1', '2026-04-28 15:25:53'),
('3270', '40', 'Anamaduwa', '110', '1', '2026-04-28 15:25:53'),
('3271', '40', 'Puthukkudiyiruppu', '111', '1', '2026-04-28 15:25:53'),
('3272', '40', 'Delgoda', '112', '1', '2026-04-28 15:25:53'),
('3273', '40', 'Eheliyagoda', '113', '1', '2026-04-28 15:25:53'),
('3274', '40', 'Kekirawa', '114', '1', '2026-04-28 15:25:53'),
('3275', '40', 'Divulapitiya', '115', '1', '2026-04-28 15:25:53'),
('3276', '40', 'Narammala', '116', '1', '2026-04-28 15:25:53'),
('3277', '40', 'Medirigiriya', '117', '1', '2026-04-28 15:25:53'),
('3278', '40', 'Achchuveli', '118', '1', '2026-04-28 15:25:53'),
('3279', '40', 'Mannar', '119', '1', '2026-04-28 15:25:53'),
('3280', '40', 'Wadduwa', '121', '1', '2026-04-28 15:25:53'),
('3281', '40', 'Dharga Town', '122', '1', '2026-04-28 15:25:53'),
('3282', '40', 'Karapitiya', '123', '1', '2026-04-28 15:25:53'),
('3283', '41', 'Head Office', '001', '1', '2026-04-28 15:25:53'),
('3284', '42', 'Head Office', '001', '1', '2026-04-28 15:25:53'),
('3285', '42', 'Virtual Branch', '002', '1', '2026-04-28 15:25:53'),
('3286', '43', 'Head Office', '001', '1', '2026-04-28 15:25:53'),
('3287', '44', 'Colombo', '001', '1', '2026-04-28 15:25:53'),
('3288', '44', 'Kandy', '002', '1', '2026-04-28 15:25:53'),
('3289', '44', 'Nugegoda', '016', '1', '2026-04-28 15:25:53'),
('3290', '45', 'Head Office', '001', '1', '2026-04-28 15:25:53'),
('3291', '46', 'Head Office', '001', '1', '2026-04-28 15:25:53'),
('3292', '46', 'Gampaha', '002', '1', '2026-04-28 15:25:53'),
('3293', '46', 'Ratnapura', '003', '1', '2026-04-28 15:25:53'),
('3294', '46', 'Galle', '004', '1', '2026-04-28 15:25:53'),
('3295', '46', 'Vavuniya', '005', '1', '2026-04-28 15:25:53'),
('3296', '46', 'Trincomalee', '006', '1', '2026-04-28 15:25:53'),
('3297', '46', 'Batticaloa', '007', '1', '2026-04-28 15:25:53'),
('3298', '46', 'Jaffna', '008', '1', '2026-04-28 15:25:53'),
('3299', '46', 'Kelaniya', '009', '1', '2026-04-28 15:25:53'),
('3300', '46', 'Horana', '010', '1', '2026-04-28 15:25:53'),
('3301', '46', 'Maharagama', '011', '1', '2026-04-28 15:25:53'),
('3302', '46', 'Ja-Ela', '012', '1', '2026-04-28 15:25:53'),
('3303', '46', 'Kandy', '013', '1', '2026-04-28 15:25:53'),
('3304', '46', 'Matara', '014', '1', '2026-04-28 15:25:53'),
('3305', '46', 'Anuradhapura', '015', '1', '2026-04-28 15:25:53'),
('3306', '46', 'Puttalam', '016', '1', '2026-04-28 15:25:53'),
('3307', '46', 'Kilinochchi', '017', '1', '2026-04-28 15:25:53'),
('3308', '46', 'Chilaw', '018', '1', '2026-04-28 15:25:53'),
('3309', '46', 'Negombo', '019', '1', '2026-04-28 15:25:53'),
('3310', '46', 'Ganemulla', '020', '1', '2026-04-28 15:25:53'),
('3311', '46', 'Kaduruwela', '021', '1', '2026-04-28 15:25:53'),
('3312', '46', 'Ambalanthota', '022', '1', '2026-04-28 15:25:53'),
('3313', '46', 'Kuliyapitiya', '023', '1', '2026-04-28 15:25:53'),
('3314', '46', 'Galewela', '024', '1', '2026-04-28 15:25:53'),
('3315', '46', 'Avissawella', '025', '1', '2026-04-28 15:25:53'),
('3316', '46', 'Kalpitiya', '026', '1', '2026-04-28 15:25:53'),
('3317', '46', 'Kurunegala', '027', '1', '2026-04-28 15:25:53'),
('3318', '46', 'Kadawatha', '028', '1', '2026-04-28 15:25:53'),
('3319', '46', 'Dambulla', '029', '1', '2026-04-28 15:25:53'),
('3320', '46', 'Nuwara Eliya', '030', '1', '2026-04-28 15:25:53'),
('3321', '46', 'Hingurakgoda', '031', '1', '2026-04-28 15:25:53'),
('3322', '46', 'Malambe', '032', '1', '2026-04-28 15:25:53'),
('3323', '46', 'Kegalle', '033', '1', '2026-04-28 15:25:53'),
('3324', '46', 'Ampara', '034', '1', '2026-04-28 15:25:53'),
('3325', '46', 'Embilipitiya', '035', '1', '2026-04-28 15:25:53'),
('3326', '46', 'Aluthgama', '036', '1', '2026-04-28 15:25:53'),
('3327', '47', 'Head Office', '000', '1', '2026-04-28 15:25:53'),
('3328', '48', 'Ambalangoda', '001', '1', '2026-04-28 15:25:53'),
('3329', '48', 'Batticaloa', '002', '1', '2026-04-28 15:25:53'),
('3330', '48', 'Bandarawela', '003', '1', '2026-04-28 15:25:53'),
('3331', '48', 'City Office-I', '004', '1', '2026-04-28 15:25:53'),
('3332', '48', 'Ambalantota', '005', '1', '2026-04-28 15:25:53'),
('3333', '48', 'Kurunegala', '006', '1', '2026-04-28 15:25:53'),
('3334', '48', 'Kanthale', '007', '1', '2026-04-28 15:25:53'),
('3335', '48', 'Badulla', '008', '1', '2026-04-28 15:25:53'),
('3336', '48', 'City Office-E', '009', '1', '2026-04-28 15:25:53'),
('3337', '48', 'Kalutara', '010', '1', '2026-04-28 15:25:53'),
('3338', '48', 'Wattala', '011', '1', '2026-04-28 15:25:53'),
('3339', '48', 'Kalmunai', '012', '1', '2026-04-28 15:25:53'),
('3340', '48', 'Embilipitiya', '013', '1', '2026-04-28 15:25:53'),
('3341', '48', 'City Office-B', '014', '1', '2026-04-28 15:25:53'),
('3342', '48', 'Wennappuwa', '015', '1', '2026-04-28 15:25:53'),
('3343', '48', 'Kaduwela', '016', '1', '2026-04-28 15:25:53'),
('3344', '48', 'Hingurakgoda', '017', '1', '2026-04-28 15:25:53'),
('3345', '48', 'Matale', '018', '1', '2026-04-28 15:25:53'),
('3346', '48', 'Nelliady', '019', '1', '2026-04-28 15:25:53'),
('3347', '48', 'Trincomalee', '020', '1', '2026-04-28 15:25:53'),
('3348', '48', 'Padaviya', '021', '1', '2026-04-28 15:25:53'),
('3349', '48', 'Balangoda', '022', '1', '2026-04-28 15:25:53'),
('3350', '48', 'Nuwara Eliya', '023', '1', '2026-04-28 15:25:53'),
('3351', '48', 'Vavuniya', '024', '1', '2026-04-28 15:25:53'),
('3352', '48', 'Nittambuwa', '025', '1', '2026-04-28 15:25:53'),
('3353', '48', 'Polonnaruwa', '026', '1', '2026-04-28 15:25:53'),
('3354', '48', 'Ratnapura', '027', '1', '2026-04-28 15:25:53'),
('3355', '48', 'Puttalam', '028', '1', '2026-04-28 15:25:53'),
('3356', '48', 'Medawachchiya', '029', '1', '2026-04-28 15:25:53'),
('3357', '48', 'Moratuwa', '030', '1', '2026-04-28 15:25:53'),
('3358', '48', 'Mathugama', '031', '1', '2026-04-28 15:25:53'),
('3359', '48', 'Homagama', '032', '1', '2026-04-28 15:25:53'),
('3360', '48', 'Nugegoda', '033', '1', '2026-04-28 15:25:53'),
('3361', '48', 'City Office-M', '034', '1', '2026-04-28 15:25:53'),
('3362', '48', 'Negombo', '035', '1', '2026-04-28 15:25:53'),
('3363', '48', 'Nikaweratiya', '036', '1', '2026-04-28 15:25:53'),
('3364', '48', 'City Office-S', '037', '1', '2026-04-28 15:25:53'),
('3365', '48', 'Nawalapitiya', '038', '1', '2026-04-28 15:25:53'),
('3366', '48', 'Galnewa', '039', '1', '2026-04-28 15:25:53'),
('3367', '48', 'Rikillagaskada', '040', '1', '2026-04-28 15:25:53'),
('3368', '48', 'Gampaha', '041', '1', '2026-04-28 15:25:53'),
('3369', '48', 'Thambuththegama', '042', '1', '2026-04-28 15:25:53'),
('3370', '48', 'Mahiyanganaya', '043', '1', '2026-04-28 15:25:53'),
('3371', '48', 'Matara', '044', '1', '2026-04-28 15:25:53'),
('3372', '48', 'Mannar', '045', '1', '2026-04-28 15:25:53'),
('3373', '48', 'Kalpitiya', '046', '1', '2026-04-28 15:25:53'),
('3374', '48', 'City Office-P', '047', '1', '2026-04-28 15:25:53'),
('3375', '48', 'Maharagama', '048', '1', '2026-04-28 15:25:53'),
('3376', '48', 'City Office-Colombo', '049', '1', '2026-04-28 15:25:53'),
('3377', '48', 'City Office-None Fd', '050', '1', '2026-04-28 15:25:53'),
('3378', '48', 'Bandaragama', '051', '1', '2026-04-28 15:25:53'),
('3379', '48', 'Kuliyapitiya', '052', '1', '2026-04-28 15:25:53'),
('3380', '48', 'Kilinochchi', '053', '1', '2026-04-28 15:25:53'),
('3381', '48', 'Monaragala', '054', '1', '2026-04-28 15:25:53'),
('3382', '48', 'City Office-G', '055', '1', '2026-04-28 15:25:53'),
('3383', '48', 'City Office-F', '056', '1', '2026-04-28 15:25:53'),
('3384', '48', 'City Office-K', '057', '1', '2026-04-28 15:25:53'),
('3385', '48', 'City Office-C', '058', '1', '2026-04-28 15:25:53'),
('3386', '48', 'City Office-Q', '059', '1', '2026-04-28 15:25:53'),
('3387', '48', 'Dehiattakandiya', '060', '1', '2026-04-28 15:25:53'),
('3388', '48', 'Elpitiya', '061', '1', '2026-04-28 15:25:53'),
('3389', '48', 'Deniyaya', '062', '1', '2026-04-28 15:25:53'),
('3390', '48', 'Dambulla', '063', '1', '2026-04-28 15:25:54'),
('3391', '48', 'City Office-A', '064', '1', '2026-04-28 15:25:54'),
('3392', '48', 'Galle', '065', '1', '2026-04-28 15:25:54'),
('3393', '48', 'City Office-H', '066', '1', '2026-04-28 15:25:54'),
('3394', '48', 'Galenbindunuwewa', '067', '1', '2026-04-28 15:25:54'),
('3395', '48', 'City Office-D', '068', '1', '2026-04-28 15:25:54'),
('3396', '48', 'Kegalle', '069', '1', '2026-04-28 15:25:54'),
('3397', '48', 'Kandy', '070', '1', '2026-04-28 15:25:54'),
('3398', '48', 'City Office-J', '071', '1', '2026-04-28 15:25:54'),
('3399', '48', 'Kcc', '072', '1', '2026-04-28 15:25:54'),
('3400', '48', 'Aralaganwila', '073', '1', '2026-04-28 15:25:54'),
('3401', '48', 'Avissawella', '074', '1', '2026-04-28 15:25:54'),
('3402', '48', 'Wellawatte', '075', '1', '2026-04-28 15:25:54'),
('3403', '48', 'Anuradhapura', '076', '1', '2026-04-28 15:25:54'),
('3404', '48', 'Ampara', '077', '1', '2026-04-28 15:25:54'),
('3405', '48', 'Jaffna', '078', '1', '2026-04-28 15:25:54'),
('3406', '48', 'Horana', '079', '1', '2026-04-28 15:25:54'),
('3407', '48', 'Welimada', '080', '1', '2026-04-28 15:25:54'),
('3408', '48', 'Aluthgama', '081', '1', '2026-04-28 15:25:54'),
('3409', '48', 'Nochchiyagama', '082', '1', '2026-04-28 15:25:54'),
('3410', '48', 'Horowpathana', '083', '1', '2026-04-28 15:25:54'),
('3411', '48', 'Neluwa', '084', '1', '2026-04-28 15:25:54'),
('3412', '48', 'Siyambalanduwa', '085', '1', '2026-04-28 15:25:54'),
('3413', '48', 'Pulmude', '086', '1', '2026-04-28 15:25:54'),
('3414', '48', 'Kekirawa', '087', '1', '2026-04-28 15:25:54'),
('3415', '48', 'Delft', '089', '1', '2026-04-28 15:25:54'),
('3416', '48', 'Chunnakam', '090', '1', '2026-04-28 15:25:54'),
('3417', '48', 'Panadura', '091', '1', '2026-04-28 15:25:54'),
('3418', '48', 'Weligama', '092', '1', '2026-04-28 15:25:54'),
('3419', '48', 'Gampola', '093', '1', '2026-04-28 15:25:54'),
('3420', '48', 'Wariyapola', '094', '1', '2026-04-28 15:25:54'),
('3421', '48', 'Udugama', '095', '1', '2026-04-28 15:25:54'),
('3422', '48', 'Melsiripura', '096', '1', '2026-04-28 15:25:54'),
('3423', '48', 'Bakamuna', '097', '1', '2026-04-28 15:25:54'),
('3424', '48', 'Akuressa', '098', '1', '2026-04-28 15:25:54'),
('3425', '48', 'Mount Lavinia', '099', '1', '2026-04-28 15:25:54'),
('3426', '48', 'Welikanda', '100', '1', '2026-04-28 15:25:54'),
('3427', '48', 'Muthur', '101', '1', '2026-04-28 15:25:54'),
('3428', '48', 'Kirindiwela', '102', '1', '2026-04-28 15:25:54'),
('3429', '48', 'Teldeniya', '103', '1', '2026-04-28 15:25:54'),
('3430', '48', 'Hatton', '104', '1', '2026-04-28 15:25:54'),
('3431', '48', 'Giriulla', '105', '1', '2026-04-28 15:25:54'),
('3432', '48', 'Thanamalwila', '106', '1', '2026-04-28 15:25:54'),
('3433', '48', 'Pothuvil', '107', '1', '2026-04-28 15:25:54'),
('3434', '48', 'Bibile', '108', '1', '2026-04-28 15:25:54'),
('3435', '48', 'Warakapola', '109', '1', '2026-04-28 15:25:54'),
('3436', '48', 'Mahaoya', '110', '1', '2026-04-28 15:25:54'),
('3437', '48', 'Battaramulla', '111', '1', '2026-04-28 15:25:54'),
('3438', '48', 'Polpithigama', '112', '1', '2026-04-28 15:25:54'),
('3439', '48', 'Chavakachcheri', '113', '1', '2026-04-28 15:25:54'),
('3440', '48', 'Akkaraipattu', '114', '1', '2026-04-28 15:25:54'),
('3441', '48', 'Valaichchenai', '115', '1', '2026-04-28 15:25:54'),
('3442', '48', 'Pussellawa', '116', '1', '2026-04-28 15:25:54'),
('3443', '48', 'Mullativu', '117', '1', '2026-04-28 15:25:54'),
('3444', '48', 'Deraniyagala', '118', '1', '2026-04-28 15:25:54'),
('3445', '48', 'Chilaw', '119', '1', '2026-04-28 15:25:54'),
('3446', '48', 'Angunakolapelessa', '120', '1', '2026-04-28 15:25:54'),
('3447', '48', 'Pilimathalawa', '121', '1', '2026-04-28 15:25:54'),
('3448', '48', 'Tissamaharama', '122', '1', '2026-04-28 15:25:54'),
('3449', '48', 'Ingiriya', '123', '1', '2026-04-28 15:25:54'),
('3450', '48', 'Baddegama', '124', '1', '2026-04-28 15:25:54'),
('3451', '48', 'Tangalle', '125', '1', '2026-04-28 15:25:54'),
('3452', '48', 'Naththandiya', '126', '1', '2026-04-28 15:25:54'),
('3453', '48', 'Anamaduwa', '127', '1', '2026-04-28 15:25:54'),
('3454', '48', 'Kinniya', '128', '1', '2026-04-28 15:25:54'),
('3455', '48', 'Kalawana', '129', '1', '2026-04-28 15:25:54'),
('3456', '48', 'Godakawela', '130', '1', '2026-04-28 15:25:54'),
('3457', '48', 'Divulapitiya', '131', '1', '2026-04-28 15:25:54'),
('3458', '48', 'Beruwala', '132', '1', '2026-04-28 15:25:54'),
('3459', '48', 'Ja-Ela', '133', '1', '2026-04-28 15:25:54'),
('3460', '48', 'Piliyandala', '134', '1', '2026-04-28 15:25:54'),
('3461', '48', 'Kaluwanchikudy', '135', '1', '2026-04-28 15:25:54'),
('3462', '48', 'Galgamuwa', '136', '1', '2026-04-28 15:25:54'),
('3463', '48', 'Galagedara', '137', '1', '2026-04-28 15:25:54'),
('3464', '48', 'Akurana', '138', '1', '2026-04-28 15:25:54'),
('3465', '48', 'Kiribathgoda', '139', '1', '2026-04-28 15:25:54'),
('3466', '48', 'Wellawaya', '140', '1', '2026-04-28 15:25:54'),
('3467', '49', 'Head Office', '003', '1', '2026-04-28 15:25:54'),
('3468', '49', 'Union Place', '100', '1', '2026-04-28 15:25:54'),
('3469', '49', 'Kadawatha', '101', '1', '2026-04-28 15:25:54'),
('3470', '49', 'Gampaha', '102', '1', '2026-04-28 15:25:54'),
('3471', '49', 'Negombo', '103', '1', '2026-04-28 15:25:54'),
('3472', '49', 'Kottawa', '104', '1', '2026-04-28 15:25:54'),
('3473', '49', 'Kalutara', '105', '1', '2026-04-28 15:25:54'),
('3474', '49', 'Moratuwa', '106', '1', '2026-04-28 15:25:54'),
('3475', '49', 'Galle', '107', '1', '2026-04-28 15:25:54'),
('3476', '49', 'Nugegoda', '108', '1', '2026-04-28 15:25:54'),
('3477', '49', 'Kotahena', '109', '1', '2026-04-28 15:25:54'),
('3478', '49', 'Kurunegala', '110', '1', '2026-04-28 15:25:54'),
('3479', '49', 'Anuradhapura', '112', '1', '2026-04-28 15:25:54'),
('3480', '49', 'Ratnapura', '113', '1', '2026-04-28 15:25:54'),
('3481', '49', 'Ambalangoda', '114', '1', '2026-04-28 15:25:54'),
('3482', '49', 'Ampara', '115', '1', '2026-04-28 15:25:54'),
('3483', '49', 'Ambalantota', '116', '1', '2026-04-28 15:25:54'),
('3484', '49', 'Avissawella', '117', '1', '2026-04-28 15:25:54'),
('3485', '49', 'Bandarawela', '118', '1', '2026-04-28 15:25:54'),
('3486', '49', 'Batticaloa', '119', '1', '2026-04-28 15:25:54'),
('3487', '49', 'Chilaw', '120', '1', '2026-04-28 15:25:54'),
('3488', '49', 'City Office', '121', '1', '2026-04-28 15:25:54'),
('3489', '49', 'Dambulla', '122', '1', '2026-04-28 15:25:54'),
('3490', '49', 'Deniyaya', '123', '1', '2026-04-28 15:25:54'),
('3491', '49', 'Embilipitiya', '124', '1', '2026-04-28 15:25:54'),
('3492', '49', 'Hambantota', '125', '1', '2026-04-28 15:25:54'),
('3493', '49', 'Hingurakgoda', '126', '1', '2026-04-28 15:25:54'),
('3494', '49', 'Horana', '127', '1', '2026-04-28 15:25:54'),
('3495', '49', 'Hatton', '128', '1', '2026-04-28 15:25:54'),
('3496', '49', 'Ja-Ela', '129', '1', '2026-04-28 15:25:54'),
('3497', '49', 'Jaffna', '130', '1', '2026-04-28 15:25:54'),
('3498', '49', 'Kandy', '131', '1', '2026-04-28 15:25:54'),
('3499', '49', 'Kiribathgoda', '132', '1', '2026-04-28 15:25:54'),
('3500', '49', 'Kandy City Office', '133', '1', '2026-04-28 15:25:54'),
('3501', '49', 'Kilinochchi', '134', '1', '2026-04-28 15:25:54'),
('3502', '49', 'Kakirawa', '135', '1', '2026-04-28 15:25:54'),
('3503', '49', 'Kandana', '136', '1', '2026-04-28 15:25:54'),
('3504', '49', 'Kuliyapitiya', '137', '1', '2026-04-28 15:25:54'),
('3505', '49', 'Maharagama', '138', '1', '2026-04-28 15:25:54'),
('3506', '49', 'Monaragala', '140', '1', '2026-04-28 15:25:54'),
('3507', '49', 'Metropolitan', '141', '1', '2026-04-28 15:25:54'),
('3508', '49', 'Matara', '142', '1', '2026-04-28 15:25:54'),
('3509', '49', 'Matugama', '143', '1', '2026-04-28 15:25:54'),
('3510', '49', 'Nittambuwa', '144', '1', '2026-04-28 15:25:54'),
('3511', '49', 'Panadura', '145', '1', '2026-04-28 15:25:54'),
('3512', '49', 'Puttlam', '146', '1', '2026-04-28 15:25:54'),
('3513', '49', 'Trincomalee', '147', '1', '2026-04-28 15:25:54'),
('3514', '49', 'Vavuniya', '148', '1', '2026-04-28 15:25:54'),
('3515', '49', 'Wennappuwa', '149', '1', '2026-04-28 15:25:54'),
('3516', '49', 'Wattala', '150', '1', '2026-04-28 15:25:54'),
('3517', '50', 'City', '001', '1', '2026-04-28 15:25:54'),
('3518', '50', 'Moratuwa', '002', '1', '2026-04-28 15:25:54'),
('3519', '50', 'Jaffna', '003', '1', '2026-04-28 15:25:54'),
('3520', '50', 'Trincomalee', '004', '1', '2026-04-28 15:25:54'),
('3521', '50', 'Bandaragama', '005', '1', '2026-04-28 15:25:54'),
('3522', '50', 'Vavuniya', '006', '1', '2026-04-28 15:25:54'),
('3523', '50', 'Ampara', '007', '1', '2026-04-28 15:25:54'),
('3524', '50', 'Kurunegala', '008', '1', '2026-04-28 15:25:54'),
('3525', '50', 'Wattala', '009', '1', '2026-04-28 15:25:54'),
('3526', '50', 'Kandy', '010', '1', '2026-04-28 15:25:54'),
('3527', '50', 'Anuradhapura', '011', '1', '2026-04-28 15:25:54'),
('3528', '50', 'Nuwara Eliya', '012', '1', '2026-04-28 15:25:54'),
('3529', '50', 'Matale', '013', '1', '2026-04-28 15:25:54'),
('3530', '50', 'Badulla', '014', '1', '2026-04-28 15:25:54'),
('3531', '50', 'Chilaw', '015', '1', '2026-04-28 15:25:54'),
('3532', '50', 'Puttalam', '016', '1', '2026-04-28 15:25:54'),
('3533', '50', 'Kegalle', '017', '1', '2026-04-28 15:25:54'),
('3534', '50', 'Kalutara', '018', '1', '2026-04-28 15:25:54'),
('3535', '50', 'Batticoloa', '019', '1', '2026-04-28 15:25:54'),
('3536', '50', 'Ja-Ela', '020', '1', '2026-04-28 15:25:54'),
('3537', '50', 'Matara', '021', '1', '2026-04-28 15:25:54'),
('3538', '50', 'Welimada', '022', '1', '2026-04-28 15:25:54'),
('3539', '50', 'Dambulla', '023', '1', '2026-04-28 15:25:54'),
('3540', '50', 'Kantale', '024', '1', '2026-04-28 15:25:54'),
('3541', '50', 'Ambalangoda', '025', '1', '2026-04-28 15:25:54'),
('3542', '50', 'Homagama', '026', '1', '2026-04-28 15:25:54'),
('3543', '50', 'Negombo', '027', '1', '2026-04-28 15:25:54'),
('3544', '50', 'Beliatta', '028', '1', '2026-04-28 15:25:54'),
('3545', '50', 'Embilipitiya', '029', '1', '2026-04-28 15:25:54'),
('3546', '50', 'Polonnaruwa', '030', '1', '2026-04-28 15:25:54'),
('3547', '50', 'Mahiyanganaya', '031', '1', '2026-04-28 15:25:54'),
('3548', '50', 'Moneragala', '032', '1', '2026-04-28 15:25:54'),
('3549', '50', 'Hambantota', '033', '1', '2026-04-28 15:25:54'),
('3550', '50', 'Galle', '034', '1', '2026-04-28 15:25:54'),
('3551', '50', 'Mathugama', '035', '1', '2026-04-28 15:25:54'),
('3552', '50', 'Medawachchiya', '036', '1', '2026-04-28 15:25:54'),
('3553', '50', 'Horana', '037', '1', '2026-04-28 15:25:54'),
('3554', '50', 'Rathnapura', '038', '1', '2026-04-28 15:25:54'),
('3555', '50', 'Nikaweratiya', '039', '1', '2026-04-28 15:25:54'),
('3556', '50', 'Galgamuwa', '040', '1', '2026-04-28 15:25:54'),
('3557', '50', 'Nittambuwa', '041', '1', '2026-04-28 15:25:54'),
('3558', '50', 'Gampaha', '042', '1', '2026-04-28 15:25:54'),
('3559', '50', 'Nawalapitiya', '043', '1', '2026-04-28 15:25:54'),
('3560', '50', 'Wennappuwa', '044', '1', '2026-04-28 15:25:54'),
('3561', '50', 'Avissawella', '045', '1', '2026-04-28 15:25:54'),
('3562', '50', 'Kaduwela', '046', '1', '2026-04-28 15:25:54'),
('3563', '50', 'Mannar', '047', '1', '2026-04-28 15:25:54'),
('3564', '50', 'Padaviya', '048', '1', '2026-04-28 15:25:54'),
('3565', '50', 'Balangoda', '049', '1', '2026-04-28 15:25:54'),
('3566', '50', 'Kalmunai', '050', '1', '2026-04-28 15:25:54'),
('3567', '50', 'Nellyadi', '051', '1', '2026-04-28 15:25:54'),
('3568', '50', 'Mullaitivu', '052', '1', '2026-04-28 15:25:54'),
('3569', '50', 'Pottuvil', '053', '1', '2026-04-28 15:25:54'),
('3570', '50', 'Mallavi', '054', '1', '2026-04-28 15:25:54'),
('3571', '50', 'Norocholai', '055', '1', '2026-04-28 15:25:54'),
('3572', '50', 'Morawaka', '056', '1', '2026-04-28 15:25:54'),
('3573', '50', 'Kuliyapitiya', '057', '1', '2026-04-28 15:25:54'),
('3574', '50', 'Nedunkeni', '058', '1', '2026-04-28 15:25:54'),
('3575', '50', 'Nochchiyagama', '059', '1', '2026-04-28 15:25:54'),
('3576', '50', 'Kilinochchi', '060', '1', '2026-04-28 15:25:54'),
('3577', '50', 'Kekirawa', '061', '1', '2026-04-28 15:25:54'),
('3578', '50', 'Galenbindunuwewa', '062', '1', '2026-04-28 15:25:54'),
('3579', '50', 'Rikillagaskada', '063', '1', '2026-04-28 15:25:54'),
('3580', '50', 'Bandarawela', '064', '1', '2026-04-28 15:25:54'),
('3581', '50', 'Walapane', '065', '1', '2026-04-28 15:25:54'),
('3582', '50', 'Tissamaharama', '066', '1', '2026-04-28 15:25:54'),
('3583', '50', 'Hatton', '067', '1', '2026-04-28 15:25:54'),
('3584', '50', 'Pitigala', '068', '1', '2026-04-28 15:25:54'),
('3585', '50', 'Dehiattakandiya', '069', '1', '2026-04-28 15:25:54'),
('3586', '50', 'Head office', '999', '1', '2026-04-28 15:25:54'),
('3587', '51', 'Head Office', '001', '1', '2026-04-28 15:25:54'),
('3588', '52', 'Head Office', '001', '1', '2026-04-28 15:25:54'),
('3589', '52', 'Akuressa', '002', '1', '2026-04-28 15:25:54'),
('3590', '52', 'Ambalangoda', '003', '1', '2026-04-28 15:25:54'),
('3591', '52', 'Ambalantota', '004', '1', '2026-04-28 15:25:54'),
('3592', '52', 'Ampara', '005', '1', '2026-04-28 15:25:54'),
('3593', '52', 'Anuradhapura', '006', '1', '2026-04-28 15:25:54'),
('3594', '52', 'Avissawella', '007', '1', '2026-04-28 15:25:54'),
('3595', '52', 'Badulla', '008', '1', '2026-04-28 15:25:54'),
('3596', '52', 'Balangoda', '009', '1', '2026-04-28 15:25:54'),
('3597', '52', 'Bandarawela', '010', '1', '2026-04-28 15:25:54'),
('3598', '52', 'Battaramulla', '011', '1', '2026-04-28 15:25:54'),
('3599', '52', 'Batticaloa', '012', '1', '2026-04-28 15:25:54'),
('3600', '52', 'Bentota', '013', '1', '2026-04-28 15:25:54'),
('3601', '52', 'Chilaw', '014', '1', '2026-04-28 15:25:54'),
('3602', '52', 'Chunnakam', '015', '1', '2026-04-28 15:25:54'),
('3603', '52', 'Kollupitiya', '016', '1', '2026-04-28 15:25:54'),
('3604', '52', 'Dambulla', '017', '1', '2026-04-28 15:25:54'),
('3605', '52', 'Dehiwala', '018', '1', '2026-04-28 15:25:54'),
('3606', '52', 'Deniyaya', '019', '1', '2026-04-28 15:25:54'),
('3607', '52', 'Digana', '020', '1', '2026-04-28 15:25:54'),
('3608', '52', 'Elpitiya', '021', '1', '2026-04-28 15:25:54'),
('3609', '52', 'Embilipitiya', '022', '1', '2026-04-28 15:25:54'),
('3610', '52', 'Galle', '023', '1', '2026-04-28 15:25:54'),
('3611', '52', 'Gampaha', '024', '1', '2026-04-28 15:25:54'),
('3612', '52', 'Gampola', '025', '1', '2026-04-28 15:25:54'),
('3613', '52', 'Giriulla', '026', '1', '2026-04-28 15:25:54'),
('3614', '52', 'Grandpass', '027', '1', '2026-04-28 15:25:54'),
('3615', '52', 'Hambantota', '028', '1', '2026-04-28 15:25:54'),
('3616', '52', 'Hatton', '029', '1', '2026-04-28 15:25:54'),
('3617', '52', 'Havelock City', '030', '1', '2026-04-28 15:25:54'),
('3618', '52', 'Homagama', '031', '1', '2026-04-28 15:25:54'),
('3619', '52', 'Horana', '032', '1', '2026-04-28 15:25:54'),
('3620', '52', 'Ja-Ela', '033', '1', '2026-04-28 15:25:54'),
('3621', '52', 'Jaffna', '034', '1', '2026-04-28 15:25:54'),
('3622', '52', 'Kadawatha', '035', '1', '2026-04-28 15:25:54'),
('3623', '52', 'Kaduwela', '036', '1', '2026-04-28 15:25:54'),
('3624', '52', 'Kalawana', '037', '1', '2026-04-28 15:25:54'),
('3625', '52', 'Kalmunai - AlSafa', '038', '1', '2026-04-28 15:25:54'),
('3626', '52', 'Kalutara', '039', '1', '2026-04-28 15:25:54'),
('3627', '52', 'Kaluwanchikudy', '040', '1', '2026-04-28 15:25:54'),
('3628', '52', 'Kandy', '041', '1', '2026-04-28 15:25:54'),
('3629', '52', 'Kandy - AlSafa', '042', '1', '2026-04-28 15:25:54'),
('3630', '52', 'Kanthale', '043', '1', '2026-04-28 15:25:54'),
('3631', '52', 'Kattankudy - AlSafa', '044', '1', '2026-04-28 15:25:54'),
('3632', '52', 'Kegalle', '045', '1', '2026-04-28 15:25:54'),
('3633', '52', 'Kekirawa', '046', '1', '2026-04-28 15:25:54'),
('3634', '52', 'Kelaniya', '047', '1', '2026-04-28 15:25:54'),
('3635', '52', 'Kilinochchi', '048', '1', '2026-04-28 15:25:54'),
('3636', '52', 'Kirindiwela', '049', '1', '2026-04-28 15:25:54'),
('3637', '52', 'Kuliyapitiya', '050', '1', '2026-04-28 15:25:54'),
('3638', '52', 'Kurunegala', '051', '1', '2026-04-28 15:25:54'),
('3639', '52', 'Mahaiyawa', '052', '1', '2026-04-28 15:25:54'),
('3640', '52', 'Maharagama', '053', '1', '2026-04-28 15:25:54'),
('3641', '52', 'Mahiyanganaya', '054', '1', '2026-04-28 15:25:54'),
('3642', '52', 'Mannar', '055', '1', '2026-04-28 15:25:54'),
('3643', '52', 'Matale', '056', '1', '2026-04-28 15:25:54'),
('3644', '52', 'Matara', '057', '1', '2026-04-28 15:25:54'),
('3645', '52', 'Mathugama', '058', '1', '2026-04-28 15:25:54'),
('3646', '52', 'Medawachchiya', '059', '1', '2026-04-28 15:25:54'),
('3647', '52', 'Melsiripura', '060', '1', '2026-04-28 15:25:54'),
('3648', '52', 'Metropolitan Office', '061', '1', '2026-04-28 15:25:54'),
('3649', '52', 'Minuwangoda', '062', '1', '2026-04-28 15:25:54'),
('3650', '52', 'Mirigama', '063', '1', '2026-04-28 15:25:54'),
('3651', '52', 'Monaragala', '064', '1', '2026-04-28 15:25:54'),
('3652', '52', 'Moratuwa', '065', '1', '2026-04-28 15:25:54'),
('3653', '52', 'Mutur - AlSafa', '066', '1', '2026-04-28 15:25:54'),
('3654', '52', 'Nawalapitiya', '067', '1', '2026-04-28 15:25:54'),
('3655', '52', 'Negombo', '068', '1', '2026-04-28 15:25:54'),
('3656', '52', 'Neluwa', '069', '1', '2026-04-28 15:25:54'),
('3657', '52', 'Nittambuwa', '070', '1', '2026-04-28 15:25:54'),
('3658', '52', 'Nugegoda', '071', '1', '2026-04-28 15:25:54'),
('3659', '52', 'Nuwara Eliya', '072', '1', '2026-04-28 15:25:54'),
('3660', '52', 'Panadura', '073', '1', '2026-04-28 15:25:54'),
('3661', '52', 'Pelmadulla', '074', '1', '2026-04-28 15:25:54'),
('3662', '52', 'Pettah', '075', '1', '2026-04-28 15:25:54'),
('3663', '52', 'Pilimathalawa', '076', '1', '2026-04-28 15:25:54'),
('3664', '52', 'Piliyandala', '077', '1', '2026-04-28 15:25:54'),
('3665', '52', 'Polonnaruwa', '078', '1', '2026-04-28 15:25:54'),
('3666', '52', 'Puttalam - AlSafa', '079', '1', '2026-04-28 15:25:54'),
('3667', '52', 'Ratnapura', '080', '1', '2026-04-28 15:25:54'),
('3668', '52', 'Tangalle', '081', '1', '2026-04-28 15:25:54'),
('3669', '52', 'Thambuttegama', '082', '1', '2026-04-28 15:25:54'),
('3670', '52', 'Tissamaharama', '083', '1', '2026-04-28 15:25:54'),
('3671', '52', 'Trincomalee', '084', '1', '2026-04-28 15:25:54'),
('3672', '52', 'Union Place - Alsafa', '085', '1', '2026-04-28 15:25:54'),
('3673', '52', 'Vavuniya', '086', '1', '2026-04-28 15:25:54'),
('3674', '52', 'Ward Place', '087', '1', '2026-04-28 15:25:54'),
('3675', '52', 'Wariyapola', '088', '1', '2026-04-28 15:25:54'),
('3676', '52', 'Wattala', '089', '1', '2026-04-28 15:25:54'),
('3677', '52', 'Welimada', '090', '1', '2026-04-28 15:25:54'),
('3678', '52', 'Wellawatte', '091', '1', '2026-04-28 15:25:54'),
('3679', '52', 'Wellawaya', '092', '1', '2026-04-28 15:25:54'),
('3680', '52', 'Wennappuwa', '093', '1', '2026-04-28 15:25:54'),
('3681', '53', 'Head Office', '001', '1', '2026-04-28 15:25:54'),
('3682', '53', 'CBSL-VB', '998', '1', '2026-04-28 15:25:54'),
('3683', '53', 'Central Bank Of Sri Lanka', '999', '1', '2026-04-28 15:25:54');

-- --------------------------------------------------------
-- Table structure for table `banks`
-- --------------------------------------------------------
DROP TABLE IF EXISTS `banks`;
CREATE TABLE `banks` (
  `id` int(11) NOT NULL AUTO_INCREMENT,
  `name` varchar(100) NOT NULL,
  `code` varchar(20) DEFAULT NULL,
  `is_active` tinyint(1) DEFAULT 1,
  `created_at` timestamp NOT NULL DEFAULT current_timestamp(),
  PRIMARY KEY (`id`)
) ENGINE=InnoDB AUTO_INCREMENT=54 DEFAULT CHARSET=utf8mb4 COLLATE=utf8mb4_general_ci;

-- Dumping data for table `banks`
INSERT INTO `banks` (`id`, `name`, `code`, `is_active`, `created_at`) VALUES
('1', 'Bank of Ceylon', '7010', '1', '2026-04-17 12:29:34'),
('2', 'Sampath Bank', 'SAMP', '1', '2026-04-17 12:29:34'),
('3', 'Commercial Bank', 'COMB', '1', '2026-04-17 12:29:34'),
('4', 'Hatton National Bank', 'HNB', '1', '2026-04-17 12:29:34'),
('5', 'Peoples Bank', '7135', '1', '2026-04-17 12:29:34'),
('6', 'Seylan Bank', 'SEYB', '1', '2026-04-17 12:29:34'),
('7', 'NDB Bank', 'NDB', '1', '2026-04-17 12:29:34'),
('8', 'DFCC Bank', 'DFCC', '1', '2026-04-17 12:29:34'),
('9', 'Nations Trust Bank', 'NTB', '1', '2026-04-17 12:29:34'),
('10', 'Pan Asia Bank', 'PABC', '1', '2026-04-17 12:29:34'),
('11', 'Standard Chartered Bank', '7038', '1', '2026-04-28 15:25:44'),
('12', 'Citi Bank', '7047', '1', '2026-04-28 15:25:44'),
('13', 'Commercial Bank PLC', '7056', '1', '2026-04-28 15:25:44'),
('14', 'Habib Bank Ltd', '7074', '1', '2026-04-28 15:25:45'),
('15', 'Hatton National Bank PLC', '7083', '1', '2026-04-28 15:25:45'),
('16', 'Hongkong   Shanghai Bank', '7092', '1', '2026-04-28 15:25:46'),
('17', 'Indian Bank', '7108', '1', '2026-04-28 15:25:46'),
('18', 'Indian Overseas Bank', '7117', '1', '2026-04-28 15:25:46'),
('19', 'State Bank of India', '7144', '1', '2026-04-28 15:25:47'),
('20', 'Nations Trust Bank PLC', '7162', '1', '2026-04-28 15:25:47'),
('21', 'Deutsche Bank', '7205', '1', '2026-04-28 15:25:48'),
('22', 'National Development Bank PLC', '7214', '1', '2026-04-28 15:25:48'),
('23', 'MCB Bank Ltd', '7269', '1', '2026-04-28 15:25:48'),
('24', 'Sampath Bank PLC', '7278', '1', '2026-04-28 15:25:48'),
('25', 'Seylan Bank PLC', '7287', '1', '2026-04-28 15:25:49'),
('26', 'Public Bank', '7296', '1', '2026-04-28 15:25:49'),
('27', 'Union Bank of Colombo PLC', '7302', '1', '2026-04-28 15:25:49'),
('28', 'Pan Asia Banking Corporation PLC', '7311', '1', '2026-04-28 15:25:49'),
('29', 'ICICI Bank Ltd', '7384', '1', '2026-04-28 15:25:50'),
('30', 'DFCC Bank PLC', '7454', '1', '2026-04-28 15:25:50'),
('31', 'Amana Bank PLC', '7463', '1', '2026-04-28 15:25:50'),
('32', 'Axis Bank', '7472', '1', '2026-04-28 15:25:50'),
('33', 'Cargills Bank Limited', '7481', '1', '2026-04-28 15:25:50'),
('34', 'National Savings Bank', '7719', '1', '2026-04-28 15:25:50'),
('35', 'Sanasa Development Bank', '7728', '1', '2026-04-28 15:25:51'),
('36', 'HDFC Bank', '7737', '1', '2026-04-28 15:25:51'),
('37', 'Citizen Development Business Finance PLC', '7746', '1', '2026-04-28 15:25:51'),
('38', 'Regional Development Bank', '7755', '1', '2026-04-28 15:25:52'),
('39', 'State Mortgage & Investment Bank', '7764', '1', '2026-04-28 15:25:53'),
('40', 'LB Finance PLC', '7773', '1', '2026-04-28 15:25:53'),
('41', 'Senkadagala Finance PLC', '7782', '1', '2026-04-28 15:25:53'),
('42', 'Commercial Leasing and Finance', '7807', '1', '2026-04-28 15:25:53'),
('43', 'Vallibel Finance PLC', '7816', '1', '2026-04-28 15:25:53'),
('44', 'Central Finance PLC', '7825', '1', '2026-04-28 15:25:53'),
('45', 'Kanrich Finance Limited', '7834', '1', '2026-04-28 15:25:53'),
('46', 'Alliance Finance Company PLC', '7852', '1', '2026-04-28 15:25:53'),
('47', 'LOLC Finance PLC', '7861', '1', '2026-04-28 15:25:53'),
('48', 'Commercial Credit & Finance PLC', '7870', '1', '2026-04-28 15:25:53'),
('49', 'Merchant Bank of Sri Lanka & Finance PLC', '7898', '1', '2026-04-28 15:25:54'),
('50', 'HNB Grameen Finance Limited', '7904', '1', '2026-04-28 15:25:54'),
('51', 'Mercantile Investment and Finance PLC', '7913', '1', '2026-04-28 15:25:54'),
('52', 'People\'s Leasing & Finance PLC', '7922', '1', '2026-04-28 15:25:54'),
('53', 'Central Bank of Sri Lanka', '8004', '1', '2026-04-28 15:25:54');

-- --------------------------------------------------------
-- Table structure for table `banquet_bookings`
-- --------------------------------------------------------
DROP TABLE IF EXISTS `banquet_bookings`;
CREATE TABLE `banquet_bookings` (
  `id` int(11) NOT NULL AUTO_INCREMENT,
  `booking_no` varchar(20) NOT NULL,
  `customer_id` int(11) NOT NULL,
  `hall_id` int(11) NOT NULL,
  `menu_id` int(11) DEFAULT NULL,
  `pax_count` int(11) DEFAULT 0,
  `booking_date` date NOT NULL,
  `session` enum('Morning','Evening','FullDay') DEFAULT 'FullDay',
  `status` enum('Confirmed','Cancelled','Completed','Invoiced') DEFAULT 'Confirmed',
  `total_amount` decimal(15,2) DEFAULT 0.00,
  `discount_amount` decimal(15,2) DEFAULT 0.00,
  `total_cost` decimal(12,2) NOT NULL DEFAULT 0.00,
  `advance_paid` decimal(15,2) DEFAULT 0.00,
  `notes` text DEFAULT NULL,
  `created_by` int(11) DEFAULT NULL,
  `invoice_id` int(11) DEFAULT NULL,
  `created_at` timestamp NOT NULL DEFAULT current_timestamp(),
  `updated_at` timestamp NOT NULL DEFAULT current_timestamp() ON UPDATE current_timestamp(),
  PRIMARY KEY (`id`),
  UNIQUE KEY `booking_no` (`booking_no`),
  KEY `customer_id` (`customer_id`),
  KEY `hall_id` (`hall_id`),
  CONSTRAINT `banquet_bookings_ibfk_1` FOREIGN KEY (`customer_id`) REFERENCES `customers` (`id`),
  CONSTRAINT `banquet_bookings_ibfk_2` FOREIGN KEY (`hall_id`) REFERENCES `banquet_halls` (`id`)
) ENGINE=InnoDB AUTO_INCREMENT=4 DEFAULT CHARSET=utf8mb4 COLLATE=utf8mb4_general_ci;

-- --------------------------------------------------------
-- Table structure for table `banquet_event_assignments`
-- --------------------------------------------------------
DROP TABLE IF EXISTS `banquet_event_assignments`;
CREATE TABLE `banquet_event_assignments` (
  `id` int(11) NOT NULL AUTO_INCREMENT,
  `booking_id` int(11) NOT NULL,
  `resource_id` int(11) DEFAULT NULL,
  `vendor_id` int(11) DEFAULT NULL,
  `description` varchar(255) NOT NULL,
  `qty` decimal(10,2) NOT NULL DEFAULT 1.00,
  `unit_cost` decimal(12,2) NOT NULL DEFAULT 0.00,
  `unit_price` decimal(12,2) NOT NULL DEFAULT 0.00,
  `status` enum('Pending','Confirmed','Completed','Cancelled') DEFAULT 'Pending',
  `notes` text DEFAULT NULL,
  `created_at` timestamp NOT NULL DEFAULT current_timestamp(),
  PRIMARY KEY (`id`),
  KEY `idx_bea_booking` (`booking_id`),
  KEY `idx_bea_resource` (`resource_id`),
  KEY `idx_bea_vendor` (`vendor_id`)
) ENGINE=InnoDB AUTO_INCREMENT=4 DEFAULT CHARSET=utf8mb4 COLLATE=utf8mb4_general_ci;

-- --------------------------------------------------------
-- Table structure for table `banquet_halls`
-- --------------------------------------------------------
DROP TABLE IF EXISTS `banquet_halls`;
CREATE TABLE `banquet_halls` (
  `id` int(11) NOT NULL AUTO_INCREMENT,
  `name` varchar(100) NOT NULL,
  `location_id` int(11) DEFAULT 1,
  `capacity` int(11) DEFAULT 0,
  `price_per_session` decimal(15,2) DEFAULT 0.00,
  `status` enum('Available','Maintenance','Inactive') DEFAULT 'Available',
  `notes` text DEFAULT NULL,
  `created_at` timestamp NOT NULL DEFAULT current_timestamp(),
  `updated_at` timestamp NOT NULL DEFAULT current_timestamp() ON UPDATE current_timestamp(),
  PRIMARY KEY (`id`)
) ENGINE=InnoDB AUTO_INCREMENT=2 DEFAULT CHARSET=utf8mb4 COLLATE=utf8mb4_general_ci;

-- --------------------------------------------------------
-- Table structure for table `banquet_menu_items`
-- --------------------------------------------------------
DROP TABLE IF EXISTS `banquet_menu_items`;
CREATE TABLE `banquet_menu_items` (
  `id` int(11) NOT NULL AUTO_INCREMENT,
  `menu_id` int(11) NOT NULL,
  `part_id` int(11) DEFAULT NULL,
  `name` varchar(255) NOT NULL,
  `category` varchar(50) NOT NULL,
  `qty` decimal(15,3) DEFAULT 1.000,
  `description` text DEFAULT NULL,
  `created_at` timestamp NOT NULL DEFAULT current_timestamp(),
  PRIMARY KEY (`id`),
  KEY `menu_id` (`menu_id`),
  CONSTRAINT `banquet_menu_items_ibfk_1` FOREIGN KEY (`menu_id`) REFERENCES `banquet_menus` (`id`) ON DELETE CASCADE
) ENGINE=InnoDB AUTO_INCREMENT=5 DEFAULT CHARSET=utf8mb4 COLLATE=utf8mb4_general_ci;

-- --------------------------------------------------------
-- Table structure for table `banquet_menus`
-- --------------------------------------------------------
DROP TABLE IF EXISTS `banquet_menus`;
CREATE TABLE `banquet_menus` (
  `id` int(11) NOT NULL AUTO_INCREMENT,
  `name` varchar(100) NOT NULL,
  `description` text DEFAULT NULL,
  `price_per_pax` decimal(15,2) DEFAULT 0.00,
  `cost_price` decimal(15,2) DEFAULT 0.00,
  `is_active` tinyint(1) DEFAULT 1,
  `created_at` timestamp NOT NULL DEFAULT current_timestamp(),
  `updated_at` timestamp NOT NULL DEFAULT current_timestamp() ON UPDATE current_timestamp(),
  PRIMARY KEY (`id`)
) ENGINE=InnoDB AUTO_INCREMENT=2 DEFAULT CHARSET=utf8mb4 COLLATE=utf8mb4_general_ci;

-- --------------------------------------------------------
-- Table structure for table `banquet_resources`
-- --------------------------------------------------------
DROP TABLE IF EXISTS `banquet_resources`;
CREATE TABLE `banquet_resources` (
  `id` int(11) NOT NULL AUTO_INCREMENT,
  `name` varchar(150) NOT NULL,
  `resource_type` enum('Internal','External') NOT NULL DEFAULT 'Internal',
  `base_price` decimal(12,2) NOT NULL DEFAULT 0.00,
  `selling_price` decimal(12,2) NOT NULL DEFAULT 0.00,
  `default_supplier_id` int(11) DEFAULT NULL,
  `is_active` tinyint(1) DEFAULT 1,
  `created_at` timestamp NOT NULL DEFAULT current_timestamp(),
  PRIMARY KEY (`id`),
  KEY `fk_br_supplier` (`default_supplier_id`),
  CONSTRAINT `fk_br_supplier` FOREIGN KEY (`default_supplier_id`) REFERENCES `suppliers` (`id`) ON DELETE SET NULL
) ENGINE=InnoDB AUTO_INCREMENT=12 DEFAULT CHARSET=utf8mb4 COLLATE=utf8mb4_general_ci;

-- --------------------------------------------------------
-- Table structure for table `banquet_staff_assignments`
-- --------------------------------------------------------
DROP TABLE IF EXISTS `banquet_staff_assignments`;
CREATE TABLE `banquet_staff_assignments` (
  `id` int(11) NOT NULL AUTO_INCREMENT,
  `booking_id` int(11) NOT NULL,
  `employee_id` int(11) NOT NULL,
  `role` varchar(100) DEFAULT NULL,
  `notes` text DEFAULT NULL,
  `created_at` timestamp NOT NULL DEFAULT current_timestamp(),
  PRIMARY KEY (`id`),
  KEY `idx_bsa_booking` (`booking_id`),
  KEY `idx_bsa_employee` (`employee_id`),
  CONSTRAINT `banquet_staff_assignments_ibfk_1` FOREIGN KEY (`booking_id`) REFERENCES `banquet_bookings` (`id`) ON DELETE CASCADE,
  CONSTRAINT `banquet_staff_assignments_ibfk_2` FOREIGN KEY (`employee_id`) REFERENCES `employees` (`id`) ON DELETE CASCADE
) ENGINE=InnoDB DEFAULT CHARSET=utf8mb4 COLLATE=utf8mb4_general_ci;

-- --------------------------------------------------------
-- Table structure for table `brands`
-- --------------------------------------------------------
DROP TABLE IF EXISTS `brands`;
CREATE TABLE `brands` (
  `id` int(11) NOT NULL AUTO_INCREMENT,
  `name` varchar(100) NOT NULL,
  `created_by` int(11) DEFAULT NULL,
  `updated_by` int(11) DEFAULT NULL,
  `created_at` timestamp NOT NULL DEFAULT current_timestamp(),
  `updated_at` timestamp NOT NULL DEFAULT current_timestamp() ON UPDATE current_timestamp(),
  PRIMARY KEY (`id`),
  UNIQUE KEY `name` (`name`)
) ENGINE=InnoDB AUTO_INCREMENT=3 DEFAULT CHARSET=utf8mb4 COLLATE=utf8mb4_general_ci;

-- --------------------------------------------------------
-- Table structure for table `checklist_items`
-- --------------------------------------------------------
DROP TABLE IF EXISTS `checklist_items`;
CREATE TABLE `checklist_items` (
  `id` int(11) NOT NULL AUTO_INCREMENT,
  `order_id` int(11) NOT NULL,
  `description` text NOT NULL,
  `completed` tinyint(1) DEFAULT 0,
  `created_by` int(11) DEFAULT NULL,
  `updated_by` int(11) DEFAULT NULL,
  `created_at` timestamp NOT NULL DEFAULT current_timestamp(),
  PRIMARY KEY (`id`),
  KEY `order_id` (`order_id`),
  CONSTRAINT `checklist_items_ibfk_1` FOREIGN KEY (`order_id`) REFERENCES `repair_orders` (`id`) ON DELETE CASCADE
) ENGINE=InnoDB DEFAULT CHARSET=utf8mb4 COLLATE=utf8mb4_general_ci;

-- --------------------------------------------------------
-- Table structure for table `checklist_templates`
-- --------------------------------------------------------
DROP TABLE IF EXISTS `checklist_templates`;
CREATE TABLE `checklist_templates` (
  `id` int(11) NOT NULL AUTO_INCREMENT,
  `description` text NOT NULL,
  `standard_mileage` int(11) DEFAULT NULL,
  `extended_description` text DEFAULT NULL,
  `created_by` int(11) DEFAULT NULL,
  `updated_by` int(11) DEFAULT NULL,
  `created_at` timestamp NOT NULL DEFAULT current_timestamp(),
  `updated_at` timestamp NOT NULL DEFAULT current_timestamp() ON UPDATE current_timestamp(),
  PRIMARY KEY (`id`)
) ENGINE=InnoDB AUTO_INCREMENT=6 DEFAULT CHARSET=utf8mb4 COLLATE=utf8mb4_general_ci;

-- --------------------------------------------------------
-- Table structure for table `cheque_inventory`
-- --------------------------------------------------------
DROP TABLE IF EXISTS `cheque_inventory`;
CREATE TABLE `cheque_inventory` (
  `id` int(11) NOT NULL AUTO_INCREMENT,
  `receipt_id` int(11) NOT NULL,
  `cheque_no_last6` char(6) NOT NULL,
  `bank_name` varchar(100) NOT NULL DEFAULT '',
  `branch_name` varchar(100) NOT NULL DEFAULT '',
  `cheque_date` date NOT NULL,
  `payee_name` varchar(150) NOT NULL DEFAULT '',
  `amount` decimal(12,2) NOT NULL,
  `status` enum('Pending','Deposited','Cleared','Bounced','Cancelled') NOT NULL DEFAULT 'Pending',
  `cleared_date` date DEFAULT NULL,
  `notes` text DEFAULT NULL,
  `created_at` timestamp NOT NULL DEFAULT current_timestamp(),
  PRIMARY KEY (`id`),
  KEY `idx_ci_receipt` (`receipt_id`),
  KEY `idx_ci_status` (`status`)
) ENGINE=InnoDB AUTO_INCREMENT=4 DEFAULT CHARSET=utf8mb4 COLLATE=utf8mb4_general_ci;

-- --------------------------------------------------------
-- Table structure for table `cities`
-- --------------------------------------------------------
DROP TABLE IF EXISTS `cities`;
CREATE TABLE `cities` (
  `id` int(11) NOT NULL AUTO_INCREMENT,
  `name` varchar(100) NOT NULL,
  `postal_code` varchar(100) DEFAULT NULL,
  `district_id` int(11) NOT NULL,
  PRIMARY KEY (`id`),
  KEY `district_id` (`district_id`),
  CONSTRAINT `cities_ibfk_1` FOREIGN KEY (`district_id`) REFERENCES `districts` (`id`) ON DELETE CASCADE
) ENGINE=InnoDB AUTO_INCREMENT=1994 DEFAULT CHARSET=utf8mb4 COLLATE=utf8mb4_general_ci;

-- Dumping data for table `cities`
INSERT INTO `cities` (`id`, `name`, `postal_code`, `district_id`) VALUES
('1', 'Addalaichenai', '32350', '16'),
('2', 'Akkaraipattu', '32400', '16'),
('3', 'Ampara', '32400', '16'),
('4', 'Bakmitiyawa', '32024', '16'),
('5', 'Central Camp', '32050', '16'),
('6', 'Dadayamtalawa', '32046', '16'),
('7', 'Damana', '32014', '16'),
('8', 'Damanewela', '32126', '16'),
('9', 'Deegawapiya', '32006', '16'),
('10', 'Dehiattakandiya', '32150', '16'),
('11', 'Devalahinda', '32038', '16'),
('12', 'Digamadulla Weeragoda', '32008', '16'),
('13', 'Dorakumbura', '32104', '16'),
('14', 'Galapitagala', '32066', '16'),
('15', 'Gonagolla', '32064', '16'),
('16', 'Hingurana', '32010', '16'),
('17', 'Hulannuge', '32514', '16'),
('18', 'Kalmunai', '32300', '16'),
('19', 'Kannakipuram', '32405', '16'),
('20', 'Karativu', '32250', '16'),
('21', 'Kekirihena', '32074', '16'),
('22', 'Koknahara', '32035', '16'),
('23', 'Kolamanthalawa', '32102', '16'),
('24', 'Komari', '32418', '16'),
('25', 'Lahugala', '32512', '16'),
('26', 'lmkkamam', '32450', '16'),
('27', 'Madawalalanda', '32016', '16'),
('28', 'Mahanagapura', '32018', '16'),
('29', 'Mahaoya', '32070', '16'),
('30', 'Malwatta', '32198', '16'),
('31', 'Mangalagama', '32069', '16'),
('32', 'Marathamune', '32314', '16'),
('33', 'Mawanagama', '32158', '16'),
('34', 'Moragahapallama', '32012', '16'),
('35', 'Namaloya', '32037', '16'),
('36', 'Navithanveli', '32308', '16'),
('37', 'Nawamedagama', '32120', '16'),
('38', 'Nintavur', '32340', '16'),
('39', 'Oluvil', '32360', '16'),
('40', 'Padiyatalawa', '32100', '16'),
('41', 'Pahalalanda', '32034', '16'),
('42', 'Palamunai', '32354', '16'),
('43', 'Panama', '32508', '16'),
('44', 'Pannalagama', '32022', '16'),
('45', 'Paragahakele', '32031', '16'),
('46', 'Periyaneelavanai', '32316', '16'),
('47', 'Polwaga Janapadaya', '32032', '16'),
('48', 'Pottuvil', '32500', '16'),
('49', 'Rajagalatenna', '32068', '16'),
('50', 'Sainthamaruthu', '32280', '16'),
('51', 'Samanthurai', '32200', '16'),
('52', 'Serankada', '32101', '16'),
('53', 'Siripura', '32155', '16'),
('54', 'Siyambalawewa', '32048', '16'),
('55', 'Tempitiya', '32072', '16'),
('56', 'Thambiluvil', '32415', '16'),
('57', 'Tirukovil', '32420', '16'),
('58', 'Uhana', '32060', '16'),
('59', 'Wadinagala', '32039', '16'),
('60', 'Wanagamuwa', '32454', '16'),
('61', 'Werunketagoda', '32062', '16'),
('62', 'Andiyagala', '50112', '20'),
('63', 'Angamuwa', '50248', '20'),
('64', 'Anuradhapura', '50000', '20'),
('65', 'Awukana', '50169', '20'),
('66', 'Bogahawewa', '50566', '20'),
('67', 'Dematawewa', '50356', '20'),
('68', 'Dunumadalawa', '50214', '20'),
('69', 'Dutuwewa', '50393', '20'),
('70', 'Elayapattuwa', '50014', '20'),
('71', 'Eppawala', '50260', '20'),
('72', 'Etawatunuwewa', '50584', '20'),
('73', 'Etaweeragollewa', '50518', '20'),
('74', 'Galadivulwewa', '50210', '20'),
('75', 'Galenbindunuwewa', '50390', '20'),
('76', 'Galkadawala', '50006', '20'),
('77', 'Galkiriyagama', '50120', '20'),
('78', 'Galkulama', '50064', '20'),
('79', 'Galnewa', '50170', '20'),
('80', 'Gambirigaswewa', '50057', '20'),
('81', 'Ganewalpola', '50142', '20'),
('82', 'Gemunupura', '50224', '20'),
('83', 'Getalawa', '50392', '20'),
('84', 'Gnanikulama', '50036', '20'),
('85', 'Gonahaddenawa', '50554', '20'),
('86', 'Habarana', '50150', '20'),
('87', 'Halmillawa Dambulla', '50124', '20'),
('88', 'Halmillawetiya', '50552', '20'),
('89', 'Hidogama', '50044', '20'),
('90', 'Horawpatana', '50350', '20'),
('91', 'Horiwila', '50222', '20'),
('92', 'Hurigaswewa', '50176', '20'),
('93', 'Hurulunikawewa', '50394', '20'),
('94', 'Kagama', '50282', '20'),
('95', 'Kahatagasdigiliya', '50320', '20'),
('96', 'Kahatagollewa', '50562', '20'),
('97', 'Kalakarambewa', '50288', '20'),
('98', 'Kalankuttiya', '50174', '20'),
('99', 'Kalaoya', '50226', '20'),
('100', 'Kalawedi Ulpotha', '50556', '20'),
('101', 'Kallanchiya', '50454', '20'),
('102', 'Kapugallawa', '50370', '20'),
('103', 'Karagahawewa', '50232', '20'),
('104', 'Katiyawa', '50261', '20'),
('105', 'Kebithigollewa', '50550', '20'),
('106', 'Kekirawa', '50100', '20'),
('107', 'Kendewa', '50452', '20'),
('108', 'Kiralogama', '50259', '20'),
('109', 'Kirigalwewa', '50511', '20'),
('110', 'Kitulhitiyawa', '50132', '20'),
('111', 'Kurundankulama', '50062', '20'),
('112', 'Labunoruwa', '50088', '20'),
('113', 'lhala Halmillewa', '50262', '20'),
('114', 'lhalagama', '50304', '20'),
('115', 'lpologama', '50280', '20'),
('116', 'Madatugama', '50130', '20'),
('117', 'Maha Elagamuwa', '50126', '20'),
('118', 'Mahabulankulama', '50196', '20'),
('119', 'Mahailluppallama', '50270', '20'),
('120', 'Mahakanadarawa', '50306', '20'),
('121', 'Mahapothana', '50327', '20'),
('122', 'Mahasenpura', '50574', '20'),
('123', 'Mahawilachchiya', '50022', '20'),
('124', 'Mailagaswewa', '50384', '20'),
('125', 'Malwanagama', '50236', '20'),
('126', 'Maneruwa', '50182', '20'),
('127', 'Maradankadawala', '50080', '20'),
('128', 'Maradankalla', '50308', '20'),
('129', 'Medawachchiya', '50500', '20'),
('130', 'Megodawewa', '50334', '20'),
('131', 'Mihintale', '50300', '20'),
('132', 'Morakewa', '50349', '20'),
('133', 'Mulkiriyawa', '50324', '20'),
('134', 'Muriyakadawala', '50344', '20'),
('135', 'Nachchaduwa', '50046', '20'),
('136', 'Namalpura', '50339', '20'),
('137', 'Negampaha', '50180', '20'),
('138', 'Nochchiyagama', '50200', '20'),
('139', 'Padavi Maithripura', '50572', '20'),
('140', 'Padavi Parakramapura', '50582', '20'),
('141', 'Padavi Sripura', '50587', '20'),
('142', 'Padavi Sritissapura', '50588', '20'),
('143', 'Padaviya', '50570', '20'),
('144', 'Padikaramaduwa', '50338', '20'),
('145', 'Pahala Halmillewa', '50206', '20'),
('146', 'Pahala Maragahawe', '50220', '20'),
('147', 'Pahalagama', '50244', '20'),
('148', 'Palagala', '50111', '20'),
('149', 'Palugaswewa', '50144', '20'),
('150', 'Pandukabayapura', '50448', '20'),
('151', 'Pandulagama', '50029', '20'),
('152', 'Parakumpura', '50326', '20'),
('153', 'Parangiyawadiya', '50354', '20'),
('154', 'Parasangahawewa', '50055', '20'),
('155', 'Pemaduwa', '50020', '20'),
('156', 'Perimiyankulama', '50004', '20'),
('157', 'Pihimbiyagolewa', '50512', '20'),
('158', 'Pubbogama', '50122', '20'),
('159', 'Pulmoddai', '50567', '20'),
('160', 'Punewa', '50506', '20'),
('161', 'Rajanganaya', '50246', '20'),
('162', 'Rambewa', '50450', '20'),
('163', 'Rampathwila', '50386', '20'),
('164', 'Ranorawa', '50212', '20'),
('165', 'Rathmalgahawewa', '50514', '20'),
('166', 'Saliyapura', '50008', '20'),
('167', 'Seeppukulama', '50380', '20'),
('168', 'Senapura', '50284', '20'),
('169', 'Sivalakulama', '50068', '20'),
('170', 'Siyambalewa', '50184', '20'),
('171', 'Sravasthipura', '50042', '20'),
('172', 'Talawa', '50230', '20'),
('173', 'Tambuttegama', '50240', '20'),
('174', 'Tammennawa', '50104', '20'),
('175', 'Tantirimale', '50016', '20'),
('176', 'Telhiriyawa', '50242', '20'),
('177', 'Tennamarawadiya', NULL, '20'),
('178', 'Tirappane', '50072', '20'),
('179', 'Tittagonewa', '50558', '20'),
('180', 'Udunuwara Colony', '50207', '20'),
('181', 'Upuldeniya', '50382', '20'),
('182', 'Uttimaduwa', '50067', '20'),
('183', 'Viharapalugama', '50012', '20'),
('184', 'Vijithapura', '50110', '20'),
('185', 'Wahalkada', '50564', '20'),
('186', 'Wahamalgollewa', '50492', '20'),
('187', 'Walagambahuwa', '50086', '20'),
('188', 'Walahaviddawewa', '50516', '20'),
('189', 'Welimuwapotana', '50358', '20'),
('190', 'Welioya Project', '50586', '20'),
('191', 'Akkarasiyaya', '90166', '22'),
('192', 'Aluketiyawa', '90736', '22'),
('193', 'Aluttaramma', '90722', '22'),
('194', 'Ambadandegama', '90108', '22'),
('195', 'Ambagahawatta', '90326', '22'),
('196', 'Ambagasdowa', '90300', '22'),
('197', 'Amunumulla', '90204', '22'),
('198', 'Arawa', '90017', '22'),
('199', 'Arawakumbura', '90532', '22'),
('200', 'Arawatta', '90712', '22'),
('201', 'Atakiriya', '90542', '22'),
('202', 'Badulla', '90000', '22'),
('203', 'Baduluoya', '90019', '22'),
('204', 'Ballaketuwa', '90092', '22'),
('205', 'Bambarapana', '90322', '22'),
('206', 'Bandarawela', '90100', '22'),
('207', 'Beramada', '90066', '22'),
('208', 'Bibilegama', '90502', '22'),
('209', 'Bogahakumbura', '90354', '22'),
('210', 'Boragas', '90362', '22'),
('211', 'Boralanda', '90170', '22'),
('212', 'Bowela', '90302', '22'),
('213', 'Dambana', '90714', '22'),
('214', 'Demodara', '90080', '22'),
('215', 'Diganatenna', '90132', '22'),
('216', 'Dikkapitiya', '90214', '22'),
('217', 'Dimbulana', '90324', '22'),
('218', 'Divulapelessa', '90726', '22'),
('219', 'Diyatalawa', '90150', '22'),
('220', 'Dulgolla', '90104', '22'),
('221', 'Egodawela', '90013', '22'),
('222', 'Ella', '90090', '22'),
('223', 'Ettampitiya', '90140', '22'),
('224', 'Galauda', '90065', '22'),
('225', 'Galedanda', '90206', '22'),
('226', 'Galporuyaya', '90752', '22'),
('227', 'Gamewela', '90512', '22'),
('228', 'Gawarawela', '90082', '22'),
('229', 'Girandurukotte', '90750', '22'),
('230', 'Godunna', '90067', '22'),
('231', 'Gurutalawa', '90208', '22'),
('232', 'Haldummulla', '90180', '22'),
('233', 'Hali Ela', '90060', '22'),
('234', 'Hangunnawa', '90224', '22'),
('235', 'Haputale', '90160', '22'),
('236', 'Hebarawa', '90724', '22'),
('237', 'Heeloya', '90112', '22'),
('238', 'Helahalpe', '90122', '22'),
('239', 'Helapupula', '90094', '22'),
('240', 'Hewanakumbura', '90358', '22'),
('241', 'Hingurukaduwa', '90508', '22'),
('242', 'Hopton', '90524', '22'),
('243', 'Idalgashinna', '90167', '22'),
('244', 'Jangulla', '90063', '22'),
('245', 'Kahataruppa', '90052', '22'),
('246', 'Kalubululanda', '90352', '22'),
('247', 'Kalugahakandura', '90546', '22'),
('248', 'Kalupahana', '90186', '22'),
('249', 'Kandaketya', '90020', '22'),
('250', 'Kandegedara', '90070', '22'),
('251', 'Kandepuhulpola', '90356', '22'),
('252', 'Kebillawela', '90102', '22'),
('253', 'Kendagolla', '90048', '22'),
('254', 'Keppetipola', '90350', '22'),
('255', 'Keselpotha', '90738', '22'),
('256', 'Ketawatta', '90016', '22'),
('257', 'Kiriwanagama', '90184', '22'),
('258', 'Koslanda', '90190', '22'),
('259', 'Kotamuduna', '90506', '22'),
('260', 'Kuruwitenna', '90728', '22'),
('261', 'Kuttiyagolla', '90046', '22'),
('262', 'Landewela', '90068', '22'),
('263', 'Liyangahawela', '90106', '22'),
('264', 'Lunugala', '90530', '22'),
('265', 'Lunuwatta', '90310', '22'),
('266', 'Madulsima', '90535', '22'),
('267', 'Mahiyanganaya', '90700', '22'),
('268', 'Makulella', '90114', '22'),
('269', 'Malgoda', '90754', '22'),
('270', 'Maliyadda', '90022', '22'),
('271', 'Mapakadawewa', '90730', '22'),
('272', 'Maspanna', '90328', '22'),
('273', 'Maussagolla', '90582', '22'),
('274', 'Medawela Udukinda', '90218', '22'),
('275', 'Medawelagama', '90518', '22'),
('276', 'Meegahakiula', '90015', '22'),
('277', 'Metigahatenna', '90540', '22'),
('278', 'Mirahawatta', '90134', '22'),
('279', 'Miriyabedda', '90504', '22'),
('280', 'Miyanakandura', '90584', '22'),
('281', 'Namunukula', '90580', '22'),
('282', 'Narangala', '90064', '22'),
('283', 'Nelumgama', '90042', '22'),
('284', 'Nikapotha', '90165', '22'),
('285', 'Nugatalawa', '90216', '22'),
('286', 'Ohiya', '90168', '22'),
('287', 'Pahalarathkinda', '90756', '22'),
('288', 'Pallekiruwa', '90534', '22'),
('289', 'Passara', '90500', '22'),
('290', 'Pathanewatta', '90071', '22'),
('291', 'Pattiyagedara', '90138', '22'),
('292', 'Pelagahatenna', '90522', '22'),
('293', 'Perawella', '90222', '22'),
('294', 'Pitamaruwa', '90544', '22'),
('295', 'Pitapola', '90171', '22'),
('296', 'Puhulpola', '90212', '22'),
('297', 'Ratkarawwa', '90164', '22'),
('298', 'Ridimaliyadda', '90704', '22'),
('299', 'Rilpola', '90026', '22'),
('300', 'Silmiyapura', '90364', '22'),
('301', 'Sirimalgoda', '90044', '22'),
('302', 'Sorabora Colony', '90718', '22'),
('303', 'Soragune', '90183', '22'),
('304', 'Soranatota', '90008', '22'),
('305', 'Spring Valley', '90028', '22'),
('306', 'Taldena', '90014', '22'),
('307', 'Tennepanguwa', '90072', '22'),
('308', 'Timbirigaspitiya', '90012', '22'),
('309', 'Uduhawara', '90226', '22'),
('310', 'Uraniya', '90702', '22'),
('311', 'Uva Deegalla', '90062', '22'),
('312', 'Uva Karandagolla', '90091', '22'),
('313', 'Uva Mawelagama', '90192', '22'),
('314', 'Uva Tenna', '90188', '22'),
('315', 'Uva Tissapura', '90734', '22'),
('316', 'Uva Uduwara', '90061', '22'),
('317', 'Uvaparanagama', '90230', '22'),
('318', 'Welimada', '90200', '22'),
('319', 'Wewatta', '90716', '22'),
('320', 'Wineethagama', '90034', '22'),
('321', 'Yalagamuwa', '90329', '22'),
('322', 'Yalwela', '90706', '22'),
('323', 'Ampilanthurai', '30162', '15'),
('324', 'Araipattai', '30150', '15'),
('325', 'Ayithiyamalai', '30362', '15'),
('326', 'Bakiella', '30206', '15'),
('327', 'Batticaloa', '30000', '15'),
('328', 'Cheddipalayam', '30194', '15'),
('329', 'Chenkaladi', '30350', '15'),
('330', 'Eravur', '30300', '15'),
('331', 'Kalkudah', '30410', '15'),
('332', 'Kallar', '30250', '15'),
('333', 'Kaluwanchikudi', '30200', '15'),
('334', 'Kaluwankemy', '30372', '15'),
('335', 'Kannankudah', '30016', '15'),
('336', 'Karadiyanaru', '30354', '15'),
('337', 'Kathiraveli', '30456', '15'),
('338', 'Kattankudi', '30100', '15'),
('339', 'Kiran', '30394', '15'),
('340', 'Kirankulam', '30159', '15'),
('341', 'Koddaikallar', '30249', '15'),
('342', 'Kokkaddichcholai', '30160', '15'),
('343', 'Kurukkalmadam', '30192', '15'),
('344', 'Mandur', '30220', '15'),
('345', 'Mankemi', '30442', '15'),
('346', 'Miravodai', '30426', '15'),
('347', 'Murakottanchanai', '30392', '15'),
('348', 'Navagirinagar', '30238', '15'),
('349', 'Navatkadu', '30018', '15'),
('350', 'Oddamavadi', '30420', '15'),
('351', 'Panichankemi', '30444', '15'),
('352', 'Pankudavely', '30352', '15'),
('353', 'Periyaporativu', '30230', '15'),
('354', 'Periyapullumalai', '30358', '15'),
('355', 'Pillaiyaradi', '30022', '15'),
('356', 'Punanai', '30428', '15'),
('357', 'Puthukudiyiruppu', '30158', '15'),
('358', 'Thannamunai', '30024', '15'),
('359', 'Thettativu', '30196', '15'),
('360', 'Thikkodai', '30236', '15'),
('361', 'Thirupalugamam', '30234', '15'),
('362', 'Thuraineelavanai', '30254', '15'),
('363', 'Unnichchai', '30364', '15'),
('364', 'Vakaneri', '30424', '15'),
('365', 'Vakarai', '30450', '15'),
('366', 'Valaichenai', '30400', '15'),
('367', 'Vantharumoolai', '30376', '15'),
('368', 'Vellavely', '30204', '15'),
('369', 'Colombo 01', '00100', '1'),
('370', 'Colombo 02', '00200', '1'),
('371', 'Colombo 03', '00300', '1'),
('372', 'Colombo 04', '00400', '1'),
('373', 'Colombo 05', '00500', '1'),
('374', 'Colombo 06', '00600', '1'),
('375', 'Colombo 07', '00700', '1'),
('376', 'Colombo 08', '00800', '1'),
('377', 'Colombo 09', '00900', '1'),
('378', 'Colombo 10', '01000', '1'),
('379', 'Colombo 11', '01100', '1'),
('380', 'Colombo 12', '01200', '1'),
('381', 'Colombo 13', '01300', '1'),
('382', 'Colombo 14', '01400', '1'),
('383', 'Colombo 15', '01500', '1'),
('384', 'Akarawita', '10732', '1'),
('385', 'Angoda', '10620', '1'),
('386', 'Arangala', '10150', '1'),
('387', 'Athurugiriya', '10150', '1'),
('388', 'Avissawella', '10700', '1'),
('389', 'Bambalapitiya', '00400', '1'),
('390', 'Batawala', '10513', '1'),
('391', 'Battaramulla', '10120', '1'),
('392', 'Batugampola', '10526', '1'),
('393', 'Bope', '10522', '1'),
('394', 'Boralesgamuwa', '10290', '1'),
('395', 'Borella', '00800', '1'),
('396', 'Dedigamuwa', '10656', '1'),
('397', 'Dehiwala', '10350', '1'),
('398', 'Deltara', '10302', '1'),
('399', 'Embuldeniya', '10250', '1'),
('400', 'Gongodawila', '10250', '1'),
('401', 'Habarakada', '10204', '1'),
('402', 'Handapangoda', '10524', '1'),
('403', 'Hanwella', '10650', '1'),
('404', 'Hewainna', '10714', '1'),
('405', 'Hiripitya', '10232', '1'),
('406', 'Hokandara', '10118', '1'),
('407', 'Homagama', '10200', '1'),
('408', 'Horagala', '10502', '1'),
('409', 'Kaduwela', '10640', '1'),
('410', 'Kahawala', '10508', '1'),
('411', 'Kalatuwawa', '10718', '1'),
('412', 'Kalubowila', '10350', '1'),
('413', 'Kiriwattuduwa', '10208', '1'),
('414', 'Kohuwala', '10250', '1'),
('415', 'Kolonnawa', '10600', '1'),
('416', 'Kosgama', '10730', '1'),
('417', 'Kotahena', '01300', '1'),
('418', 'Kotikawatta', '10120', '1'),
('419', 'Kottawa', '10230', '1'),
('420', 'Madapatha', '10306', '1'),
('421', 'Maharagama', '10280', '1'),
('422', 'Malabe', '10115', '1'),
('423', 'Meegoda', '10504', '1'),
('424', 'Moratuwa', '10400', '1'),
('425', 'Mount Lavinia', '10370', '1'),
('426', 'Mullegama', '10202', '1'),
('427', 'Mulleriyawa', '10620', '1'),
('428', 'Mutwal', '01500', '1'),
('429', 'Napawela', '10704', '1'),
('430', 'Narahenpita', '00500', '1'),
('431', 'Nugegoda', '10250', '1'),
('432', 'Padukka', '10500', '1'),
('433', 'Pannipitiya', '10230', '1'),
('434', 'Piliyandala', '10300', '1'),
('435', 'Pita Kotte', '10100', '1'),
('436', 'Pitipana Homagama', '10206', '1'),
('437', 'Polgasowita', '10320', '1'),
('438', 'Puwakpitiya', '10712', '1'),
('439', 'Rajagiriya', '10100', '1'),
('440', 'Ranala', '10654', '1'),
('441', 'Ratmalana', '10390', '1'),
('442', 'Siddamulla', '10304', '1'),
('443', 'Sri Jayewardenepura', '10100', '1'),
('444', 'Talawatugoda', '10116', '1'),
('445', 'Tummodara', '10682', '1'),
('446', 'Waga', '10680', '1'),
('447', 'Watareka', '10511', '1'),
('448', 'Wijerama', '10250', '1'),
('449', 'Agaliya', '80212', '7'),
('450', 'Ahangama', '80650', '7'),
('451', 'Ahungalla', '80562', '7'),
('452', 'Akmeemana', '80090', '7'),
('453', 'Aluthwala', '80332', '7'),
('454', 'Ambalangoda', '80300', '7'),
('455', 'Ampegama', '80204', '7'),
('456', 'Amugoda', '80422', '7'),
('457', 'Anangoda', '80044', '7'),
('458', 'Angulugaha', '80122', '7'),
('459', 'Ankokkawala', '80048', '7'),
('460', 'Baddegama', '80200', '7'),
('461', 'Balapitiya', '80550', '7'),
('462', 'Banagala', '80143', '7'),
('463', 'Batapola', '80320', '7'),
('464', 'Bentota', '80500', '7'),
('465', 'Boossa', '80270', '7'),
('466', 'Dikkumbura', '80654', '7'),
('467', 'Dodanduwa', '80250', '7'),
('468', 'Ella', '90090', '7'),
('469', 'Tanabaddegama', NULL, '7'),
('470', 'Elpitiya', '80400', '7'),
('471', 'Ethkandura', '80458', '7'),
('472', 'Galle', '80000', '7'),
('473', 'Ganegoda', '80440', '7'),
('474', 'Ginimellagaha', '80220', '7'),
('475', 'Gintota', '80280', '7'),
('476', 'Godahena', '80302', '7'),
('477', 'Gonagalpura', '80502', '7'),
('478', 'Gonamulla Junction', '80054', '7'),
('479', 'Gonapinuwala', '80230', '7'),
('480', 'Habaraduwa', '80630', '7'),
('481', 'Haburugala', '80506', '7'),
('482', 'Halvitigala Colony', '80146', '7'),
('483', 'Hawpe', '80132', '7'),
('484', 'Hikkaduwa', '80240', '7'),
('485', 'Hiniduma', '80080', '7'),
('486', 'Hiyare', '80056', '7'),
('487', 'Ihala', NULL, '7'),
('488', 'Walpola', NULL, '7'),
('489', 'Kahaduwa', '80460', '7'),
('490', 'Kahawa', '80312', '7'),
('491', 'Kananke Bazaar', '80136', '7'),
('492', 'Karagoda', '80151', '7'),
('493', 'Karandeniya', '80360', '7'),
('494', 'Kosgoda', '80570', '7'),
('495', 'Kottawagama', '80062', '7'),
('496', 'Kuleegoda', '80328', '7'),
('497', 'lhalahewessa', '80432', '7'),
('498', 'lmaduwa', '80130', '7'),
('499', 'lnduruwa', '80510', '7'),
('500', 'Magedara', '80152', '7'),
('501', 'Malgalla Talangalla', '80144', '7'),
('502', 'Mapalagama', '80112', '7'),
('503', 'Mapalagama Central', '80116', '7'),
('504', 'Mattaka', '80424', '7'),
('505', 'Meda-Keembiya', '80092', '7'),
('506', 'Meetiyagoda', '80330', '7'),
('507', 'Miriswatta', '80508', '7'),
('508', 'Nagoda', '80110', '7'),
('509', 'Nakiyadeniya', '80064', '7'),
('510', 'Nawadagala', '80416', '7'),
('511', 'Neluwa', '80082', '7'),
('512', 'Nindana', '80318', '7'),
('513', 'Opatha', '80142', '7'),
('514', 'Panangala', '80075', '7'),
('515', 'Pannimulla Panagoda', '80086', '7'),
('516', 'Parana ThanaYamgoda', '80114', '7'),
('517', 'Pitigala', '80420', '7'),
('518', 'Poddala', '80170', '7'),
('519', 'Porawagama', '80408', '7'),
('520', 'Rantotuwila', '80354', '7'),
('521', 'Ratgama', '80260', '7'),
('522', 'Talagampola', '80058', '7'),
('523', 'Talgaspe', '80406', '7'),
('524', 'Talgaswela', '80470', '7'),
('525', 'Talpe', '80615', '7'),
('526', 'Tawalama', '80148', '7'),
('527', 'Tiranagama', '80244', '7'),
('528', 'Udalamatta', '80108', '7'),
('529', 'Udugama', '80070', '7'),
('530', 'Uluvitike', '80168', '7'),
('531', 'Unawatuna', '80600', '7'),
('532', 'Unenwitiya', '80214', '7'),
('533', 'Uragaha', '80352', '7'),
('534', 'Uragasmanhandiya', '80350', '7'),
('535', 'Wakwella', '80042', '7'),
('536', 'Walahanduwa', '80046', '7'),
('537', 'Wanchawela', '80120', '7'),
('538', 'Wanduramba', '80100', '7'),
('539', 'Warukandeniya', '80084', '7'),
('540', 'Watugedara', '80340', '7'),
('541', 'Weihena', '80216', '7'),
('542', 'Yakkalamulla', '80150', '7'),
('543', 'Yatalamatta', '80107', '7'),
('544', 'Akaragama', '11536', '2'),
('545', 'Alawala', '11122', '2'),
('546', 'Ambagaspitiya', '11052', '2'),
('547', 'Ambepussa', '11212', '2'),
('548', 'Andiambalama', '11558', '2'),
('549', 'Attanagalla', '11120', '2'),
('550', 'Badalgama', '11538', '2'),
('551', 'Banduragoda', '11244', '2'),
('552', 'Batuwatta', '11011', '2'),
('553', 'Bemmulla', '11040', '2'),
('554', 'Biyagama', '11650', '2'),
('555', 'Biyagama IPZ', '11672', '2'),
('556', 'Bokalagama', '11216', '2'),
('557', 'Bopagama', '11134', '2'),
('558', 'Buthpitiya', '11720', '2'),
('559', 'Dagonna', '11524', '2'),
('560', 'Danowita', '11896', '2'),
('561', 'Debahera', '11889', '2'),
('562', 'Dekatana', '11690', '2'),
('563', 'Delgoda', '11700', '2'),
('564', 'Delwagura', '11228', '2'),
('565', 'Demalagama', '11692', '2'),
('566', 'Demanhandiya', '11270', '2'),
('567', 'Dewalapola', '11102', '2'),
('568', 'Divulapitiya', '11250', '2'),
('569', 'Divuldeniya', '11208', '2'),
('570', 'Dompe', '11680', '2'),
('571', 'Dunagaha', '11264', '2'),
('572', 'Ekala', '11380', '2'),
('573', 'Ellakkala', '11116', '2'),
('574', 'Essella', '11108', '2'),
('575', 'Gampaha', '11000', '2'),
('576', 'Ganemulla', '11020', '2'),
('577', 'GonawalaWP', '11630', '2'),
('578', 'Heiyanthuduwa', '11618', '2'),
('579', 'Hendala', '11300', '2'),
('580', 'Henegama', '11715', '2'),
('581', 'Hinatiyana Madawala', '11568', '2'),
('582', 'Hiswella', '11734', '2'),
('583', 'Horampella', '11564', '2'),
('584', 'Hunumulla', '11262', '2'),
('585', 'Ihala Madampella', '11265', '2'),
('586', 'Imbulgoda', '11856', '2'),
('587', 'Ja-Ela', '11350', '2'),
('588', 'Kadawatha', '11850', '2'),
('589', 'Kahatowita', '11144', '2'),
('590', 'Kalagedihena', '11875', '2'),
('591', 'Kaleliya', '11160', '2'),
('592', 'Kaluaggala', '11224', '2'),
('593', 'Kandana', '11320', '2'),
('594', 'Kapugoda', '10662', '2'),
('595', 'Kapuwatta', '11350', '2'),
('596', 'Katana', '11534', '2'),
('597', 'Katunayake', '11450', '2'),
('598', 'Katunayake Air Force Camp', '11440', '2'),
('599', 'Katuwellegama', '11526', '2'),
('600', 'Kelaniya', '11600', '2'),
('601', 'Kimbulapitiya', '11522', '2'),
('602', 'Kiribathgoda', '11600', '2'),
('603', 'Kirindiwela', '11730', '2'),
('604', 'Kitalawalana', '11206', '2'),
('605', 'Kitulwala', '11242', '2'),
('606', 'Kochchikade', '11540', '2'),
('607', 'Kotadeniyawa', '11232', '2'),
('608', 'Kotugoda', '11390', '2'),
('609', 'Kumbaloluwa', '11105', '2'),
('610', 'Loluwagoda', '11204', '2'),
('611', 'Lunugama', '11062', '2'),
('612', 'Mabodale', '11114', '2'),
('613', 'Madelgamuwa', '11033', '2'),
('614', 'Makewita', '11358', '2'),
('615', 'Makola', '11640', '2'),
('616', 'Malwana', '11670', '2'),
('617', 'Mandawala', '11061', '2'),
('618', 'Marandagahamula', '11260', '2'),
('619', 'Mellawagedara', '11234', '2'),
('620', 'Minuwangoda', '11550', '2'),
('621', 'Mirigama', '11200', '2'),
('622', 'Mithirigala', '11742', '2'),
('623', 'Muddaragama', '11112', '2'),
('624', 'Mudungoda', '11056', '2'),
('625', 'Naranwala', '11063', '2'),
('626', 'Nawana', '11222', '2'),
('627', 'Nedungamuwa', '11066', '2'),
('628', 'Negombo', '11500', '2'),
('629', 'Nikahetikanda', '11128', '2'),
('630', 'Nittambuwa', '11880', '2'),
('631', 'Niwandama', '11354', '2'),
('632', 'Pallewela', '11150', '2'),
('633', 'Pamunugama', '11370', '2'),
('634', 'Pamunuwatta', '11214', '2'),
('635', 'Pasyala', '11890', '2'),
('636', 'Peliyagoda', '11830', '2'),
('637', 'Pepiliyawala', '11741', '2'),
('638', 'Pethiyagoda', '11043', '2'),
('639', 'Polpithimukulana', '11324', '2'),
('640', 'Pugoda', '10660', '2'),
('641', 'Radawadunna', '11892', '2'),
('642', 'Radawana', '11725', '2'),
('643', 'Raddolugama', '11400', '2'),
('644', 'Ragama', '11010', '2'),
('645', 'Ruggahawila', '11142', '2'),
('646', 'Rukmale', '11129', '2'),
('647', 'Seeduwa', '11410', '2'),
('648', 'Siyambalape', '11607', '2'),
('649', 'Talahena', '11504', '2'),
('650', 'Thimbirigaskatuwa', '11532', '2'),
('651', 'Tittapattara', '10664', '2'),
('652', 'Udathuthiripitiya', '11054', '2'),
('653', 'Udugampola', '11030', '2'),
('654', 'Uggalboda', '11034', '2'),
('655', 'Urapola', '11126', '2'),
('656', 'Uswetakeiyawa', '11328', '2'),
('657', 'Veyangoda', '11100', '2'),
('658', 'Walgammulla', '11146', '2'),
('659', 'Walpita', '11226', '2'),
('660', 'Wanaluwewa', '11068', '2'),
('661', 'Wathurugama', '11724', '2'),
('662', 'Watinapaha', '11104', '2'),
('663', 'Wattala', '11300', '2'),
('664', 'Weboda', '11858', '2'),
('665', 'Wegowwa', '11562', '2'),
('666', 'Weliveriya', '11710', '2'),
('667', 'Weweldeniya', '11894', '2'),
('668', 'Yakkala', '11870', '2'),
('669', 'Ambalantota', '82100', '9'),
('670', 'Angunakolapelessa', '82220', '9'),
('671', 'Bandagiriya Colony', '82005', '9'),
('672', 'Barawakumbuka', '82110', '9'),
('673', 'Beliatta', '82400', '9'),
('674', 'Beragama', '82102', '9'),
('675', 'Beralihela', '82618', '9'),
('676', 'Bowalagama', '82458', '9'),
('677', 'Bundala', '82002', '9'),
('678', 'Ellagala', '82619', '9'),
('679', 'Gangulandeniya', '82506', '9'),
('680', 'Getamanna', '82420', '9'),
('681', 'Goda Koggalla', '82401', '9'),
('682', 'Gonagamuwa Uduwila', '82602', '9'),
('683', 'Gonnoruwa', '82006', '9'),
('684', 'Hakuruwela', '82248', '9'),
('685', 'Hambantota', '82000', '9'),
('686', 'Horewelagoda', '82456', '9'),
('687', 'Hungama', '82120', '9'),
('688', 'Ihala Beligalla', '82412', '9'),
('689', 'Ittademaliya', '82462', '9'),
('690', 'Julampitiya', '82252', '9'),
('691', 'Kahandamodara', '82126', '9'),
('692', 'Kariyamaditta', '82274', '9'),
('693', 'Katuwana', '82500', '9'),
('694', 'Kawantissapura', '82622', '9'),
('695', 'Kirama', '82550', '9'),
('696', 'Kirinda', '82614', '9'),
('697', 'Lunama', '82108', '9'),
('698', 'Lunugamwehera', '82634', '9'),
('699', 'Magama', '82608', '9'),
('700', 'Mahagalwewa', '82016', '9'),
('701', 'Mamadala', '82109', '9'),
('702', 'Medamulana', '82254', '9'),
('703', 'Middeniya', '82270', '9'),
('704', 'Migahajandur', '82014', '9'),
('705', 'Modarawana', '82416', '9'),
('706', 'Mulkirigala', '82242', '9'),
('707', 'Nakulugamuwa', '82300', '9'),
('708', 'Netolpitiya', '82135', '9'),
('709', 'Nihiluwa', '82414', '9'),
('710', 'Padawkema', '82636', '9'),
('711', 'Pahala Andarawewa', '82008', '9'),
('712', 'Pallekanda', '82454', '9'),
('713', 'Rammalawarapitiya', '82554', '9'),
('714', 'Ranakeliya', '82612', '9'),
('715', 'Ranmuduwewa', '82018', '9'),
('716', 'Ranna', '82125', '9'),
('717', 'Ratmalwala', '82276', '9'),
('718', 'RU/Ridiyagama', '82106', '9'),
('719', 'Sooriyawewa Town', '82010', '9'),
('720', 'Tangalla', '82200', '9'),
('721', 'Tissamaharama', '82600', '9'),
('722', 'Uda Gomadiya', '82504', '9'),
('723', 'Udamattala', '82638', '9'),
('724', 'Uswewa', '82278', '9'),
('725', 'Vitharandeniya', '82232', '9'),
('726', 'Walasmulla', '82450', '9'),
('727', 'Weeraketiya', '82240', '9'),
('728', 'Weerawila', '82632', '9'),
('729', 'Weerawila NewTown', '82615', '9'),
('730', 'Wekandawela', '82246', '9'),
('731', 'Weligatta', '82004', '9'),
('732', 'Yatigala', '82418', '9'),
('733', 'Allaipiddi', '40000', '10'),
('734', 'Allaveddi', '40000', '10'),
('735', 'Alvai', '40000', '10'),
('736', 'Anaicoddai', '40000', '10'),
('737', 'Analaitivu', '40000', '10'),
('738', 'Atchuveli', '40000', '10'),
('739', 'Chankanai', '40000', '10'),
('740', 'Chavakachcheri', '40000', '10'),
('741', 'Chullipuram', '40000', '10'),
('742', 'Chundikuli', '40000', '10'),
('743', 'Chunnakam', '40000', '10'),
('744', 'Delft', '40000', '10'),
('745', 'DelftWest', '40000', '10'),
('746', 'Eluvaitivu', '40000', '10'),
('747', 'Erlalai', '40000', '10'),
('748', 'Jaffna', '40000', '10'),
('749', 'Kaitadi', '40000', '10'),
('750', 'Kankesanthurai', '40000', '10'),
('751', 'Karainagar', '40000', '10'),
('752', 'Karaveddi', '40000', '10'),
('753', 'Kayts', '40000', '10'),
('754', 'Kodikamam', '40000', '10'),
('755', 'Kokuvil', '40000', '10'),
('756', 'Kondavil', '40000', '10'),
('757', 'Kopay', '40000', '10'),
('758', 'Kudatanai', '40000', '10'),
('759', 'llavalai', '40000', '10'),
('760', 'Mallakam', '40000', '10'),
('761', 'Manipay', '40000', '10'),
('762', 'Mathagal', '40000', '10'),
('763', 'Meesalai', '40000', '10'),
('764', 'Mirusuvil', '40000', '10'),
('765', 'Nagar Kovil', '40000', '10'),
('766', 'Nainathivu', '40000', '10'),
('767', 'Neervely', '40000', '10'),
('768', 'Pandaterippu', '40000', '10'),
('769', 'Point Pedro', '40000', '10'),
('770', 'Pungudutivu', '40000', '10'),
('771', 'Putur', '40000', '10'),
('772', 'Sandilipay', '40000', '10'),
('773', 'Sithankemy', '40000', '10'),
('774', 'Tellippallai', '40000', '10'),
('775', 'Thondamanaru', '40000', '10'),
('776', 'Urumpirai', '40000', '10'),
('777', 'Vaddukoddai', '40000', '10'),
('778', 'Valvettithurai', '40000', '10'),
('779', 'Vannarponnai', '40000', '10'),
('780', 'Varany', '40000', '10'),
('781', 'Vasavilan', '40000', '10'),
('782', 'Velanai', '40000', '10'),
('783', 'Agalawatta', '12200', '3'),
('784', 'Alubomulla', '12524', '3'),
('785', 'Alutgama', '12080', '3'),
('786', 'Anguruwatota', '12320', '3'),
('787', 'Baduraliya', '12230', '3'),
('788', 'Bandaragama', '12530', '3'),
('789', 'Bellana', '12224', '3'),
('790', 'Beruwala', '12070', '3'),
('791', 'Bolossagama', '12008', '3'),
('792', 'Bombuwala', '12024', '3'),
('793', 'Boralugoda', '12142', '3'),
('794', 'Bulathsinhala', '12300', '3'),
('795', 'Danawala Thiniyawala', '12148', '3'),
('796', 'Delmella', '12304', '3'),
('797', 'Dharga Town', '12090', '3'),
('798', 'Diwalakada', '12308', '3'),
('799', 'Dodangoda', '12020', '3'),
('800', 'Dombagoda', '12416', '3'),
('801', 'Galpatha', '12005', '3'),
('802', 'Gamagoda', '12016', '3'),
('803', 'Gonapola Junction', '12410', '3'),
('804', 'Govinna', '12310', '3'),
('805', 'Gurulubadda', '12236', '3'),
('806', 'Halkandawila', '12055', '3'),
('807', 'Haltota', '12538', '3'),
('808', 'Halwala', '12118', '3'),
('809', 'Halwatura', '12306', '3'),
('810', 'Hedigalla Colony', '12234', '3'),
('811', 'Horana', '12400', '3'),
('812', 'Ittapana', '12116', '3'),
('813', 'Kalawila Kiranthidiya', '12078', '3'),
('814', 'Kalutara', '12000', '3'),
('815', 'Kananwila', '12418', '3'),
('816', 'Kandanagama', '12428', '3'),
('817', 'Kehelwatta', '12550', '3'),
('818', 'Kelinkanda', '12218', '3'),
('819', 'Kitulgoda', '12222', '3'),
('820', 'Koholana', '12007', '3'),
('821', 'Kuda Uduwa', '12426', '3'),
('822', 'lngiriya', '12440', '3'),
('823', 'Maggona', '12060', '3'),
('824', 'Mahagama', '12210', '3'),
('825', 'Mahakalupahana', '12126', '3'),
('826', 'Matugama', '12100', '3'),
('827', 'Meegahatenna', '12130', '3'),
('828', 'Meegama', '12094', '3'),
('829', 'Millaniya', '12412', '3'),
('830', 'Millewa', '12422', '3'),
('831', 'Miwanapalana', '12424', '3'),
('832', 'Molkawa', '12216', '3'),
('833', 'Morapitiya', '12232', '3'),
('834', 'Morontuduwa', '12564', '3'),
('835', 'Nawattuduwa', '12106', '3'),
('836', 'Neboda', '12030', '3'),
('837', 'Padagoda', '12074', '3'),
('838', 'Pahalahewessa', '12144', '3'),
('839', 'Paiyagala', '12050', '3'),
('840', 'Panadura', '12500', '3'),
('841', 'Pannila', '12114', '3'),
('842', 'Paragastota', '12414', '3'),
('843', 'Paragoda', '12302', '3'),
('844', 'Paraigama', '12122', '3'),
('845', 'Pelanda', '12214', '3'),
('846', 'Pelawatta', '12138', '3'),
('847', 'Pokunuwita', '12404', '3'),
('848', 'Polgampola', '12136', '3'),
('849', 'Poruwedanda', '12432', '3'),
('850', 'Remunagoda', '12009', '3'),
('851', 'Tebuwana', '12025', '3'),
('852', 'Uduwara', '12322', '3'),
('853', 'Utumgama', '12127', '3'),
('854', 'Veyangalla', '12204', '3'),
('855', 'Wadduwa', '12560', '3'),
('856', 'Walagedara', '12112', '3'),
('857', 'Walallawita', '12134', '3'),
('858', 'Waskaduwa', '12580', '3'),
('859', 'Welipenna', '12108', '3'),
('860', 'Welmilla Junction', '12534', '3'),
('861', 'Yagirala', '12124', '3'),
('862', 'Yatadolawatta', '12104', '3'),
('863', 'Yatawara Junction', '12006', '3'),
('864', 'Akurana', '20850', '4'),
('865', 'Alawatugoda', '20140', '4'),
('866', 'Aludeniya', '20062', '4'),
('867', 'Ambagahapelessa', '20986', '4'),
('868', 'Ambatenna', '20136', '4'),
('869', 'Ampitiya', '20160', '4'),
('870', 'Ankumbura', '20150', '4'),
('871', 'Atabage', '20574', '4'),
('872', 'Balana', '20308', '4'),
('873', 'Bambaragahaela', '20644', '4'),
('874', 'Barawardhana Oya', '20967', '4'),
('875', 'Batagolladeniya', '20154', '4'),
('876', 'Batugoda', '20132', '4'),
('877', 'Batumulla', '20966', '4'),
('878', 'Bawlana', '20218', '4'),
('879', 'Bopana', '20932', '4'),
('880', 'Danture', '20465', '4'),
('881', 'Dedunupitiya', '20068', '4'),
('882', 'Dekinda', '20658', '4'),
('883', 'Deltota', '20430', '4'),
('884', 'Dolapihilla', '20126', '4'),
('885', 'Dolosbage', '20510', '4'),
('886', 'Doluwa', '20532', '4'),
('887', 'Doragamuwa', '20816', '4'),
('888', 'Dunuwila', '20824', '4'),
('889', 'Ekiriya', '20732', '4'),
('890', 'Elamulla', '20742', '4'),
('891', 'Etulgama', '20202', '4'),
('892', 'Galaboda', '20664', '4'),
('893', 'Galagedara', '20100', '4'),
('894', 'Galaha', '20420', '4'),
('895', 'Galhinna', '20152', '4'),
('896', 'Gallellagama', '20095', '4'),
('897', 'Gampola', '20500', '4'),
('898', 'Gelioya', '20620', '4'),
('899', 'Godamunna', '20214', '4'),
('900', 'Gomagoda', '20184', '4'),
('901', 'Gonagantenna', '20712', '4'),
('902', 'Gonawalapatana', '20656', '4'),
('903', 'Gunnepana', '20270', '4'),
('904', 'Gurudeniya', '20189', '4'),
('905', 'Halloluwa', '20032', '4'),
('906', 'Handaganawa', '20984', '4'),
('907', 'Handawalapitiya', '20438', '4'),
('908', 'Handessa', '20480', '4'),
('909', 'Hanguranketha', '20710', '4'),
('910', 'Harankahawa', '20092', '4'),
('911', 'Hasalaka', '20960', '4'),
('912', 'Hataraliyadda', '20060', '4'),
('913', 'Hewaheta', '20440', '4'),
('914', 'Hindagala', '20414', '4'),
('915', 'Hondiyadeniya', '20524', '4'),
('916', 'Hunnasgiriya', '20948', '4'),
('917', 'Jambugahapitiya', '20822', '4'),
('918', 'Kadugannawa', '20300', '4'),
('919', 'Kahataliyadda', '20924', '4'),
('920', 'Kalugala', '20926', '4'),
('921', 'Kandy', '20000', '4'),
('922', 'Kapuliyadde', '20206', '4'),
('923', 'Karandagolla', '20738', '4'),
('924', 'Katugastota', '20800', '4'),
('925', 'Kengalla', '20186', '4'),
('926', 'Ketakumbura', '20306', '4'),
('927', 'Ketawala Leula', '20198', '4'),
('928', 'Kiribathkumbura', '20442', '4'),
('929', 'Kobonila', '20928', '4'),
('930', 'Kolabissa', '20212', '4'),
('931', 'Kolongoda', '20971', '4'),
('932', 'Kulugammana', '20048', '4'),
('933', 'Kumbukkandura', '20902', '4'),
('934', 'Kumburegama', '20086', '4'),
('935', 'Kundasale', '20168', '4'),
('936', 'Leemagahakotuwa', '20482', '4'),
('937', 'lhala Kobbekaduwa', '20042', '4'),
('938', 'lllagolla', '20724', '4'),
('939', 'Lunuketiya Maditta', '20172', '4'),
('940', 'Madawala Bazaar', '20260', '4'),
('941', 'Madugalla', '20938', '4'),
('942', 'Madulkele', '20840', '4'),
('943', 'Mahadoraliyadda', '20945', '4'),
('944', 'Mahamedagama', '20216', '4'),
('945', 'Mailapitiya', '20702', '4'),
('946', 'Makkanigama', '20828', '4'),
('947', 'Makuldeniya', '20921', '4'),
('948', 'Mandaram Nuwara', '20744', '4'),
('949', 'Mapakanda', '20662', '4'),
('950', 'Marassana', '20210', '4'),
('951', 'Marymount Colony', '20714', '4'),
('952', 'Maturata', '20748', '4'),
('953', 'Mawatura', '20564', '4'),
('954', 'Medamahanuwara', '20940', '4'),
('955', 'Medawala Harispattuwa', '20120', '4'),
('956', 'Meetalawa', '20512', '4'),
('957', 'Megoda Kalugamuwa', '20409', '4'),
('958', 'Menikdiwela', '20470', '4'),
('959', 'Menikhinna', '20170', '4'),
('960', 'Mimure', '20923', '4'),
('961', 'Minigamuwa', '20109', '4'),
('962', 'Minipe', '20983', '4'),
('963', 'Murutalawa', '20232', '4'),
('964', 'Muruthagahamulla', '20526', '4'),
('965', 'Naranpanawa', '20176', '4'),
('966', 'Nattarampotha', '20194', '4'),
('967', 'Nawalapitiya', '20650', '4'),
('968', 'Nillambe', '20418', '4'),
('969', 'Nugaliyadda', '20204', '4'),
('970', 'Nugawela', '20072', '4'),
('971', 'Pallebowala', '20734', '4'),
('972', 'Pallekotuwa', '20084', '4'),
('973', 'Panvila', '20830', '4'),
('974', 'Panwilatenna', '20544', '4'),
('975', 'Paradeka', '20578', '4'),
('976', 'Pasbage', '20654', '4'),
('977', 'Pattitalawa', '20511', '4'),
('978', 'Pattiya Watta', '20118', '4'),
('979', 'Penideniya', 'NA', '4'),
('980', 'Peradeniya', '20400', '4'),
('981', 'Pilawala', '20196', '4'),
('982', 'Pilimatalawa', '20450', '4'),
('983', 'Poholiyadda', '20106', '4'),
('984', 'Polgolla', '20250', '4'),
('985', 'Pujapitiya', '20112', '4'),
('986', 'Pupuressa', '20546', '4'),
('987', 'Pussellawa', '20580', '4'),
('988', 'Putuhapuwa', '20906', '4'),
('989', 'Rajawella', '20180', '4'),
('990', 'Rambukpitiya', '20676', '4'),
('991', 'Rambukwella', '20128', '4'),
('992', 'Rangala', '20922', '4'),
('993', 'Rantembe', '20990', '4'),
('994', 'Rathukohodigala', '20818', '4'),
('995', 'Rikillagaskada', '20730', '4'),
('996', 'Sangarajapura', '20044', '4'),
('997', 'Senarathwela', '20904', '4'),
('998', 'Talatuoya', '20200', '4'),
('999', 'Tawalantenna', '20838', '4'),
('1000', 'Teldeniya', '20900', '4'),
('1001', 'Tennekumbura', '20166', '4'),
('1002', 'Uda Peradeniya', '20404', '4'),
('1003', 'Udahentenna', '20506', '4'),
('1004', 'Udahingulwala', '20094', '4'),
('1005', 'Udatalawinna', '20802', '4'),
('1006', 'Udawatta', '20722', '4'),
('1007', 'Udispattuwa', '20916', '4'),
('1008', 'Ududumbara', '20950', '4'),
('1009', 'Uduwa', '20052', '4'),
('1010', 'Uduwahinna', '20934', '4'),
('1011', 'Uduwela', '20164', '4'),
('1012', 'Ulapane', '20562', '4'),
('1013', 'Ulpothagama', '20965', '4'),
('1014', 'Unuwinna', '20708', '4'),
('1015', 'Velamboda', '20640', '4'),
('1016', 'Watagoda Harispattuwa', '20134', '4'),
('1017', 'Wattappola', '20454', '4'),
('1018', 'Wattegama', '20810', '4'),
('1019', 'Weligalla', '20610', '4'),
('1020', 'Weligampola', '20666', '4'),
('1021', 'Wendaruwa', '20914', '4'),
('1022', 'Weragantota', '20982', '4'),
('1023', 'Werapitya', '20908', '4'),
('1024', 'Werellagama', '20080', '4'),
('1025', 'Wettawa', '20108', '4'),
('1026', 'Wilanagama', '20142', '4'),
('1027', 'Yahalatenna', '20234', '4'),
('1028', 'Yatihalagala', '20034', '4'),
('1029', 'Alawatura', '71204', '25'),
('1030', 'Algama', '71607', '25'),
('1031', 'Alutnuwara', '71508', '25'),
('1032', 'Ambalakanda', '71546', '25'),
('1033', 'Ambulugala', '71503', '25'),
('1034', 'Amitirigala', '71320', '25'),
('1035', 'Ampagala', '71232', '25'),
('1036', 'Anhettigama', '71403', '25'),
('1037', 'Aranayaka', '71540', '25'),
('1038', 'Aruggammana', '71041', '25'),
('1039', 'Atale', '71363', '25'),
('1040', 'Batuwita', '71321', '25'),
('1041', 'Berannawa', '71706', '25'),
('1042', 'Boralankada', '71418', '25'),
('1043', 'Bossella', '71208', '25'),
('1044', 'Bulathkohupitiya', '71230', '25'),
('1045', 'Damunupola', '71034', '25'),
('1046', 'Debathgama', '71037', '25'),
('1047', 'Dedugala', '71237', '25'),
('1048', 'Deewala Pallegama', '71022', '25'),
('1049', 'Dehiowita', '71400', '25'),
('1050', 'Deldeniya', '71009', '25'),
('1051', 'Deloluwa', '71401', '25'),
('1052', 'Deraniyagala', '71430', '25'),
('1053', 'Dewalegama', '71050', '25'),
('1054', 'Dewanagala', '71527', '25'),
('1055', 'Dombemada', '71115', '25'),
('1056', 'Dorawaka', '71601', '25'),
('1057', 'Dunumala', '71605', '25'),
('1058', 'Galapitamada', '71603', '25'),
('1059', 'Galatara', '71505', '25'),
('1060', 'Galigamuwa Town', '71350', '25'),
('1061', 'Gantuna', '71222', '25'),
('1062', 'Gonagala', '71318', '25'),
('1063', 'Hakahinna', '71352', '25'),
('1064', 'Hakbellawaka', '71715', '25'),
('1065', 'Helamada', '71046', '25'),
('1066', 'Hemmatagama', '71530', '25'),
('1067', 'Hettimulla', '71210', '25'),
('1068', 'Hewadiwela', '71108', '25'),
('1069', 'Hingula', '71520', '25'),
('1070', 'Hinguralakanda', '71417', '25'),
('1071', 'Hiriwadunna', '71014', '25'),
('1072', 'Imbulana', '71313', '25'),
('1073', 'Imbulgasdeniya', '71055', '25'),
('1074', 'Kabagamuwa', '71202', '25'),
('1075', 'Kannattota', '71372', '25'),
('1076', 'Kegalle', '71000', '25'),
('1077', 'Kehelpannala', '71533', '25'),
('1078', 'Kitulgala', '71720', '25'),
('1079', 'Kondeniya', '71501', '25'),
('1080', 'Kotiyakumbura', '71370', '25'),
('1081', 'Lewangama', '71315', '25'),
('1082', 'Mahabage', '71722', '25'),
('1083', 'Mahapallegama', '71063', '25'),
('1084', 'Maharangalla', '71211', '25'),
('1085', 'Makehelwala', '71507', '25'),
('1086', 'Malalpola', '71704', '25'),
('1087', 'Maliboda', '71411', '25'),
('1088', 'Malmaduwa', '71325', '25'),
('1089', 'Mawanella', '71500', '25'),
('1090', 'Migastenna Sabara', '71716', '25'),
('1091', 'Miyanawita', '71432', '25'),
('1092', 'Molagoda', '71016', '25'),
('1093', 'Morontota', '71220', '25'),
('1094', 'Nelundeniya', '71060', '25'),
('1095', 'Niyadurupola', '71602', '25'),
('1096', 'Noori', '71407', '25'),
('1097', 'Parape', '71105', '25'),
('1098', 'Pattampitiya', '71130', '25'),
('1099', 'Pitagaldeniya', '71360', '25'),
('1100', 'Pothukoladeniya', '71039', '25'),
('1101', 'Rambukkana', '71100', '25'),
('1102', 'Ruwanwella', '71300', '25'),
('1103', 'Seaforth Colony', '71708', '25'),
('1104', 'Talgaspitiya', '71541', '25'),
('1105', 'Teligama', '71724', '25'),
('1106', 'Tholangamuwa', '71619', '25'),
('1107', 'Thotawella', '71106', '25'),
('1108', 'Tulhiriya', '71610', '25'),
('1109', 'Tuntota', '71062', '25'),
('1110', 'Udagaldeniya', '71113', '25'),
('1111', 'Udapotha', '71236', '25'),
('1112', 'Udumulla', '71521', '25'),
('1113', 'Undugoda', '71200', '25'),
('1114', 'Ussapitiya', '71510', '25'),
('1115', 'Wahakula', '71303', '25'),
('1116', 'Waharaka', '71304', '25'),
('1117', 'Warakapola', '71600', '25'),
('1118', 'Watura', '71035', '25'),
('1119', 'Weeoya', '71702', '25'),
('1120', 'Wegalla', '71234', '25'),
('1121', 'Welihelatenna', '71712', '25'),
('1122', 'Weragala', '71622', '25'),
('1123', 'Yatagama', '71116', '25'),
('1124', 'Yatapana', '71326', '25'),
('1125', 'Yatiyantota', '71700', '25'),
('1126', 'Yattogoda', '71029', '25'),
('1127', 'Kilinochchi', '44000', '11'),
('1128', 'Alahengama', '60416', '18'),
('1129', 'Alahitiyawa', '60182', '18'),
('1130', 'Alawatuwala', '60047', '18'),
('1131', 'Alawwa', '60280', '18'),
('1132', 'Ambakote', '60036', '18'),
('1133', 'Ambanpola', '60650', '18'),
('1134', 'Anhandiya', '60074', '18'),
('1135', 'Anukkane', '60214', '18'),
('1136', 'Aragoda', '60308', '18'),
('1137', 'Ataragalla', '60706', '18'),
('1138', 'Awulegama', '60462', '18'),
('1139', 'Balalla', '60604', '18'),
('1140', 'Bamunukotuwa', '60347', '18'),
('1141', 'Bandara Koswatta', '60424', '18'),
('1142', 'Bingiriya', '60450', '18'),
('1143', 'Bogamulla', '60107', '18'),
('1144', 'Bopitiya', '60155', '18'),
('1145', 'Boraluwewa', '60437', '18'),
('1146', 'Boyagane', '60027', '18'),
('1147', 'Bujjomuwa', '60291', '18'),
('1148', 'Buluwala', '60076', '18'),
('1149', 'Dambadeniya', '60130', '18'),
('1150', 'Daraluwa', '60174', '18'),
('1151', 'Deegalla', '60228', '18'),
('1152', 'Delwite', '60044', '18'),
('1153', 'Demataluwa', '60024', '18'),
('1154', 'Diddeniya', '60544', '18'),
('1155', 'Digannewa', '60485', '18'),
('1156', 'Divullegoda', '60472', '18'),
('1157', 'Dodangaslanda', '60530', '18'),
('1158', 'Doratiyawa', '60013', '18'),
('1159', 'Dummalasuriya', '60260', '18'),
('1160', 'Ehetuwewa', '60716', '18'),
('1161', 'Elibichchiya', '60156', '18'),
('1162', 'Embogama', '60718', '18'),
('1163', 'Etungahakotuwa', '60266', '18'),
('1164', 'Galgamuwa', '60700', '18'),
('1165', 'Gallewa', '60712', '18'),
('1166', 'Girathalana', '60752', '18'),
('1167', 'Giriulla', '60140', '18'),
('1168', 'Gokaralla', '60522', '18'),
('1169', 'Gonawila', '60170', '18'),
('1170', 'Halmillawewa', '60441', '18'),
('1171', 'Hengamuwa', '60414', '18'),
('1172', 'Hettipola', '60430', '18'),
('1173', 'Hilogama', '60486', '18'),
('1174', 'Hindagolla', '60034', '18'),
('1175', 'Hiriyala Lenawa', '60546', '18'),
('1176', 'Hiruwalpola', '60458', '18'),
('1177', 'Horambawa', '60181', '18'),
('1178', 'Hulogedara', '60474', '18'),
('1179', 'Hulugalla', '60477', '18'),
('1180', 'Hunupola', '60582', '18'),
('1181', 'Ihala Gomugomuwa', '60211', '18'),
('1182', 'Ihala Katugampala', '60135', '18'),
('1183', 'Indulgodakanda', '60016', '18'),
('1184', 'Inguruwatta', '60064', '18'),
('1185', 'Iriyagolla', '60045', '18'),
('1186', 'Ithanawatta', '60025', '18'),
('1187', 'Kadigawa', '60492', '18'),
('1188', 'Kahapathwala', '60062', '18'),
('1189', 'Kalugamuwa', '60096', '18'),
('1190', 'Kanadeniyawala', '60054', '18'),
('1191', 'Kanattewewa', '60422', '18'),
('1192', 'Karagahagedara', '60106', '18'),
('1193', 'Karambe', '60602', '18'),
('1194', 'Katupota', '60350', '18'),
('1195', 'Kekunagolla', '60183', '18'),
('1196', 'Keppitiwalana', '60288', '18'),
('1197', 'Kimbulwanaoya', '60548', '18'),
('1198', 'Kirimetiyawa', '60184', '18'),
('1199', 'Kirindawa', '60212', '18'),
('1200', 'Kirindigalla', '60502', '18'),
('1201', 'Kithalawa', '60188', '18'),
('1202', 'Kobeigane', '60410', '18'),
('1203', 'Kohilagedara', '60028', '18'),
('1204', 'Konwewa', '60630', '18'),
('1205', 'Kosdeniya', '60356', '18'),
('1206', 'Kosgolla', '60029', '18'),
('1207', 'Kotawehera', '60483', '18'),
('1208', 'Kudagalgamuwa', '60003', '18'),
('1209', 'Kudakatnoruwa', '60754', '18'),
('1210', 'Kuliyapitiya', '60200', '18'),
('1211', 'Kumbukgeta', '60508', '18'),
('1212', 'Kumbukwewa', '60506', '18'),
('1213', 'Kuratihena', '60438', '18'),
('1214', 'Kurunegala', '60000', '18'),
('1215', 'Labbala', '60162', '18'),
('1216', 'lbbagamuwa', '60500', '18'),
('1217', 'lhala Kadigamuwa', '60238', '18'),
('1218', 'llukhena', '60232', '18'),
('1219', 'Lonahettiya', '60108', '18'),
('1220', 'Madahapola', '60552', '18'),
('1221', 'Madakumburumulla', '60209', '18'),
('1222', 'Maduragoda', '60532', '18'),
('1223', 'Maeliya', '60512', '18'),
('1224', 'Magulagama', '60221', '18'),
('1225', 'Mahagalkadawala', '60731', '18'),
('1226', 'Mahagirilla', '60479', '18'),
('1227', 'Mahamukalanyaya', '60516', '18'),
('1228', 'Mahananneriya', '60724', '18'),
('1229', 'Maharachchimulla', '60286', '18'),
('1230', 'Maho', '60600', '18'),
('1231', 'Makulewa', '60714', '18'),
('1232', 'Makulpotha', '60514', '18'),
('1233', 'Makulwewa', '60578', '18'),
('1234', 'Malagane', '60404', '18'),
('1235', 'Mandapola', '60434', '18'),
('1236', 'Maspotha', '60344', '18'),
('1237', 'Mawathagama', '60060', '18'),
('1238', 'Medivawa', '60612', '18'),
('1239', 'Meegalawa', '60750', '18'),
('1240', 'Meetanwala', '60066', '18'),
('1241', 'Meewellawa', '60484', '18'),
('1242', 'Melsiripura', '60540', '18'),
('1243', 'Metikumbura', '60304', '18'),
('1244', 'Metiyagane', '60121', '18'),
('1245', 'Minhettiya', '60004', '18'),
('1246', 'Minuwangete', '60406', '18'),
('1247', 'Mirihanagama', '60408', '18'),
('1248', 'Monnekulama', '60495', '18'),
('1249', 'Moragane', '60354', '18'),
('1250', 'Moragollagama', '60640', '18'),
('1251', 'Morathiha', '60038', '18'),
('1252', 'Munamaldeniya', '60218', '18'),
('1253', 'Muruthenge', '60122', '18'),
('1254', 'Nabadewa', '60482', '18'),
('1255', 'Nagollagama', '60590', '18'),
('1256', 'Nagollagoda', '60226', '18'),
('1257', 'Nakkawatta', '60186', '18'),
('1258', 'Narammala', '60100', '18'),
('1259', 'Narangoda', '60152', '18'),
('1260', 'Nawatalwatta', '60292', '18'),
('1261', 'Nelliya', '60549', '18'),
('1262', 'Nikadalupotha', '60580', '18'),
('1263', 'Nikaweratiya', '60470', '18'),
('1264', 'Padeniya', '60461', '18'),
('1265', 'Padiwela', '60236', '18'),
('1266', 'Pahalagiribawa', '60735', '18'),
('1267', 'Pahamune', '60112', '18'),
('1268', 'Palukadawala', '60704', '18'),
('1269', 'Panadaragama', '60348', '18'),
('1270', 'Panagamuwa', '60052', '18'),
('1271', 'Panaliya', '60312', '18'),
('1272', 'Panliyadda', '60558', '18'),
('1273', 'Pannala', '60160', '18'),
('1274', 'Pansiyagama', '60554', '18'),
('1275', 'Periyakadneluwa', '60518', '18'),
('1276', 'Pihimbiya Ratmale', '60439', '18'),
('1277', 'Pihimbuwa', '60053', '18'),
('1278', 'Pilessa', '60058', '18'),
('1279', 'Polgahawela', '60300', '18'),
('1280', 'Polpitigama', '60620', '18'),
('1281', 'Pothuhera', '60330', '18'),
('1282', 'Puswelitenna', '60072', '18'),
('1283', 'Ridibendiella', '60606', '18'),
('1284', 'Ridigama', '60040', '18'),
('1285', 'Saliya Asokapura', '60736', '18'),
('1286', 'Sandalankawa', '60176', '18'),
('1287', 'Sirisetagama', '60478', '18'),
('1288', 'Siyambalangamuwa', '60646', '18'),
('1289', 'Solepura', '60737', '18'),
('1290', 'Solewewa', '60738', '18'),
('1291', 'Sunandapura', '60436', '18'),
('1292', 'Talawattegedara', '60306', '18'),
('1293', 'Tambutta', '60734', '18'),
('1294', 'Thalahitimulla', '60208', '18'),
('1295', 'Thalakolawewa', '60624', '18'),
('1296', 'Thalwita', '60572', '18'),
('1297', 'Thambagalla', '60584', '18'),
('1298', 'Tharana Udawela', '60227', '18'),
('1299', 'Thimbiriyawa', '60476', '18'),
('1300', 'Tisogama', '60453', '18'),
('1301', 'Torayaya', '60499', '18'),
('1302', 'Tuttiripitigama', '60426', '18'),
('1303', 'Udubaddawa', '60250', '18'),
('1304', 'Uhumiya', '60094', '18'),
('1305', 'Ulpotha Pallekele', '60622', '18'),
('1306', 'Usgala Siyabmalangamuwa', '60732', '18'),
('1307', 'Wadakada', '60318', '18'),
('1308', 'Wadumunnegedara', '60204', '18'),
('1309', 'Walakumburumulla', '60198', '18'),
('1310', 'Wannigama', '60465', '18'),
('1311', 'Wannikudawewa', '60721', '18'),
('1312', 'Wannilhalagama', '60722', '18'),
('1313', 'Wannirasnayakapura', '60490', '18'),
('1314', 'Warawewa', '60739', '18'),
('1315', 'Wariyapola', '60400', '18'),
('1316', 'Watuwatta', '60262', '18'),
('1317', 'Weerapokuna', '60454', '18'),
('1318', 'Welawa Juncton', '60464', '18'),
('1319', 'Welipennagahamulla', '60240', '18'),
('1320', 'Wellagala', '60402', '18'),
('1321', 'Wellarawa', '60456', '18'),
('1322', 'Wellawa', '60570', '18'),
('1323', 'Welpalla', '60206', '18'),
('1324', 'Wennoruwa', '60284', '18'),
('1325', 'Weuda', '60080', '18'),
('1326', 'Wewagama', '60195', '18'),
('1327', 'Yakwila', '60202', '18'),
('1328', 'Yatigaloluwa', '60314', '18'),
('1329', 'Adampan', '41000', '12'),
('1330', 'Arippu', '41000', '12'),
('1331', 'Athimottai', '41000', '12'),
('1332', 'Chilavathurai', '41000', '12'),
('1333', 'Erukkalampiddy', '41000', '12'),
('1334', 'llluppaikadavai', '41000', '12'),
('1335', 'Madhu Church', '41000', '12'),
('1336', 'Madhu Road', '41000', '12'),
('1337', 'Mannar', '41000', '12'),
('1338', 'Marichchi Kaddi', '41000', '12'),
('1339', 'Murunkan', '41000', '12'),
('1340', 'Nanattan', '41000', '12'),
('1341', 'P.P.Potkemy', '41000', '12'),
('1342', 'Palampiddy', '41000', '12'),
('1343', 'Periyakunchikulam', '41000', '12'),
('1344', 'Periyamadhu', '41000', '12'),
('1345', 'Pesalai', '41000', '12'),
('1346', 'Talaimannar', '41000', '12'),
('1347', 'Temple', '41000', '12'),
('1348', 'Tharapuram', '41000', '12'),
('1349', 'Thiruketheeswaram Temple', '41000', '12'),
('1350', 'Uyilankulam', '41000', '12'),
('1351', 'Vaddakandal', '41000', '12'),
('1352', 'Vankalai', '41000', '12'),
('1353', 'Vellan Kulam', '41000', '12'),
('1354', 'Vidataltivu', '41000', '12'),
('1355', 'Akuramboda', '21142', '5'),
('1356', 'Alwatta', '21004', '5'),
('1357', 'Ambana', '21504', '5'),
('1358', 'Ataragallewa', '21512', '5'),
('1359', 'Bambaragaswewa', '21212', '5'),
('1360', 'Beligamuwa', '21214', '5'),
('1361', 'Dambulla', '21100', '5'),
('1362', 'Dankanda', '21032', '5'),
('1363', 'Devagiriya', '21552', '5'),
('1364', 'Dewahuwa', '21206', '5'),
('1365', 'Dullewa', '21054', '5'),
('1366', 'Dunkolawatta', '21046', '5'),
('1367', 'Dunuwilapitiya', '21538', '5'),
('1368', 'Elkaduwa', '21012', '5'),
('1369', 'Erawula Junction', '21108', '5'),
('1370', 'Etanawala', '21402', '5'),
('1371', 'Galewela', '21200', '5'),
('1372', 'Gammaduwa', '21068', '5'),
('1373', 'Gangala Puwakpitiya', '21404', '5'),
('1374', 'Handungamuwa', '21536', '5'),
('1375', 'Hattota Amuna', '21514', '5'),
('1376', 'Imbulgolla', '21064', '5'),
('1377', 'Inamaluwa', '21124', '5'),
('1378', 'Kaikawala', '21066', '5'),
('1379', 'Kalundawa', '21112', '5'),
('1380', 'Kandalama', '21106', '5'),
('1381', 'Karagahinna', '21014', '5'),
('1382', 'Katudeniya', '21016', '5'),
('1383', 'Kavudupelella', '21072', '5'),
('1384', 'Kibissa', '21122', '5'),
('1385', 'Kiwula', '21042', '5'),
('1386', 'Kongahawela', '21500', '5'),
('1387', 'Laggala Pallegama', '21520', '5'),
('1388', 'Leliambe', '21008', '5'),
('1389', 'Lenadora', '21094', '5'),
('1390', 'lllukkumbura', '21406', '5'),
('1391', 'Madawala Ulpotha', '21074', '5'),
('1392', 'Madipola', '21156', '5'),
('1393', 'Mahawela', '21140', '5'),
('1394', 'Mananwatta', '21144', '5'),
('1395', 'Maraka', '21554', '5'),
('1396', 'Matale', '21000', '5'),
('1397', 'Melipitiya', '21055', '5'),
('1398', 'Metihakka', '21062', '5'),
('1399', 'Millawana', '21154', '5'),
('1400', 'Muwandeniya', '21044', '5'),
('1401', 'Nalanda', '21082', '5'),
('1402', 'Naula', '21090', '5'),
('1403', 'Nugagolla', '21534', '5'),
('1404', 'Opalgala', '21076', '5'),
('1405', 'Ovilikanda', '21020', '5'),
('1406', 'Palapathwela', '21070', '5'),
('1407', 'Pallepola', '21152', '5'),
('1408', 'Perakanatta', '21532', '5'),
('1409', 'Pubbiliya', '21502', '5'),
('1410', 'Ranamuregama', '21524', '5'),
('1411', 'Rattota', '21400', '5'),
('1412', 'Selagama', '21058', '5'),
('1413', 'Sigiriya', '21120', '5'),
('1414', 'Talagoda Junction', '21506', '5'),
('1415', 'Talakiriyagama', '21116', '5'),
('1416', 'Udasgiriya', '21051', '5'),
('1417', 'Udatenna', '21006', '5'),
('1418', 'Ukuwela', '21300', '5'),
('1419', 'Wahacotte', '21160', '5'),
('1420', 'Walawela', '21048', '5'),
('1421', 'Wehigala', '21009', '5'),
('1422', 'Welangahawatte', '21408', '5'),
('1423', 'Wewalawewa', '21114', '5'),
('1424', 'Wilgamuwa', '21530', '5'),
('1425', 'Yatawatta', '21056', '5'),
('1426', 'Akuressa', '81400', '8'),
('1427', 'Alapaladeniya', '81475', '8'),
('1428', 'Aparekka', '81032', '8'),
('1429', 'Athuraliya', '81402', '8'),
('1430', 'Bengamuwa', '81614', '8'),
('1431', 'Beralapanathara', '81541', '8'),
('1432', 'Bopagoda', '81412', '8'),
('1433', 'Dampahala', '81612', '8'),
('1434', 'Deegala Lenama', '81452', '8'),
('1435', 'Deiyandara', '81320', '8'),
('1436', 'Dellawa', '81477', '8'),
('1437', 'Denagama', '81314', '8'),
('1438', 'Denipitiya', '81730', '8'),
('1439', 'Deniyaya', '81500', '8'),
('1440', 'Derangala', '81454', '8'),
('1441', 'Dikwella', '81200', '8'),
('1442', 'Diyagaha', '81038', '8'),
('1443', 'Diyalape', '81422', '8'),
('1444', 'Gandara', '81170', '8'),
('1445', 'Godapitiya', '81408', '8'),
('1446', 'Gomilamawarala', '81072', '8'),
('1447', 'Hakmana', '81300', '8'),
('1448', 'Handugala', '81326', '8'),
('1449', 'Horapawita', '81108', '8'),
('1450', 'Kalubowitiyana', '81478', '8'),
('1451', 'Kamburugamuwa', '81750', '8'),
('1452', 'Kamburupitiya', '81100', '8'),
('1453', 'Karagoda Uyangoda', '81082', '8'),
('1454', 'Karaputugala', '81106', '8'),
('1455', 'Karatota', '81308', '8'),
('1456', 'Kekanadurra', '81020', '8'),
('1457', 'Kiriweldola', '81514', '8'),
('1458', 'Kiriwelkele', '81456', '8'),
('1459', 'Kolawenigama', '81522', '8'),
('1460', 'Kotapola', '81480', '8'),
('1461', 'Kottegoda', '81180', '8'),
('1462', 'Lankagama', '81526', '8'),
('1463', 'Makandura', '81070', '8'),
('1464', 'Maliduwa', '81424', '8'),
('1465', 'Maramba', '81416', '8'),
('1466', 'Matara', '81000', '8'),
('1467', 'Mediripitiya', '81524', '8'),
('1468', 'Miella', '81312', '8'),
('1469', 'Mirissa', '81740', '8'),
('1470', 'Moragala Kirillapone', '81532', '8'),
('1471', 'Morawaka', '81470', '8'),
('1472', 'Mulatiyana Junction', '81071', '8'),
('1473', 'Nadugala', '81092', '8'),
('1474', 'Naimana', '81017', '8'),
('1475', 'Narawelpita', '81302', '8'),
('1476', 'Pahala Millawa', '81472', '8'),
('1477', 'Palatuwa', '81050', '8'),
('1478', 'Paragala', '81474', '8'),
('1479', 'Parapamulla', '81322', '8'),
('1480', 'Pasgoda', '81615', '8'),
('1481', 'Penetiyana', '81722', '8'),
('1482', 'Pitabeddara', '81450', '8'),
('1483', 'Pothdeniya', '81538', '8'),
('1484', 'Puhulwella', '81290', '8'),
('1485', 'Radawela', '81316', '8'),
('1486', 'Ransegoda', '81064', '8'),
('1487', 'Ratmale', '81030', '8'),
('1488', 'Rotumba', '81074', '8'),
('1489', 'Siyambalagoda', '81462', '8'),
('1490', 'Sultanagoda', '81051', '8'),
('1491', 'Telijjawila', '81060', '8'),
('1492', 'Thihagoda', '81280', '8'),
('1493', 'Urubokka', '81600', '8'),
('1494', 'Urugamuwa', '81230', '8'),
('1495', 'Urumutta', '81414', '8'),
('1496', 'Viharahena', '81508', '8'),
('1497', 'Walakanda', '81294', '8'),
('1498', 'Walasgala', '81220', '8'),
('1499', 'Waralla', '81479', '8'),
('1500', 'Weligama', '81700', '8'),
('1501', 'Wilpita', '81404', '8'),
('1502', 'Yatiyana', '81034', '8'),
('1503', 'Angunakolawewa', '91302', '23'),
('1504', 'Ayiwela', '91516', '23'),
('1505', 'Badalkumbura', '91070', '23'),
('1506', 'Baduluwela', '91058', '23'),
('1507', 'Bakinigahawela', '91554', '23'),
('1508', 'Balaharuwa', '91295', '23'),
('1509', 'Bibile', '91500', '23'),
('1510', 'Buddama', '91038', '23'),
('1511', 'Buttala', '91100', '23'),
('1512', 'Dambagalla', '91050', '23'),
('1513', 'Diyakobala', '91514', '23'),
('1514', 'Dombagahawela', '91010', '23'),
('1515', 'Ekamutugama', '70254', '23'),
('1516', 'Ekiriyankumbura', '91502', '23'),
('1517', 'Ethimalewewa', '91020', '23'),
('1518', 'Ettiliwewa', '91250', '23'),
('1519', 'Galabedda', '91008', '23'),
('1520', 'Hambegamuwa', '91308', '23'),
('1521', 'Hulandawa', '91004', '23'),
('1522', 'Inginiyagala', '91040', '23'),
('1523', 'Kandaudapanguwa', '91032', '23'),
('1524', 'Kandawinna', '91552', '23'),
('1525', 'Kataragama', '91400', '23'),
('1526', 'Kiriibbanwewa', '70252', '23'),
('1527', 'Kotagama', '91512', '23'),
('1528', 'Kotawehera Mankada', '91312', '23'),
('1529', 'Kotiyagala', '91024', '23'),
('1530', 'Kumbukkana', '91098', '23'),
('1531', 'Mahagama Colony', '70256', '23'),
('1532', 'Marawa', '91006', '23'),
('1533', 'Mariarawa', '91052', '23'),
('1534', 'Medagana', '91550', '23'),
('1535', 'Monaragala', '91000', '23'),
('1536', 'Moretuwegama', '91108', '23'),
('1537', 'Nakkala', '91003', '23'),
('1538', 'Nannapurawa', '91519', '23'),
('1539', 'Nelliyadda', '91042', '23'),
('1540', 'Nilgala', '91508', '23'),
('1541', 'Obbegoda', '91007', '23'),
('1542', 'Okkampitiya', '91060', '23'),
('1543', 'Pangura', '91002', '23'),
('1544', 'Pitakumbura', '91505', '23'),
('1545', 'Randeniya', '91204', '23'),
('1546', 'Ruwalwela', '91056', '23'),
('1547', 'Sella Kataragama', '91405', '23'),
('1548', 'Sewanagala', '70250', '23'),
('1549', 'Siyambalagune', '91202', '23'),
('1550', 'Siyambalanduwa', '91030', '23'),
('1551', 'Suriara', '91306', '23'),
('1552', 'Tanamalwila', '91300', '23'),
('1553', 'Uva Gangodagama', '91054', '23'),
('1554', 'Uva Kudaoya', '91298', '23'),
('1555', 'Uva Pelwatta', '91112', '23'),
('1556', 'Warunagama', '91198', '23'),
('1557', 'Wedikumbura', '91005', '23'),
('1558', 'Weherayaya Handapanagala', '91206', '23'),
('1559', 'Wellawaya', '91200', '23'),
('1560', 'Wilaoya', '91022', '23'),
('1561', 'Mullativu', '42000', '14'),
('1562', 'Alampil', '42000', '14'),
('1563', 'Karuppaddamurippu', '42000', '14'),
('1564', 'Kokkilai', '42000', '14'),
('1565', 'Kokkuthuoduvai', '42000', '14'),
('1566', 'Mankulam', '42000', '14'),
('1567', 'Mullivaikkal', '42000', '14'),
('1568', 'Mulliyawalai', '42000', '14'),
('1569', 'Muthauyan Kaddakulam', '42000', '14'),
('1570', 'Naddan Kandal', '42000', '14'),
('1571', 'Odduchudan', '42000', '14'),
('1572', 'Puthuvedduvan', '42000', '14'),
('1573', 'Thunukkai', '42000', '14'),
('1574', 'Udayarkaddu', '42000', '14'),
('1575', 'Vavunakkulam', '42000', '14'),
('1576', 'Visvamadukulam', '42000', '14'),
('1577', 'Yogapuram', '42000', '14'),
('1578', 'Agarapathana', '22094', '6'),
('1579', 'Ambagamuwa Udabulathgama', '20678', '6'),
('1580', 'Ambatalawa', '20686', '6'),
('1581', 'Ambewela', '22216', '6'),
('1582', 'Bogawantalawa', '22060', '6'),
('1583', 'Bopattalawa', '22095', '6'),
('1584', 'Dagampitiya', '20684', '6'),
('1585', 'Dayagama Bazaar', '22096', '6'),
('1586', 'Dikoya', '22050', '6'),
('1587', 'Doragala', '20567', '6'),
('1588', 'Dunukedeniya', '22002', '6'),
('1589', 'Ginigathena', '20680', '6'),
('1590', 'Gonakele', '22226', '6'),
('1591', 'Haggala', '22208', '6'),
('1592', 'Halgranoya', '22240', '6'),
('1593', 'Hangarapitiya', '22044', '6'),
('1594', 'Hapugastalawa', '20668', '6'),
('1595', 'Harangalagama', '20669', '6'),
('1596', 'Harasbedda', '22262', '6'),
('1597', 'Hatton', '22000', '6'),
('1598', 'Hedunuwewa', '22024', '6'),
('1599', 'Hitigegama', '22046', '6'),
('1600', 'Kalaganwatta', '22282', '6'),
('1601', 'Kandapola', '22220', '6'),
('1602', 'Katukitula', '20588', '6'),
('1603', 'Keerthi Bandarapura', '22274', '6'),
('1604', 'Kelanigama', '20688', '6'),
('1605', 'Ketaboola', '20660', '6'),
('1606', 'Kotagala', '22080', '6'),
('1607', 'Kotmale', '20560', '6'),
('1608', 'Kottellena', '22040', '6'),
('1609', 'Kumbalgamuwa', '22272', '6'),
('1610', 'Kumbukwela', '22246', '6'),
('1611', 'Kurupanawela', '22252', '6'),
('1612', 'Labukele', '20592', '6'),
('1613', 'Laxapana', '22034', '6'),
('1614', 'Lindula', '22090', '6'),
('1615', 'Madulla', '22256', '6'),
('1616', 'Maldeniya', '22021', '6'),
('1617', 'Maskeliya', '22070', '6'),
('1618', 'Maswela', '20566', '6'),
('1619', 'Mipanawa', '22254', '6'),
('1620', 'Mipilimana', '22214', '6'),
('1621', 'Morahenagama', '22036', '6'),
('1622', 'Munwatta', '20752', '6'),
('1623', 'Nanuoya', '22150', '6'),
('1624', 'Nawathispane', '20670', '6'),
('1625', 'Nayapana Janapadaya', '20568', '6'),
('1626', 'Nildandahinna', '22280', '6'),
('1627', 'Nissanka Uyana', '22075', '6'),
('1628', 'Norwood', '22058', '6'),
('1629', 'Nuwara Eliya', '22200', '6'),
('1630', 'Padiyapelella', '20750', '6'),
('1631', 'Patana', '22012', '6'),
('1632', 'Pitawala', '20682', '6'),
('1633', 'Pundaluoya', '22120', '6'),
('1634', 'Ramboda', '20590', '6'),
('1635', 'Rozella', '22008', '6'),
('1636', 'Rupaha', '22245', '6'),
('1637', 'Ruwaneliya', '22212', '6'),
('1638', 'Santhipura', '22202', '6'),
('1639', 'Talawakele', '22100', '6'),
('1640', 'Teripeha', '22287', '6'),
('1641', 'Udamadura', '22285', '6'),
('1642', 'Udapussallawa', '22250', '6'),
('1643', 'Walapane', '22270', '6'),
('1644', 'Watagoda', '22110', '6'),
('1645', 'Watawala', '22010', '6'),
('1646', 'Widulipura', '22032', '6'),
('1647', 'Wijebahukanda', '22018', '6'),
('1648', 'Alutwewa', '51014', '21'),
('1649', 'Aralaganwila', '51100', '21'),
('1650', 'Aselapura', '51072', '21'),
('1651', 'Attanakadawala', '51235', '21'),
('1652', 'Bakamuna', '51250', '21'),
('1653', 'Dalukana', '51092', '21'),
('1654', 'Damminna', '51106', '21'),
('1655', 'Dewagala', '51094', '21'),
('1656', 'Dimbulagala', '51031', '21'),
('1657', 'Divulankadawala', '51428', '21'),
('1658', 'Divuldamana', '51104', '21'),
('1659', 'Diyabeduma', '51225', '21'),
('1660', 'Diyasenpura', '51504', '21'),
('1661', 'Elahera', '51258', '21'),
('1662', 'Ellewewa', '51034', '21'),
('1663', 'Galamuna', '51416', '21'),
('1664', 'Galoya Junction', '51375', '21'),
('1665', 'Giritale', '51026', '21'),
('1666', 'Hansayapalama', '51098', '21'),
('1667', 'Hingurakdamana', '51408', '21'),
('1668', 'Hingurakgoda', '51400', '21'),
('1669', 'Jayanthipura', '51024', '21'),
('1670', 'Jayasiripura', '51246', '21'),
('1671', 'Kalingaela', '51002', '21'),
('1672', 'Kalukele Badanagala', '51037', '21'),
('1673', 'Kashyapapura', '51032', '21'),
('1674', 'Kawudulla', '51414', '21'),
('1675', 'Kawuduluwewa Stagell', '51514', '21'),
('1676', 'Kottapitiya', '51244', '21'),
('1677', 'Kumaragama', '51412', '21'),
('1678', 'Lakshauyana', '51006', '21'),
('1679', 'Maduruoya', '51108', '21'),
('1680', 'Maha Ambagaswewa', '51518', '21'),
('1681', 'Mahatalakolawewa', '51506', '21'),
('1682', 'Mahawela Sinhapura', '51076', '21'),
('1683', 'Mampitiya', '51090', '21'),
('1684', 'Medirigiriya', '51500', '21'),
('1685', 'Meegaswewa', '51508', '21'),
('1686', 'Minneriya', '51410', '21'),
('1687', 'Mutugala', '51064', '21'),
('1688', 'Nawasenapura', '51066', '21'),
('1689', 'Nelumwewa', '51096', '21'),
('1690', 'Nuwaragala', '51039', '21'),
('1691', 'Onegama', '51004', '21'),
('1692', 'OrubendiSiyambalawa', NULL, '21'),
('1693', 'Palugasdamana', '51046', '21'),
('1694', 'Parakramasamudraya', '51016', '21'),
('1695', 'Pelatiyawa', '51033', '21'),
('1696', 'Pimburattewa', '51102', '21'),
('1697', 'Polonnaruwa', '51000', '21'),
('1698', 'Pulastigama', '51050', '21'),
('1699', 'Sevanapitiya', '51062', '21'),
('1700', 'Sinhagama', '51378', '21'),
('1701', 'Sungavila', '51052', '21'),
('1702', 'Talpotha', '51044', '21'),
('1703', 'Tamankaduwa', '51089', '21'),
('1704', 'Tambala', '51049', '21'),
('1705', 'Unagalavehera', '51008', '21'),
('1706', 'Welikanda', '51070', '21'),
('1707', 'Wijayabapura', '51042', '21'),
('1708', 'Yodaela', '51422', '21'),
('1709', 'Yudaganawa', '51424', '21'),
('1710', 'Adippala', '61012', '19'),
('1711', 'Ambakandawila', '61024', '19'),
('1712', 'Anamaduwa', '61500', '19'),
('1713', 'Andigama', '61508', '19'),
('1714', 'Angunawila', '61264', '19'),
('1715', 'Attawilluwa', '61328', '19'),
('1716', 'Bangadeniya', '61238', '19'),
('1717', 'Baranankattuwa', '61262', '19'),
('1718', 'Battuluoya', '61246', '19'),
('1719', 'Bujjampola', '61136', '19'),
('1720', 'Chilaw', '61000', '19'),
('1721', 'Dankotuwa', '61130', '19'),
('1722', 'Dunkannawa', '61192', '19'),
('1723', 'Eluwankulama', '61308', '19'),
('1724', 'Ettale', '61343', '19'),
('1725', 'Galmuruwa', '61233', '19'),
('1726', 'Ihala Kottaramulla', '61154', '19'),
('1727', 'Ihala Puliyankulama', '61316', '19'),
('1728', 'Ilippadeniya', '61018', '19'),
('1729', 'Inginimitiya', '61514', '19'),
('1730', 'Ismailpuram', '61302', '19'),
('1731', 'Kakkapalliya', '61236', '19'),
('1732', 'Kalladiya', '61534', '19'),
('1733', 'Kalpitiya', '61360', '19'),
('1734', 'Kandakuliya', '61358', '19'),
('1735', 'Karativponparappi', '61307', '19'),
('1736', 'Karawitagara', '61022', '19'),
('1737', 'Karuwalagaswewa', '61314', '19'),
('1738', 'Katuneriya', '61180', '19'),
('1739', 'Kirimundalama', '61362', '19'),
('1740', 'Koswatta', '61158', '19'),
('1741', 'Kottantivu', '61252', '19'),
('1742', 'Kottukachchiya', '61532', '19'),
('1743', 'Kudawewa', '61226', '19'),
('1744', 'Kumarakattuwa', '61032', '19'),
('1745', 'Kurinjanpitiya', '61356', '19'),
('1746', 'Kuruketiyawa', '61516', '19'),
('1747', 'Lihiriyagama', '61138', '19'),
('1748', 'Lunuwila', '61150', '19'),
('1749', 'Madampe', '61230', '19'),
('1750', 'Madurankuliya', '61270', '19'),
('1751', 'Mahakumbukkadawala', '61272', '19'),
('1752', 'Mahauswewa', '61512', '19'),
('1753', 'Mahawewa', '61220', '19'),
('1754', 'Mampuri', '61341', '19'),
('1755', 'Mangalaeliya', '61266', '19'),
('1756', 'Marawila', '61210', '19'),
('1757', 'Mudalakkuliya', '61506', '19'),
('1758', 'Mugunuwatawana', '61014', '19'),
('1759', 'Mukkutoduwawa', '61274', '19'),
('1760', 'Mundel', '61250', '19'),
('1761', 'Muttibendiwila', '61195', '19'),
('1762', 'Nainamadama', '61120', '19'),
('1763', 'Nalladarankattuwa', '61244', '19'),
('1764', 'Nattandiya', '61190', '19'),
('1765', 'Nawagattegama', '61520', '19'),
('1766', 'Norachcholai', '61342', '19'),
('1767', 'Palaviya', '61280', '19'),
('1768', 'Pallama', '61040', '19'),
('1769', 'Palliwasalturai', '61354', '19'),
('1770', 'Panirendawa', '61234', '19'),
('1771', 'Pothuwatawana', '61162', '19'),
('1772', 'Puttalam', '61300', '19'),
('1773', 'Puttalam Cement Factory', '61326', '19'),
('1774', 'Rajakadaluwa', '61242', '19'),
('1775', 'Saliyawewa Junction', '61324', '19'),
('1776', 'Serukele', '61042', '19'),
('1777', 'Sirambiadiya', '61312', '19'),
('1778', 'Siyambalagashene', '61504', '19'),
('1779', 'Tabbowa', '61322', '19'),
('1780', 'Talawila Church', '61344', '19'),
('1781', 'Toduwawa', '61224', '19'),
('1782', 'Udappuwa', '61004', '19'),
('1783', 'Uridyawa', '61502', '19'),
('1784', 'Vanathawilluwa', '61306', '19'),
('1785', 'Waikkal', '61110', '19'),
('1786', 'Watugahamulla', '61198', '19'),
('1787', 'Wennappuwa', '61170', '19'),
('1788', 'Wijeyakatupotha', '61006', '19'),
('1789', 'Wilpotha', '61008', '19'),
('1790', 'Yogiyana', '61144', '19'),
('1791', 'Akarella', '70082', '24'),
('1792', 'Atakalanpanna', '70294', '24'),
('1793', 'Ayagama', '70024', '24'),
('1794', 'Balangoda', '70100', '24'),
('1795', 'Batatota', '70504', '24'),
('1796', 'Belihuloya', '70140', '24'),
('1797', 'Bolthumbe', '70131', '24'),
('1798', 'Bomluwageaina', '70344', '24'),
('1799', 'Bulutota', '70346', '24'),
('1800', 'Dambuluwana', '70019', '24'),
('1801', 'Daugala', '70455', '24'),
('1802', 'Dela', '70042', '24'),
('1803', 'Delwala', '70046', '24'),
('1804', 'Demuwatha', '70332', '24'),
('1805', 'Dodampe', '70017', '24'),
('1806', 'Doloswalakanda', '70404', '24'),
('1807', 'Dumbara Manana', '70495', '24'),
('1808', 'Eheliyagoda', '70600', '24'),
('1809', 'Elapatha', '70032', '24'),
('1810', 'Ellagawa', '70492', '24'),
('1811', 'Ellaulla', '70552', '24'),
('1812', 'Ellawala', '70606', '24'),
('1813', 'Embilipitiya', '70200', '24'),
('1814', 'Eratna', '70506', '24'),
('1815', 'Erepola', '70602', '24'),
('1816', 'Gabbela', '70156', '24'),
('1817', 'Gallella', '70062', '24'),
('1818', 'Gangeyaya', '70195', '24'),
('1819', 'Gawaragiriya', '70026', '24'),
('1820', 'Getahetta', '70620', '24'),
('1821', 'Gillimale', '70002', '24'),
('1822', 'Godagampola', '70556', '24'),
('1823', 'Godakawela', '70160', '24'),
('1824', 'Gurubewilagama', '70136', '24'),
('1825', 'Halpe', '70145', '24'),
('1826', 'Halwinna', '70171', '24'),
('1827', 'Handagiriya', '70106', '24'),
('1828', 'Hapugastenna', '70164', '24'),
('1829', 'Hatangala', '70105', '24'),
('1830', 'Hatarabage', '70108', '24'),
('1831', 'Hidellana', '70012', '24'),
('1832', 'Hiramadagama', '70296', '24'),
('1833', 'Ihalagama', '70144', '24'),
('1834', 'Ittakanda', '70342', '24'),
('1835', 'Kahangama', '70016', '24'),
('1836', 'Kahawatta', '70150', '24'),
('1837', 'Kalawana', '70450', '24'),
('1838', 'Kaltota', '70122', '24'),
('1839', 'Karandana', '70488', '24'),
('1840', 'Karangoda', '70018', '24'),
('1841', 'Kella Junction', '70352', '24'),
('1842', 'Kiriella', '70480', '24'),
('1843', 'Kolambageara', '70180', '24'),
('1844', 'Kolombugama', '70403', '24'),
('1845', 'Kolonna', '70350', '24'),
('1846', 'Kudawa', '70005', '24'),
('1847', 'Kuruwita', '70500', '24'),
('1848', 'Lellopitiya', '70056', '24'),
('1849', 'lmbulpe', '70134', '24'),
('1850', 'Madalagama', '70158', '24'),
('1851', 'Mahawalatenna', '70112', '24'),
('1852', 'Makandura Sabara', '70298', '24'),
('1853', 'Malwala Junction', '70001', '24'),
('1854', 'Marapana', '70041', '24'),
('1855', 'Matuwagalagama', '70482', '24'),
('1856', 'Medagalatur', '70021', '24'),
('1857', 'Meddekanda', '70127', '24'),
('1858', 'Minipura Dumbara', '70494', '24'),
('1859', 'Mitipola', '70604', '24'),
('1860', 'Morahela', '70129', '24'),
('1861', 'Mulendiyawala', '70212', '24'),
('1862', 'Mulgama', '70117', '24'),
('1863', 'Nawalakanda', '70469', '24'),
('1864', 'NawinnaPinnakanda', '70165', '24'),
('1865', 'Niralagama', '70038', '24'),
('1866', 'Nivitigala', '70400', '24'),
('1867', 'Omalpe', '70215', '24'),
('1868', 'Opanayaka', '70080', '24'),
('1869', 'Padalangala', '70230', '24'),
('1870', 'Pallebedda', '70170', '24'),
('1871', 'Pambagolla', '70133', '24'),
('1872', 'Panamura', '70218', '24'),
('1873', 'Panapitiya', '70152', '24'),
('1874', 'Panapola', '70461', '24'),
('1875', 'Panawala', '70612', '24'),
('1876', 'Parakaduwa', '70550', '24'),
('1877', 'Pebotuwa', '70045', '24'),
('1878', 'Pelmadulla', '70070', '24'),
('1879', 'Pimbura', '70472', '24'),
('1880', 'Pinnawala', '70130', '24'),
('1881', 'Pothupitiya', '70338', '24'),
('1882', 'Rajawaka', '70116', '24'),
('1883', 'Rakwana', '70300', '24'),
('1884', 'Ranwala', '70162', '24'),
('1885', 'Rassagala', '70135', '24'),
('1886', 'Ratna Hangamuwa', '70036', '24'),
('1887', 'Ratnapura', '70000', '24'),
('1888', 'Samanalawewa', '70142', '24'),
('1889', 'Sri Palabaddala', '70004', '24'),
('1890', 'Sudagala', '70502', '24'),
('1891', 'Talakolahinna', '70101', '24'),
('1892', 'Tanjantenna', '70118', '24'),
('1893', 'Teppanawa', '70512', '24'),
('1894', 'Tunkama', '70205', '24'),
('1895', 'Udaha Hawupe', '70154', '24'),
('1896', 'Udakarawita', '70044', '24'),
('1897', 'Udaniriella', '70034', '24'),
('1898', 'Udawalawe', '70190', '24'),
('1899', 'Ullinduwawa', '70345', '24'),
('1900', 'Veddagala', '70459', '24'),
('1901', 'Vijeriya', '70348', '24'),
('1902', 'Waleboda', '70138', '24'),
('1903', 'Watapotha', '70408', '24'),
('1904', 'Waturawa', '70456', '24'),
('1905', 'Weligepola', '70104', '24'),
('1906', 'Welipathayaya', '70124', '24'),
('1907', 'Wewelwatta', '70066', '24'),
('1908', 'Wikiliya', '70114', '24'),
('1909', 'Agbopura', '31304', '17'),
('1910', 'Buckmigama', '31028', '17'),
('1911', 'Chinabay', '31050', '17'),
('1912', 'Dehiwatte', '31226', '17'),
('1913', 'Echchilampattai', '31236', '17'),
('1914', 'Galmetiyawa', '31318', '17'),
('1915', 'Gomarankadawala', '31026', '17'),
('1916', 'Kaddaiparichchan', '31212', '17'),
('1917', 'Kanniya', '31032', '17'),
('1918', 'Kantalai', '31300', '17'),
('1919', 'Kantalai Sugar Factory', '31306', '17'),
('1920', 'Kiliveddy', '31220', '17'),
('1921', 'Kinniya', '31100', '17'),
('1922', 'Kuchchaveli', '31014', '17'),
('1923', 'Kumburupiddy', '31012', '17'),
('1924', 'Kurinchakemy', '31112', '17'),
('1925', 'Lankapatuna', '31234', '17'),
('1926', 'Mahadivulwewa', '31036', '17'),
('1927', 'Maharugiramam', '31106', '17'),
('1928', 'Mallikativu', '31224', '17'),
('1929', 'Mawadichenai', '31238', '17'),
('1930', 'Mullipothana', '31312', '17'),
('1931', 'Mutur', '31200', '17'),
('1932', 'Neelapola', '31228', '17'),
('1933', 'Nilaveli', '31010', '17'),
('1934', 'Pankulam', '31034', '17'),
('1935', 'Rottawewa', '31038', '17'),
('1936', 'Sampaltivu', '31006', '17'),
('1937', 'Sampur', '31216', '17'),
('1938', 'Serunuwara', '31232', '17'),
('1939', 'Seruwila', '31260', '17'),
('1940', 'Sirajnagar', '31314', '17'),
('1941', 'Somapura', '31222', '17'),
('1942', 'Tampalakamam', '31046', '17'),
('1943', 'Tiriyayi', '31016', '17'),
('1944', 'Toppur', '31250', '17'),
('1945', 'Trincomalee', '31000', '17'),
('1946', 'Vellamanal', '31053', '17'),
('1947', 'Wanela', '31308', '17'),
('1948', 'Vavuniya', '43000', '13'),
('1949', 'Akkarayankulam', '43000', '13'),
('1950', 'Cheddikulam', '43000', '13'),
('1951', 'Chemamadukkulam', '43000', '13'),
('1952', 'Elephant Pass', '43000', '13'),
('1953', 'Eluthumadduval', '43000', '13'),
('1954', 'Iranai lluppaikulam', '43000', '13'),
('1955', 'Iranaitiv', '43000', '13'),
('1956', 'Kanagarayankulam', '43000', '13'),
('1957', 'Kanavil', '43000', '13'),
('1958', 'Kandavalai', '43000', '13'),
('1959', 'Kavutharimunai', '43000', '13'),
('1960', 'Kilinochchi', '43000', '13'),
('1961', 'lyakachchi', '43000', '13'),
('1962', 'Mahakachchakodiya', '43000', '13'),
('1963', 'Mamaduwa', '43000', '13'),
('1964', 'Maraiyadithakulam', '43000', '13'),
('1965', 'Mulliyan', '43000', '13'),
('1966', 'Murasumoddai', '43000', '13'),
('1967', 'Nedunkemy', '43000', '13'),
('1968', 'Neriyakulam', '43000', '13'),
('1969', 'Omanthai', '43000', '13'),
('1970', 'Palamoddai', '43000', '13'),
('1971', 'Pallai', '43000', '13'),
('1972', 'Pallavarayankaddu', '43000', '13'),
('1973', 'Pampaimadu', '43000', '13'),
('1974', 'Paranthan', '43000', '13'),
('1975', 'Pavaikulam', '43000', '13'),
('1976', 'Periyathambanai', '43000', '13'),
('1977', 'Periyaulukkulam', '43000', '13'),
('1978', 'Purakari Nallur', '43000', '13'),
('1979', 'Ramanathapuram', '43000', '13'),
('1980', 'Sasthrikulankulam', '43000', '13'),
('1981', 'Sivapuram', '43000', '13'),
('1982', 'Skanthapuram', '43000', '13'),
('1983', 'Thalayadi', '43000', '13'),
('1984', 'Tharmapuram', '43000', '13'),
('1985', 'Uruthirapuram', '43000', '13'),
('1986', 'Vaddakachchi', '43000', '13'),
('1987', 'Vannerikkulam', '43000', '13'),
('1988', 'Varikkuttiyoor', '43000', '13'),
('1989', 'Veravil', '43000', '13'),
('1990', 'Vinayagapuram', '43000', '13'),
('1991', 'Ella Tanabaddegama', '80402', '7'),
('1992', 'Ihala Walpola', '80134', '7'),
('1993', 'Orubendi Siyambalawa', '51256', '21');

-- --------------------------------------------------------
-- Table structure for table `collections`
-- --------------------------------------------------------
DROP TABLE IF EXISTS `collections`;
CREATE TABLE `collections` (
  `id` int(11) NOT NULL AUTO_INCREMENT,
  `name` varchar(255) NOT NULL,
  `show_in_public` tinyint(1) NOT NULL DEFAULT 1,
  `created_by` int(11) DEFAULT NULL,
  `updated_by` int(11) DEFAULT NULL,
  `created_at` timestamp NOT NULL DEFAULT current_timestamp(),
  `updated_at` timestamp NOT NULL DEFAULT current_timestamp() ON UPDATE current_timestamp(),
  PRIMARY KEY (`id`),
  UNIQUE KEY `uq_collections_name` (`name`)
) ENGINE=InnoDB AUTO_INCREMENT=4 DEFAULT CHARSET=utf8mb4 COLLATE=utf8mb4_general_ci;

-- --------------------------------------------------------
-- Table structure for table `company`
-- --------------------------------------------------------
DROP TABLE IF EXISTS `company`;
CREATE TABLE `company` (
  `id` int(11) NOT NULL,
  `name` varchar(255) NOT NULL,
  `address` varchar(255) DEFAULT NULL,
  `phone` varchar(50) DEFAULT NULL,
  `email` varchar(255) DEFAULT NULL,
  `tax_no` varchar(100) DEFAULT NULL,
  `tax_label` varchar(100) DEFAULT NULL,
  `tax_ids_json` text DEFAULT NULL,
  `logo_filename` varchar(255) DEFAULT NULL,
  `created_at` timestamp NOT NULL DEFAULT current_timestamp(),
  `updated_at` timestamp NOT NULL DEFAULT current_timestamp() ON UPDATE current_timestamp(),
  PRIMARY KEY (`id`)
) ENGINE=InnoDB DEFAULT CHARSET=utf8mb4 COLLATE=utf8mb4_general_ci;

-- --------------------------------------------------------
-- Table structure for table `company_taxes`
-- --------------------------------------------------------
DROP TABLE IF EXISTS `company_taxes`;
CREATE TABLE `company_taxes` (
  `id` int(11) NOT NULL AUTO_INCREMENT,
  `company_id` int(11) NOT NULL DEFAULT 1,
  `tax_id` int(11) NOT NULL,
  `created_at` timestamp NOT NULL DEFAULT current_timestamp(),
  PRIMARY KEY (`id`),
  KEY `tax_id` (`tax_id`),
  CONSTRAINT `company_taxes_ibfk_1` FOREIGN KEY (`tax_id`) REFERENCES `taxes` (`id`) ON DELETE CASCADE
) ENGINE=InnoDB AUTO_INCREMENT=5 DEFAULT CHARSET=utf8mb4 COLLATE=utf8mb4_general_ci;

-- Dumping data for table `company_taxes`
INSERT INTO `company_taxes` (`id`, `company_id`, `tax_id`, `created_at`) VALUES
('3', '1', '1', '2026-04-15 23:24:16'),
('4', '1', '2', '2026-04-15 23:24:16');

-- --------------------------------------------------------
-- Table structure for table `coupon_usage`
-- --------------------------------------------------------
DROP TABLE IF EXISTS `coupon_usage`;
CREATE TABLE `coupon_usage` (
  `id` int(11) NOT NULL AUTO_INCREMENT,
  `coupon_id` int(11) NOT NULL,
  `order_id` int(11) NOT NULL,
  `customer_id` int(11) DEFAULT NULL,
  `discount_amount` decimal(12,2) NOT NULL,
  `used_at` timestamp NOT NULL DEFAULT current_timestamp(),
  PRIMARY KEY (`id`),
  KEY `coupon_id` (`coupon_id`),
  CONSTRAINT `coupon_usage_ibfk_1` FOREIGN KEY (`coupon_id`) REFERENCES `coupons` (`id`) ON DELETE CASCADE
) ENGINE=InnoDB AUTO_INCREMENT=2 DEFAULT CHARSET=utf8mb4 COLLATE=utf8mb4_general_ci;

-- --------------------------------------------------------
-- Table structure for table `coupons`
-- --------------------------------------------------------
DROP TABLE IF EXISTS `coupons`;
CREATE TABLE `coupons` (
  `id` int(11) NOT NULL AUTO_INCREMENT,
  `code` varchar(50) NOT NULL,
  `description` text DEFAULT NULL,
  `discount_type` enum('Percentage','FixedAmount') NOT NULL DEFAULT 'Percentage',
  `discount_value` decimal(12,2) NOT NULL DEFAULT 0.00,
  `min_order_amount` decimal(12,2) DEFAULT 0.00,
  `max_discount_amount` decimal(12,2) DEFAULT 0.00,
  `start_date` datetime DEFAULT NULL,
  `end_date` datetime DEFAULT NULL,
  `is_active` tinyint(1) DEFAULT 1,
  `max_uses` int(11) DEFAULT 0,
  `used_count` int(11) DEFAULT 0,
  `user_limit` int(11) DEFAULT 1,
  `created_at` timestamp NOT NULL DEFAULT current_timestamp(),
  `updated_at` timestamp NOT NULL DEFAULT current_timestamp() ON UPDATE current_timestamp(),
  PRIMARY KEY (`id`),
  UNIQUE KEY `code` (`code`)
) ENGINE=InnoDB AUTO_INCREMENT=2 DEFAULT CHARSET=utf8mb4 COLLATE=utf8mb4_general_ci;

-- --------------------------------------------------------
-- Table structure for table `crm_inquiries`
-- --------------------------------------------------------
DROP TABLE IF EXISTS `crm_inquiries`;
CREATE TABLE `crm_inquiries` (
  `id` int(11) NOT NULL AUTO_INCREMENT,
  `inquiry_number` varchar(50) NOT NULL,
  `customer_id` int(11) DEFAULT NULL,
  `customer_name` varchar(255) NOT NULL,
  `phone` varchar(50) DEFAULT NULL,
  `email` varchar(255) DEFAULT NULL,
  `source` varchar(100) DEFAULT 'Direct',
  `inquiry_type` varchar(100) DEFAULT 'General',
  `status` enum('New','Contacted','Qualified','Converted','Lost') DEFAULT 'New',
  `assigned_to` int(11) DEFAULT NULL,
  `requirements` text DEFAULT NULL,
  `notes` text DEFAULT NULL,
  `converted_to_type` varchar(50) DEFAULT NULL,
  `converted_to_id` int(11) DEFAULT NULL,
  `created_by` int(11) DEFAULT NULL,
  `updated_by` int(11) DEFAULT NULL,
  `created_at` timestamp NOT NULL DEFAULT current_timestamp(),
  `updated_at` timestamp NOT NULL DEFAULT current_timestamp() ON UPDATE current_timestamp(),
  PRIMARY KEY (`id`),
  UNIQUE KEY `inquiry_number` (`inquiry_number`),
  KEY `idx_inquiry_customer` (`customer_id`),
  KEY `idx_inquiry_status` (`status`),
  KEY `idx_inquiry_type` (`inquiry_type`),
  KEY `idx_inquiry_assigned` (`assigned_to`),
  KEY `idx_inq_created` (`created_at`)
) ENGINE=InnoDB AUTO_INCREMENT=2 DEFAULT CHARSET=utf8mb4 COLLATE=utf8mb4_general_ci;

-- --------------------------------------------------------
-- Table structure for table `crm_inquiry_items`
-- --------------------------------------------------------
DROP TABLE IF EXISTS `crm_inquiry_items`;
CREATE TABLE `crm_inquiry_items` (
  `id` int(11) NOT NULL AUTO_INCREMENT,
  `inquiry_id` int(11) NOT NULL,
  `item_id` int(11) DEFAULT NULL,
  `description` varchar(255) NOT NULL,
  `quantity` decimal(10,2) DEFAULT 1.00,
  `unit_price` decimal(10,2) DEFAULT 0.00,
  PRIMARY KEY (`id`),
  KEY `idx_inquiry_item` (`inquiry_id`),
  KEY `idx_inqi_item` (`item_id`),
  CONSTRAINT `crm_inquiry_items_ibfk_1` FOREIGN KEY (`inquiry_id`) REFERENCES `crm_inquiries` (`id`) ON DELETE CASCADE
) ENGINE=InnoDB AUTO_INCREMENT=2 DEFAULT CHARSET=utf8mb4 COLLATE=utf8mb4_general_ci;

-- --------------------------------------------------------
-- Table structure for table `crm_inquiry_logs`
-- --------------------------------------------------------
DROP TABLE IF EXISTS `crm_inquiry_logs`;
CREATE TABLE `crm_inquiry_logs` (
  `id` int(11) NOT NULL AUTO_INCREMENT,
  `inquiry_id` int(11) NOT NULL,
  `action` varchar(255) NOT NULL,
  `notes` text DEFAULT NULL,
  `created_by` int(11) DEFAULT NULL,
  `created_at` timestamp NOT NULL DEFAULT current_timestamp(),
  PRIMARY KEY (`id`),
  KEY `idx_inquiry_log_inquiry` (`inquiry_id`),
  CONSTRAINT `crm_inquiry_logs_ibfk_1` FOREIGN KEY (`inquiry_id`) REFERENCES `crm_inquiries` (`id`) ON DELETE CASCADE
) ENGINE=InnoDB AUTO_INCREMENT=9 DEFAULT CHARSET=utf8mb4 COLLATE=utf8mb4_general_ci;

-- --------------------------------------------------------
-- Table structure for table `customer_segments`
-- --------------------------------------------------------
DROP TABLE IF EXISTS `customer_segments`;
CREATE TABLE `customer_segments` (
  `id` int(11) NOT NULL AUTO_INCREMENT,
  `name` varchar(100) NOT NULL,
  `description` text DEFAULT NULL,
  `created_at` timestamp NOT NULL DEFAULT current_timestamp(),
  PRIMARY KEY (`id`)
) ENGINE=InnoDB AUTO_INCREMENT=2 DEFAULT CHARSET=utf8mb4 COLLATE=utf8mb4_general_ci;

-- --------------------------------------------------------
-- Table structure for table `customer_visits`
-- --------------------------------------------------------
DROP TABLE IF EXISTS `customer_visits`;
CREATE TABLE `customer_visits` (
  `id` int(11) NOT NULL AUTO_INCREMENT,
  `customer_id` int(11) NOT NULL,
  `user_id` int(11) NOT NULL,
  `visit_type` varchar(50) NOT NULL,
  `reason` varchar(255) DEFAULT NULL,
  `latitude` decimal(10,8) DEFAULT NULL,
  `longitude` decimal(11,8) DEFAULT NULL,
  `created_at` timestamp NOT NULL DEFAULT current_timestamp(),
  `device_id` varchar(100) DEFAULT NULL,
  PRIMARY KEY (`id`),
  KEY `idx_cv_customer` (`customer_id`),
  KEY `idx_cv_user` (`user_id`)
) ENGINE=InnoDB AUTO_INCREMENT=9 DEFAULT CHARSET=utf8mb4 COLLATE=utf8mb4_unicode_ci;

-- --------------------------------------------------------
-- Table structure for table `customers`
-- --------------------------------------------------------
DROP TABLE IF EXISTS `customers`;
CREATE TABLE `customers` (
  `id` int(11) NOT NULL AUTO_INCREMENT,
  `name` varchar(255) NOT NULL,
  `phone` varchar(50) DEFAULT NULL,
  `email` varchar(255) DEFAULT NULL,
  `password` varchar(255) DEFAULT NULL,
  `is_portal_active` tinyint(1) DEFAULT 1,
  `last_login_at` timestamp NULL DEFAULT NULL,
  `address` text DEFAULT NULL,
  `city` varchar(255) DEFAULT NULL,
  `postal_code` varchar(20) DEFAULT NULL,
  `nic` varchar(50) DEFAULT NULL,
  `created_by` int(11) DEFAULT NULL,
  `updated_by` int(11) DEFAULT NULL,
  `created_at` timestamp NOT NULL DEFAULT current_timestamp(),
  `updated_at` timestamp NOT NULL DEFAULT current_timestamp() ON UPDATE current_timestamp(),
  `tax_number` varchar(100) DEFAULT NULL,
  `order_type` enum('Internal','External') DEFAULT 'External',
  `is_active` tinyint(1) DEFAULT 1,
  `credit_limit` decimal(10,2) DEFAULT 0.00,
  `credit_days` int(11) DEFAULT 0,
  `district_id` int(11) DEFAULT NULL,
  `city_id` int(11) DEFAULT NULL,
  `is_unsubscribed` tinyint(1) DEFAULT 0,
  `is_ecommerce_user` tinyint(1) DEFAULT 0,
  `last_login` datetime DEFAULT NULL,
  `latitude` decimal(10,8) DEFAULT NULL,
  `longitude` decimal(11,8) DEFAULT NULL,
  `photo_url` varchar(255) DEFAULT NULL,
  `qr_code_hash` varchar(100) DEFAULT NULL,
  `route_id` int(11) DEFAULT NULL,
  PRIMARY KEY (`id`),
  UNIQUE KEY `uq_customers_name_phone` (`name`,`phone`),
  KEY `fk_customers_route` (`route_id`),
  CONSTRAINT `fk_customers_route` FOREIGN KEY (`route_id`) REFERENCES `routes` (`id`) ON DELETE SET NULL
) ENGINE=InnoDB AUTO_INCREMENT=6 DEFAULT CHARSET=utf8mb4 COLLATE=utf8mb4_general_ci;

-- --------------------------------------------------------
-- Table structure for table `departments`
-- --------------------------------------------------------
DROP TABLE IF EXISTS `departments`;
CREATE TABLE `departments` (
  `id` int(11) NOT NULL AUTO_INCREMENT,
  `location_id` int(11) NOT NULL,
  `name` varchar(100) NOT NULL,
  `created_by` int(11) DEFAULT NULL,
  `updated_by` int(11) DEFAULT NULL,
  `created_at` timestamp NOT NULL DEFAULT current_timestamp(),
  `updated_at` timestamp NOT NULL DEFAULT current_timestamp() ON UPDATE current_timestamp(),
  PRIMARY KEY (`id`),
  UNIQUE KEY `uq_departments_loc_name` (`location_id`,`name`),
  CONSTRAINT `departments_ibfk_1` FOREIGN KEY (`location_id`) REFERENCES `service_locations` (`id`) ON DELETE CASCADE
) ENGINE=InnoDB AUTO_INCREMENT=9 DEFAULT CHARSET=utf8mb4 COLLATE=utf8mb4_general_ci;

-- Dumping data for table `departments`
INSERT INTO `departments` (`id`, `location_id`, `name`, `created_by`, `updated_by`, `created_at`, `updated_at`) VALUES
('8', '1', 'General', NULL, NULL, '2026-04-09 17:49:41', '2026-04-09 17:49:41');

-- --------------------------------------------------------
-- Table structure for table `device_tracking_logs`
-- --------------------------------------------------------
DROP TABLE IF EXISTS `device_tracking_logs`;
CREATE TABLE `device_tracking_logs` (
  `id` int(11) NOT NULL AUTO_INCREMENT,
  `user_id` int(11) DEFAULT NULL,
  `latitude` decimal(10,8) DEFAULT NULL,
  `longitude` decimal(11,8) DEFAULT NULL,
  `created_at` timestamp NOT NULL DEFAULT current_timestamp(),
  `app_time` datetime DEFAULT NULL,
  PRIMARY KEY (`id`)
) ENGINE=InnoDB DEFAULT CHARSET=utf8mb4 COLLATE=utf8mb4_general_ci;

-- --------------------------------------------------------
-- Table structure for table `districts`
-- --------------------------------------------------------
DROP TABLE IF EXISTS `districts`;
CREATE TABLE `districts` (
  `id` int(11) NOT NULL AUTO_INCREMENT,
  `name` varchar(100) NOT NULL,
  `shipping_zone_id` int(11) DEFAULT NULL,
  PRIMARY KEY (`id`),
  KEY `shipping_zone_id` (`shipping_zone_id`),
  CONSTRAINT `districts_ibfk_1` FOREIGN KEY (`shipping_zone_id`) REFERENCES `shipping_zones` (`id`) ON DELETE SET NULL
) ENGINE=InnoDB AUTO_INCREMENT=26 DEFAULT CHARSET=utf8mb4 COLLATE=utf8mb4_general_ci;

-- Dumping data for table `districts`
INSERT INTO `districts` (`id`, `name`, `shipping_zone_id`) VALUES
('1', 'Colombo', '1'),
('2', 'Gampaha', '2'),
('3', 'Kalutara', '3'),
('4', 'Kandy', '3'),
('5', 'Matale', '3'),
('6', 'Nuwara Eliya', '3'),
('7', 'Galle', '3'),
('8', 'Matara', '3'),
('9', 'Hambantota', '3'),
('10', 'Jaffna', '3'),
('11', 'Kilinochchi', '3'),
('12', 'Mannar', '3'),
('13', 'Vavuniya', '3'),
('14', 'Mullaitivu', '3'),
('15', 'Batticaloa', '3'),
('16', 'Ampara', '3'),
('17', 'Trincomalee', '3'),
('18', 'Kurunegala', '3'),
('19', 'Puttalam', '3'),
('20', 'Anuradhapura', '3'),
('21', 'Polonnaruwa', '3'),
('22', 'Badulla', '3'),
('23', 'Moneragala', '3'),
('24', 'Ratnapura', '3'),
('25', 'Kegalle', '3');

-- --------------------------------------------------------
-- Table structure for table `document_sequences`
-- --------------------------------------------------------
DROP TABLE IF EXISTS `document_sequences`;
CREATE TABLE `document_sequences` (
  `doc_type` varchar(30) NOT NULL,
  `prefix` varchar(10) NOT NULL,
  `next_number` int(11) NOT NULL DEFAULT 1,
  `padding` int(11) NOT NULL DEFAULT 6,
  `updated_at` timestamp NOT NULL DEFAULT current_timestamp() ON UPDATE current_timestamp(),
  PRIMARY KEY (`doc_type`)
) ENGINE=InnoDB DEFAULT CHARSET=utf8mb4 COLLATE=utf8mb4_general_ci;

-- --------------------------------------------------------
-- Table structure for table `email_campaigns`
-- --------------------------------------------------------
DROP TABLE IF EXISTS `email_campaigns`;
CREATE TABLE `email_campaigns` (
  `id` int(11) NOT NULL AUTO_INCREMENT,
  `name` varchar(255) NOT NULL,
  `subject` varchar(255) NOT NULL,
  `content` longtext NOT NULL,
  `target_segment` varchar(50) DEFAULT 'all',
  `status` enum('Draft','Queued','Processing','Sent','Failed') DEFAULT 'Draft',
  `sent_at` datetime DEFAULT NULL,
  `created_at` timestamp NOT NULL DEFAULT current_timestamp(),
  PRIMARY KEY (`id`)
) ENGINE=InnoDB AUTO_INCREMENT=13 DEFAULT CHARSET=utf8mb4 COLLATE=utf8mb4_general_ci;

-- --------------------------------------------------------
-- Table structure for table `email_logs`
-- --------------------------------------------------------
DROP TABLE IF EXISTS `email_logs`;
CREATE TABLE `email_logs` (
  `id` int(11) NOT NULL AUTO_INCREMENT,
  `campaign_id` int(11) DEFAULT NULL,
  `customer_id` int(11) DEFAULT NULL,
  `recipient` varchar(255) NOT NULL,
  `subject` varchar(255) DEFAULT NULL,
  `status` enum('Success','Failed') DEFAULT 'Success',
  `error_message` text DEFAULT NULL,
  `sent_at` timestamp NOT NULL DEFAULT current_timestamp(),
  PRIMARY KEY (`id`),
  KEY `campaign_id` (`campaign_id`),
  CONSTRAINT `email_logs_ibfk_1` FOREIGN KEY (`campaign_id`) REFERENCES `email_campaigns` (`id`) ON DELETE CASCADE
) ENGINE=InnoDB AUTO_INCREMENT=14 DEFAULT CHARSET=utf8mb4 COLLATE=utf8mb4_general_ci;

-- --------------------------------------------------------
-- Table structure for table `email_queue`
-- --------------------------------------------------------
DROP TABLE IF EXISTS `email_queue`;
CREATE TABLE `email_queue` (
  `id` int(11) NOT NULL AUTO_INCREMENT,
  `campaign_id` int(11) NOT NULL,
  `customer_id` int(11) DEFAULT NULL,
  `recipient_email` varchar(255) NOT NULL,
  `recipient_name` varchar(255) DEFAULT NULL,
  `subject` varchar(255) NOT NULL,
  `content` longtext NOT NULL,
  `status` enum('Pending','Processing','Sent','Failed') DEFAULT 'Pending',
  `error_message` text DEFAULT NULL,
  `attempts` int(11) DEFAULT 0,
  `created_at` timestamp NOT NULL DEFAULT current_timestamp(),
  `processed_at` timestamp NULL DEFAULT NULL,
  PRIMARY KEY (`id`),
  KEY `campaign_id` (`campaign_id`),
  CONSTRAINT `email_queue_ibfk_1` FOREIGN KEY (`campaign_id`) REFERENCES `email_campaigns` (`id`) ON DELETE CASCADE
) ENGINE=InnoDB AUTO_INCREMENT=6 DEFAULT CHARSET=utf8mb4 COLLATE=utf8mb4_general_ci;

-- --------------------------------------------------------
-- Table structure for table `email_templates`
-- --------------------------------------------------------
DROP TABLE IF EXISTS `email_templates`;
CREATE TABLE `email_templates` (
  `id` int(11) NOT NULL AUTO_INCREMENT,
  `name` varchar(255) NOT NULL,
  `subject` varchar(255) DEFAULT NULL,
  `content` longtext NOT NULL,
  `created_at` timestamp NOT NULL DEFAULT current_timestamp(),
  PRIMARY KEY (`id`)
) ENGINE=InnoDB AUTO_INCREMENT=5 DEFAULT CHARSET=utf8mb4 COLLATE=utf8mb4_general_ci;

-- Dumping data for table `email_templates`
INSERT INTO `email_templates` (`id`, `name`, `subject`, `content`, `created_at`) VALUES
('1', 'Summer ', '', '[{\"id\":\"1\",\"type\":\"hero\",\"content\":{\"title\":\"FLASH SALE: 50% OFF\",\"subtitle\":\"Book your service before midnight.\"}},{\"id\":\"2\",\"type\":\"image\",\"content\":{\"url\":\"https://images.unsplash.com/photo-1555774698-0b77e0d5fac6?auto=format&fit=crop&q=80&w=600\"}},{\"id\":\"3\",\"type\":\"text\",\"content\":{\"text\":\"For the next 24 hours, we are offering an unprecedented 50% discount on all premium detailing services. Do not miss out!\"}},{\"id\":\"4\",\"type\":\"button\",\"content\":{\"label\":\"CLAIM DISCOUNT\",\"url\":\"#\"}},{\"id\":\"5\",\"type\":\"divider\",\"content\":{}},{\"id\":\"6\",\"type\":\"social\",\"content\":{\"facebook\":\"#\",\"instagram\":\"#\",\"twitter\":\"#\"}}]', '2026-04-28 12:12:42'),
('2', 'Test', '', '[{\"id\":\"1\",\"type\":\"hero\",\"content\":{\"title\":\"FLASH SALE: 50% OFF\",\"subtitle\":\"Book your service before midnight.\"}},{\"id\":\"2\",\"type\":\"image\",\"content\":{\"url\":\"https://images.unsplash.com/photo-1555774698-0b77e0d5fac6?auto=format&fit=crop&q=80&w=600\"}},{\"id\":\"3\",\"type\":\"text\",\"content\":{\"text\":\"For the next 24 hours, we are offering an unprecedented 50% discount on all premium detailing services. Do not miss out!\"}},{\"id\":\"4\",\"type\":\"button\",\"content\":{\"label\":\"CLAIM DISCOUNT\",\"url\":\"#\"}},{\"id\":\"5\",\"type\":\"divider\",\"content\":{}},{\"id\":\"6\",\"type\":\"social\",\"content\":{\"facebook\":\"#\",\"instagram\":\"#\",\"twitter\":\"#\"}}]', '2026-04-28 12:55:35'),
('3', 'Template New', NULL, '[{\"id\":\"1\",\"type\":\"hero\",\"content\":{\"title\":\"WEEKLY SPOTLIGHT\",\"subtitle\":\"Our latest updates and premium offers\",\"textAlign\":\"center\"}},{\"id\":\"2\",\"type\":\"image-grid\",\"content\":{\"rows\":1,\"columns\":2,\"backgroundColor\":\"#ffffff\",\"items\":[{\"url\":\"https://images.unsplash.com/photo-1486262715619-67b85e0b08d3?auto=format&fit=crop&q=80&w=400\",\"linkText\":\"View Details\",\"linkUrl\":\"#\"},{\"url\":\"https://images.unsplash.com/photo-1530046339160-ce3e5b0c7a2f?auto=format&fit=crop&q=80&w=400\",\"linkText\":\"View Details\",\"linkUrl\":\"#\"}]}},{\"id\":\"3\",\"type\":\"text\",\"content\":{\"text\":\"Welcome to our latest newsletter! We have some exciting news to share with you this week.\",\"textAlign\":\"center\",\"backgroundColor\":\"#dbb8b8\"}},{\"id\":\"4\",\"type\":\"services\",\"content\":{\"items\":[\"Quick Service\",\"Deep Cleaning\",\"Oil Change\"]}},{\"id\":\"5\",\"type\":\"button\",\"content\":{\"label\":\"LEARN MORE\",\"url\":\"#\"}},{\"id\":\"6\",\"type\":\"social\",\"content\":{\"facebook\":\"#\",\"instagram\":\"#\",\"twitter\":\"#\"}},{\"id\":\"mcy6wnyis\",\"type\":\"hero\",\"content\":{\"title\":\"New Hero\",\"subtitle\":\"Enter subtitle here\"}}]', '2026-04-28 13:28:02'),
('4', '10% Off', NULL, '[{\"id\":\"0.24189940424549772\",\"type\":\"hero\",\"content\":{\"title\":\"Seasonal 10% Off\",\"subtitle\":\"AI Generated Layout\"}},{\"id\":\"0.4974412912401096\",\"type\":\"text\",\"content\":{\"text\":\"Here is some tailored content based on: I need to newsletter for 10% off for our all products. This layout was generated specifically to engage your customers with high-quality services.\",\"textAlign\":\"center\"}},{\"id\":\"0.648243857795471\",\"type\":\"services\",\"content\":{\"items\":[\"Premium Wash\",\"Oil Check\",\"Interior Detail\"]}},{\"id\":\"svi5spj6c\",\"type\":\"image-grid\",\"content\":{\"rows\":1,\"columns\":3,\"backgroundColor\":\"#ffe5e5\",\"items\":[{\"url\":\"https://content-provider.payshia.com/service-center-system/marketing/mkt_20260428_060943_a5a3ea00ab5770d5.jpeg\",\"linkText\":\"Buy Now\",\"linkUrl\":\"https://docs.google.com/\"},{\"url\":\"https://content-provider.payshia.com/service-center-system/marketing/mkt_20260428_060448_04c6b2f1e956c365.jpg\",\"linkText\":\"Buy Now\",\"linkUrl\":\"https://docs.google.com/\"},{\"url\":\"https://content-provider.payshia.com/service-center-system/marketing/mkt_20260428_060943_a5a3ea00ab5770d5.jpeg\",\"linkText\":\"Buy Now\",\"linkUrl\":\"https://docs.google.com/\"}]}},{\"id\":\"0.12372731919549762\",\"type\":\"button\",\"content\":{\"label\":\"VIEW DETAILS\",\"url\":\"#\"}},{\"id\":\"tbbuyx06k\",\"type\":\"divider\",\"content\":{}},{\"id\":\"52ga7z666\",\"type\":\"text\",\"content\":{\"text\":\"Sample Text\",\"textAlign\":\"center\"}}]', '2026-04-28 13:41:45');

-- --------------------------------------------------------
-- Table structure for table `employees`
-- --------------------------------------------------------
DROP TABLE IF EXISTS `employees`;
CREATE TABLE `employees` (
  `id` int(11) NOT NULL AUTO_INCREMENT,
  `employee_code` varchar(50) NOT NULL,
  `user_id` int(11) DEFAULT NULL,
  `first_name` varchar(100) NOT NULL,
  `last_name` varchar(100) NOT NULL,
  `nic` varchar(20) DEFAULT NULL,
  `dob` date DEFAULT NULL,
  `gender` enum('Male','Female','Other') DEFAULT NULL,
  `address` text DEFAULT NULL,
  `phone` varchar(20) DEFAULT NULL,
  `email` varchar(100) DEFAULT NULL,
  `bank_account_no` varchar(50) DEFAULT NULL,
  `bank_name` varchar(100) DEFAULT NULL,
  `category_id` int(11) DEFAULT NULL,
  `department_id` int(11) DEFAULT NULL,
  `designation` varchar(100) DEFAULT NULL,
  `joined_date` date DEFAULT NULL,
  `basic_salary` decimal(15,2) DEFAULT 0.00,
  `status` enum('Active','Inactive','Terminated','Resigned') DEFAULT 'Active',
  `created_by` int(11) DEFAULT NULL,
  `updated_by` int(11) DEFAULT NULL,
  `created_at` timestamp NOT NULL DEFAULT current_timestamp(),
  `updated_at` timestamp NOT NULL DEFAULT current_timestamp() ON UPDATE current_timestamp(),
  `nationality` varchar(100) DEFAULT NULL,
  `religion` varchar(100) DEFAULT NULL,
  `marital_status` enum('Single','Married','Divorced','Widowed') DEFAULT NULL,
  `blood_group` varchar(5) DEFAULT NULL,
  `emergency_contact_name` varchar(100) DEFAULT NULL,
  `emergency_contact_phone` varchar(20) DEFAULT NULL,
  `emergency_contact_relationship` varchar(50) DEFAULT NULL,
  `passport_no` varchar(50) DEFAULT NULL,
  `epf_no` varchar(50) DEFAULT NULL,
  `etf_no` varchar(50) DEFAULT NULL,
  `facebook_url` varchar(255) DEFAULT NULL,
  `linkedin_url` varchar(255) DEFAULT NULL,
  `twitter_url` varchar(255) DEFAULT NULL,
  `instagram_url` varchar(255) DEFAULT NULL,
  `avatar_url` varchar(255) DEFAULT NULL,
  PRIMARY KEY (`id`),
  UNIQUE KEY `employee_code` (`employee_code`),
  UNIQUE KEY `nic` (`nic`),
  KEY `idx_emp_dept` (`department_id`),
  KEY `idx_emp_user` (`user_id`),
  KEY `idx_emp_cat` (`category_id`)
) ENGINE=InnoDB AUTO_INCREMENT=2 DEFAULT CHARSET=utf8mb4 COLLATE=utf8mb4_general_ci;

-- --------------------------------------------------------
-- Table structure for table `export_container_types`
-- --------------------------------------------------------
DROP TABLE IF EXISTS `export_container_types`;
CREATE TABLE `export_container_types` (
  `id` int(11) NOT NULL AUTO_INCREMENT,
  `name` varchar(100) NOT NULL,
  `max_cbm_capacity` decimal(10,2) DEFAULT 0.00,
  `max_weight_capacity_kg` decimal(10,2) DEFAULT 0.00,
  `max_standard_pallets` int(11) DEFAULT 0,
  `is_active` tinyint(1) DEFAULT 1,
  `created_at` timestamp NOT NULL DEFAULT current_timestamp(),
  PRIMARY KEY (`id`)
) ENGINE=InnoDB AUTO_INCREMENT=12 DEFAULT CHARSET=utf8mb4 COLLATE=utf8mb4_general_ci;

-- Dumping data for table `export_container_types`
INSERT INTO `export_container_types` (`id`, `name`, `max_cbm_capacity`, `max_weight_capacity_kg`, `max_standard_pallets`, `is_active`, `created_at`) VALUES
('1', '20ft Standard (TEU)', '33.20', '28200.00', '10', '1', '2026-04-30 22:09:55'),
('2', '40ft Standard (FEU)', '67.70', '28800.00', '21', '1', '2026-04-30 22:09:55'),
('3', '40ft High Cube (HQ)', '76.40', '28600.00', '21', '1', '2026-04-30 22:09:55'),
('4', 'LCL / Air Freight', '9999.00', '99999.00', '999', '1', '2026-04-30 22:09:55'),
('5', '20ft Standard (TEU)', '33.20', '28200.00', '10', '1', '2026-04-30 22:09:55'),
('6', '40ft Standard (FEU)', '67.70', '28800.00', '21', '1', '2026-04-30 22:09:55'),
('7', '40ft High Cube (HQ)', '76.40', '28600.00', '21', '1', '2026-04-30 22:09:55'),
('8', 'LCL / Air Freight', '9999.00', '99999.00', '999', '1', '2026-04-30 22:09:55'),
('9', '20ft Standard', '33.00', '28000.00', '11', '1', '2026-05-02 16:18:45'),
('10', '40ft Standard', '67.00', '28000.00', '21', '1', '2026-05-02 16:18:45'),
('11', '40ft High Cube', '76.00', '28000.00', '21', '1', '2026-05-02 16:18:45');

-- --------------------------------------------------------
-- Table structure for table `export_packaging_types`
-- --------------------------------------------------------
DROP TABLE IF EXISTS `export_packaging_types`;
CREATE TABLE `export_packaging_types` (
  `id` int(11) NOT NULL AUTO_INCREMENT,
  `name` varchar(100) NOT NULL,
  `type` enum('Carton','Bag','Drum','Crate','Other') DEFAULT 'Carton',
  `length_cm` decimal(10,2) DEFAULT 0.00,
  `width_cm` decimal(10,2) DEFAULT 0.00,
  `height_cm` decimal(10,2) DEFAULT 0.00,
  `cbm` decimal(10,4) DEFAULT 0.0000,
  `tare_weight_kg` decimal(10,2) DEFAULT 0.00,
  `max_weight_capacity_kg` decimal(10,2) DEFAULT 0.00,
  `is_active` tinyint(1) DEFAULT 1,
  `created_at` timestamp NOT NULL DEFAULT current_timestamp(),
  PRIMARY KEY (`id`)
) ENGINE=InnoDB AUTO_INCREMENT=11 DEFAULT CHARSET=utf8mb4 COLLATE=utf8mb4_general_ci;

-- Dumping data for table `export_packaging_types`
INSERT INTO `export_packaging_types` (`id`, `name`, `type`, `length_cm`, `width_cm`, `height_cm`, `cbm`, `tare_weight_kg`, `max_weight_capacity_kg`, `is_active`, `created_at`) VALUES
('1', 'Standard Carton (M)', 'Carton', '50.00', '40.00', '30.00', '0.0600', '1.20', '25.00', '1', '2026-05-01 17:40:02'),
('2', 'Large Export Carton', 'Carton', '60.00', '50.00', '40.00', '0.1200', '1.80', '35.00', '1', '2026-05-01 17:40:02'),
('3', 'Small Parcel Box', 'Carton', '30.00', '20.00', '15.00', '0.0090', '0.50', '10.00', '1', '2026-05-01 17:40:02'),
('4', 'Standard Pouch (L)', 'Bag', '40.00', '30.00', '5.00', '0.0060', '0.10', '5.00', '1', '2026-05-01 17:40:02'),
('5', 'Heavy Duty Crate', 'Crate', '80.00', '60.00', '50.00', '0.2400', '5.00', '100.00', '1', '2026-05-01 17:40:02'),
('6', 'Paper Sack (25kg)', 'Bag', '50.00', '30.00', '80.00', '0.1200', '0.25', '25.00', '1', '2026-05-01 17:50:57'),
('7', 'Standard Carton A', 'Carton', '30.00', '30.00', '30.00', '0.0270', '0.50', '15.00', '1', '2026-05-02 16:18:45'),
('8', 'Standard Carton B', 'Carton', '40.00', '40.00', '40.00', '0.0640', '0.80', '25.00', '1', '2026-05-02 16:18:45'),
('9', 'Canister 500ml', '', '10.00', '10.00', '15.00', '0.0015', '0.05', '1.00', '1', '2026-05-02 16:18:45'),
('10', 'Pouch 250g', '', '15.00', '5.00', '20.00', '0.0015', '0.01', '0.50', '1', '2026-05-02 16:18:45');

-- --------------------------------------------------------
-- Table structure for table `export_pallet_types`
-- --------------------------------------------------------
DROP TABLE IF EXISTS `export_pallet_types`;
CREATE TABLE `export_pallet_types` (
  `id` int(11) NOT NULL AUTO_INCREMENT,
  `name` varchar(100) NOT NULL,
  `length_cm` decimal(10,2) DEFAULT 0.00,
  `width_cm` decimal(10,2) DEFAULT 0.00,
  `max_load_height_cm` decimal(10,2) DEFAULT 0.00,
  `tare_weight_kg` decimal(10,2) DEFAULT 0.00,
  `max_weight_capacity_kg` decimal(10,2) DEFAULT 0.00,
  `is_active` tinyint(1) DEFAULT 1,
  `created_at` timestamp NOT NULL DEFAULT current_timestamp(),
  PRIMARY KEY (`id`)
) ENGINE=InnoDB AUTO_INCREMENT=7 DEFAULT CHARSET=utf8mb4 COLLATE=utf8mb4_general_ci;

-- Dumping data for table `export_pallet_types`
INSERT INTO `export_pallet_types` (`id`, `name`, `length_cm`, `width_cm`, `max_load_height_cm`, `tare_weight_kg`, `max_weight_capacity_kg`, `is_active`, `created_at`) VALUES
('1', 'Euro Pallet (120x80)', '120.00', '80.00', '180.00', '25.00', '1500.00', '1', '2026-04-30 22:09:55'),
('2', 'Standard ISO Pallet (120x100)', '120.00', '100.00', '180.00', '30.00', '1500.00', '1', '2026-04-30 22:09:55'),
('5', 'Standard Wood (120x100)', '120.00', '100.00', '180.00', '25.00', '1500.00', '1', '2026-05-02 16:18:45'),
('6', 'Plastic Pallet (110x110)', '110.00', '110.00', '150.00', '15.00', '1000.00', '1', '2026-05-02 16:18:45');

-- --------------------------------------------------------
-- Table structure for table `goods_receive_notes`
-- --------------------------------------------------------
DROP TABLE IF EXISTS `goods_receive_notes`;
CREATE TABLE `goods_receive_notes` (
  `id` int(11) NOT NULL AUTO_INCREMENT,
  `grn_number` varchar(50) NOT NULL,
  `purchase_order_id` int(11) DEFAULT NULL,
  `supplier_id` int(11) NOT NULL,
  `subtotal` decimal(15,2) NOT NULL DEFAULT 0.00,
  `tax_total` decimal(15,2) NOT NULL DEFAULT 0.00,
  `total_amount` decimal(15,2) NOT NULL DEFAULT 0.00,
  `received_at` datetime NOT NULL,
  `notes` text DEFAULT NULL,
  `created_by` int(11) DEFAULT NULL,
  `updated_by` int(11) DEFAULT NULL,
  `created_at` timestamp NOT NULL DEFAULT current_timestamp(),
  `updated_at` timestamp NOT NULL DEFAULT current_timestamp() ON UPDATE current_timestamp(),
  `location_id` int(11) NOT NULL DEFAULT 1,
  `status` enum('Received','Cancelled') NOT NULL DEFAULT 'Received',
  `cancelled_at` datetime DEFAULT NULL,
  `cancelled_by` int(11) DEFAULT NULL,
  `cancellation_reason` text DEFAULT NULL,
  PRIMARY KEY (`id`),
  UNIQUE KEY `uq_grn_number` (`grn_number`),
  KEY `idx_grn_supplier` (`supplier_id`),
  KEY `idx_grn_po` (`purchase_order_id`),
  KEY `idx_grn_location` (`location_id`),
  KEY `idx_grn_date` (`received_at`),
  CONSTRAINT `fk_grn_location` FOREIGN KEY (`location_id`) REFERENCES `service_locations` (`id`),
  CONSTRAINT `fk_grn_po` FOREIGN KEY (`purchase_order_id`) REFERENCES `purchase_orders` (`id`),
  CONSTRAINT `fk_grn_supplier` FOREIGN KEY (`supplier_id`) REFERENCES `suppliers` (`id`)
) ENGINE=InnoDB AUTO_INCREMENT=18 DEFAULT CHARSET=utf8mb4 COLLATE=utf8mb4_general_ci;

-- --------------------------------------------------------
-- Table structure for table `grn_items`
-- --------------------------------------------------------
DROP TABLE IF EXISTS `grn_items`;
CREATE TABLE `grn_items` (
  `id` int(11) NOT NULL AUTO_INCREMENT,
  `grn_id` int(11) NOT NULL,
  `part_id` int(11) NOT NULL,
  `qty_received` decimal(12,3) NOT NULL,
  `unit_cost` decimal(10,2) NOT NULL,
  `line_total` decimal(10,2) NOT NULL,
  `created_by` int(11) DEFAULT NULL,
  `updated_by` int(11) DEFAULT NULL,
  `batch_number` varchar(100) DEFAULT NULL,
  `mfg_date` date DEFAULT NULL,
  `expiry_date` date DEFAULT NULL,
  PRIMARY KEY (`id`),
  KEY `idx_grni_grn` (`grn_id`),
  KEY `idx_grni_part` (`part_id`),
  KEY `idx_grni_item` (`part_id`),
  CONSTRAINT `fk_grni_grn` FOREIGN KEY (`grn_id`) REFERENCES `goods_receive_notes` (`id`) ON DELETE CASCADE,
  CONSTRAINT `fk_grni_part` FOREIGN KEY (`part_id`) REFERENCES `parts` (`id`)
) ENGINE=InnoDB AUTO_INCREMENT=22 DEFAULT CHARSET=utf8mb4 COLLATE=utf8mb4_general_ci;

-- --------------------------------------------------------
-- Table structure for table `hotel_reservation_items`
-- --------------------------------------------------------
DROP TABLE IF EXISTS `hotel_reservation_items`;
CREATE TABLE `hotel_reservation_items` (
  `id` int(11) NOT NULL AUTO_INCREMENT,
  `reservation_id` int(11) NOT NULL,
  `item_id` int(11) DEFAULT NULL,
  `description` varchar(255) NOT NULL,
  `quantity` decimal(15,2) DEFAULT 1.00,
  `unit_price` decimal(15,2) DEFAULT 0.00,
  `total_price` decimal(15,2) DEFAULT 0.00,
  `source` varchar(50) DEFAULT 'FrontOffice',
  `created_at` timestamp NOT NULL DEFAULT current_timestamp(),
  PRIMARY KEY (`id`),
  KEY `reservation_id` (`reservation_id`),
  CONSTRAINT `hotel_reservation_items_ibfk_1` FOREIGN KEY (`reservation_id`) REFERENCES `hotel_reservations` (`id`) ON DELETE CASCADE
) ENGINE=InnoDB AUTO_INCREMENT=12 DEFAULT CHARSET=utf8mb4 COLLATE=utf8mb4_general_ci;

-- --------------------------------------------------------
-- Table structure for table `hotel_reservations`
-- --------------------------------------------------------
DROP TABLE IF EXISTS `hotel_reservations`;
CREATE TABLE `hotel_reservations` (
  `id` int(11) NOT NULL AUTO_INCREMENT,
  `reservation_no` varchar(50) DEFAULT NULL,
  `customer_id` int(11) NOT NULL,
  `room_id` int(11) NOT NULL,
  `check_in` datetime NOT NULL,
  `check_out` datetime NOT NULL,
  `adults` int(11) DEFAULT 1,
  `children` int(11) DEFAULT 0,
  `status` enum('Confirmed','CheckedIn','CheckedOut','Cancelled') DEFAULT 'Confirmed',
  `meal_plan` enum('RO','BB','HB','FB','AI') DEFAULT 'BB',
  `total_amount` decimal(15,2) DEFAULT 0.00,
  `paid_amount` decimal(15,2) DEFAULT 0.00,
  `invoice_id` int(11) DEFAULT NULL,
  `notes` text DEFAULT NULL,
  `created_by` int(11) DEFAULT NULL,
  `created_at` timestamp NOT NULL DEFAULT current_timestamp(),
  `updated_at` timestamp NOT NULL DEFAULT current_timestamp() ON UPDATE current_timestamp(),
  `cancelled_at` datetime DEFAULT NULL,
  `cancelled_by` int(11) DEFAULT NULL,
  `cancellation_reason` text DEFAULT NULL,
  PRIMARY KEY (`id`),
  UNIQUE KEY `reservation_no` (`reservation_no`),
  KEY `customer_id` (`customer_id`),
  KEY `room_id` (`room_id`),
  CONSTRAINT `hotel_reservations_ibfk_1` FOREIGN KEY (`customer_id`) REFERENCES `customers` (`id`),
  CONSTRAINT `hotel_reservations_ibfk_2` FOREIGN KEY (`room_id`) REFERENCES `hotel_rooms` (`id`)
) ENGINE=InnoDB AUTO_INCREMENT=12 DEFAULT CHARSET=utf8mb4 COLLATE=utf8mb4_general_ci;

-- --------------------------------------------------------
-- Table structure for table `hotel_room_rates`
-- --------------------------------------------------------
DROP TABLE IF EXISTS `hotel_room_rates`;
CREATE TABLE `hotel_room_rates` (
  `id` int(11) NOT NULL AUTO_INCREMENT,
  `type_id` int(11) NOT NULL,
  `meal_plan` enum('RO','BB','HB','FB','AI') NOT NULL,
  `rate` decimal(15,2) DEFAULT 0.00,
  PRIMARY KEY (`id`),
  UNIQUE KEY `type_meal` (`type_id`,`meal_plan`),
  CONSTRAINT `hotel_room_rates_ibfk_1` FOREIGN KEY (`type_id`) REFERENCES `hotel_room_types` (`id`) ON DELETE CASCADE
) ENGINE=InnoDB AUTO_INCREMENT=6 DEFAULT CHARSET=utf8mb4 COLLATE=utf8mb4_general_ci;

-- --------------------------------------------------------
-- Table structure for table `hotel_room_types`
-- --------------------------------------------------------
DROP TABLE IF EXISTS `hotel_room_types`;
CREATE TABLE `hotel_room_types` (
  `id` int(11) NOT NULL AUTO_INCREMENT,
  `name` varchar(100) NOT NULL,
  `item_id` int(11) DEFAULT NULL,
  `description` text DEFAULT NULL,
  `base_rate` decimal(15,2) DEFAULT 0.00,
  `max_occupancy` int(11) DEFAULT 2,
  `created_at` timestamp NOT NULL DEFAULT current_timestamp(),
  `updated_at` timestamp NOT NULL DEFAULT current_timestamp() ON UPDATE current_timestamp(),
  PRIMARY KEY (`id`)
) ENGINE=InnoDB AUTO_INCREMENT=2 DEFAULT CHARSET=utf8mb4 COLLATE=utf8mb4_general_ci;

-- --------------------------------------------------------
-- Table structure for table `hotel_rooms`
-- --------------------------------------------------------
DROP TABLE IF EXISTS `hotel_rooms`;
CREATE TABLE `hotel_rooms` (
  `id` int(11) NOT NULL AUTO_INCREMENT,
  `room_number` varchar(20) NOT NULL,
  `type_id` int(11) NOT NULL,
  `location_id` int(11) DEFAULT 1,
  `status` enum('Available','Occupied','Dirty','Maintenance') DEFAULT 'Available',
  `notes` text DEFAULT NULL,
  `created_at` timestamp NOT NULL DEFAULT current_timestamp(),
  `updated_at` timestamp NOT NULL DEFAULT current_timestamp() ON UPDATE current_timestamp(),
  PRIMARY KEY (`id`),
  UNIQUE KEY `room_number` (`room_number`),
  KEY `type_id` (`type_id`),
  CONSTRAINT `hotel_rooms_ibfk_1` FOREIGN KEY (`type_id`) REFERENCES `hotel_room_types` (`id`)
) ENGINE=InnoDB AUTO_INCREMENT=3 DEFAULT CHARSET=utf8mb4 COLLATE=utf8mb4_general_ci;

-- --------------------------------------------------------
-- Table structure for table `hr_categories`
-- --------------------------------------------------------
DROP TABLE IF EXISTS `hr_categories`;
CREATE TABLE `hr_categories` (
  `id` int(11) NOT NULL AUTO_INCREMENT,
  `name` varchar(50) NOT NULL,
  `prefix` varchar(10) NOT NULL,
  `created_at` timestamp NOT NULL DEFAULT current_timestamp(),
  PRIMARY KEY (`id`),
  UNIQUE KEY `name` (`name`),
  UNIQUE KEY `prefix` (`prefix`)
) ENGINE=InnoDB AUTO_INCREMENT=6 DEFAULT CHARSET=utf8mb4 COLLATE=utf8mb4_general_ci;

-- Dumping data for table `hr_categories`
INSERT INTO `hr_categories` (`id`, `name`, `prefix`, `created_at`) VALUES
('1', 'Executive', 'EX', '2026-04-20 15:51:20'),
('2', 'Staff', 'ST', '2026-04-20 15:51:20'),
('3', 'Worker', 'WR', '2026-04-20 15:51:20'),
('4', 'Contract', 'CT', '2026-04-20 15:51:20'),
('5', 'Intern', 'IN', '2026-04-20 16:04:40');

-- --------------------------------------------------------
-- Table structure for table `hr_departments`
-- --------------------------------------------------------
DROP TABLE IF EXISTS `hr_departments`;
CREATE TABLE `hr_departments` (
  `id` int(11) NOT NULL AUTO_INCREMENT,
  `name` varchar(100) NOT NULL,
  `prefix` varchar(10) NOT NULL,
  `created_at` timestamp NOT NULL DEFAULT current_timestamp(),
  PRIMARY KEY (`id`),
  UNIQUE KEY `name` (`name`),
  UNIQUE KEY `prefix` (`prefix`)
) ENGINE=InnoDB AUTO_INCREMENT=7 DEFAULT CHARSET=utf8mb4 COLLATE=utf8mb4_general_ci;

-- Dumping data for table `hr_departments`
INSERT INTO `hr_departments` (`id`, `name`, `prefix`, `created_at`) VALUES
('1', 'Administration', 'ADM', '2026-04-20 15:51:20'),
('2', 'Finance', 'FIN', '2026-04-20 15:51:20'),
('3', 'Operations', 'OPS', '2026-04-20 15:51:20'),
('4', 'Technical', 'TEC', '2026-04-20 15:51:20'),
('5', 'Sales', 'SLS', '2026-04-20 15:51:20'),
('6', 'Audit', 'ADT', '2026-04-20 16:04:36');

-- --------------------------------------------------------
-- Table structure for table `hr_employee_documents`
-- --------------------------------------------------------
DROP TABLE IF EXISTS `hr_employee_documents`;
CREATE TABLE `hr_employee_documents` (
  `id` int(11) NOT NULL AUTO_INCREMENT,
  `employee_id` int(11) NOT NULL,
  `title` varchar(150) NOT NULL,
  `file_path` varchar(255) NOT NULL,
  `file_name` varchar(150) DEFAULT NULL,
  `file_type` varchar(50) DEFAULT NULL,
  `created_at` timestamp NOT NULL DEFAULT current_timestamp(),
  PRIMARY KEY (`id`),
  KEY `idx_hed_emp` (`employee_id`),
  CONSTRAINT `hr_employee_documents_ibfk_1` FOREIGN KEY (`employee_id`) REFERENCES `employees` (`id`) ON DELETE CASCADE
) ENGINE=InnoDB AUTO_INCREMENT=3 DEFAULT CHARSET=utf8mb4 COLLATE=utf8mb4_general_ci;

-- --------------------------------------------------------
-- Table structure for table `hr_salary_items`
-- --------------------------------------------------------
DROP TABLE IF EXISTS `hr_salary_items`;
CREATE TABLE `hr_salary_items` (
  `id` int(11) NOT NULL AUTO_INCREMENT,
  `employee_id` int(11) NOT NULL,
  `name` varchar(100) NOT NULL,
  `amount` decimal(15,2) NOT NULL,
  `type` enum('Allowance','Deduction') NOT NULL,
  `is_recurring` tinyint(1) DEFAULT 1,
  `created_at` timestamp NOT NULL DEFAULT current_timestamp(),
  PRIMARY KEY (`id`),
  KEY `idx_hsi_emp` (`employee_id`),
  CONSTRAINT `hr_salary_items_ibfk_1` FOREIGN KEY (`employee_id`) REFERENCES `employees` (`id`) ON DELETE CASCADE
) ENGINE=InnoDB AUTO_INCREMENT=4 DEFAULT CHARSET=utf8mb4 COLLATE=utf8mb4_general_ci;

-- --------------------------------------------------------
-- Table structure for table `hr_salary_template_items`
-- --------------------------------------------------------
DROP TABLE IF EXISTS `hr_salary_template_items`;
CREATE TABLE `hr_salary_template_items` (
  `id` int(11) NOT NULL AUTO_INCREMENT,
  `template_id` int(11) NOT NULL,
  `name` varchar(100) NOT NULL,
  `amount` decimal(15,2) NOT NULL,
  `type` enum('Allowance','Deduction') NOT NULL,
  `created_at` timestamp NOT NULL DEFAULT current_timestamp(),
  PRIMARY KEY (`id`),
  KEY `idx_hsti_temp` (`template_id`),
  CONSTRAINT `hr_salary_template_items_ibfk_1` FOREIGN KEY (`template_id`) REFERENCES `hr_salary_templates` (`id`) ON DELETE CASCADE
) ENGINE=InnoDB AUTO_INCREMENT=3 DEFAULT CHARSET=utf8mb4 COLLATE=utf8mb4_general_ci;

-- Dumping data for table `hr_salary_template_items`
INSERT INTO `hr_salary_template_items` (`id`, `template_id`, `name`, `amount`, `type`, `created_at`) VALUES
('1', '2', 'Medical Allowance', '5000.00', 'Allowance', '2026-04-20 16:35:31'),
('2', '2', 'Housing', '5000.00', 'Allowance', '2026-04-20 16:40:38');

-- --------------------------------------------------------
-- Table structure for table `hr_salary_templates`
-- --------------------------------------------------------
DROP TABLE IF EXISTS `hr_salary_templates`;
CREATE TABLE `hr_salary_templates` (
  `id` int(11) NOT NULL AUTO_INCREMENT,
  `name` varchar(100) NOT NULL,
  `created_at` timestamp NOT NULL DEFAULT current_timestamp(),
  PRIMARY KEY (`id`),
  UNIQUE KEY `name` (`name`)
) ENGINE=InnoDB AUTO_INCREMENT=3 DEFAULT CHARSET=utf8mb4 COLLATE=utf8mb4_general_ci;

-- Dumping data for table `hr_salary_templates`
INSERT INTO `hr_salary_templates` (`id`, `name`, `created_at`) VALUES
('2', 'Executive Package', '2026-04-20 16:34:02');

-- --------------------------------------------------------
-- Table structure for table `hr_settings`
-- --------------------------------------------------------
DROP TABLE IF EXISTS `hr_settings`;
CREATE TABLE `hr_settings` (
  `id` int(11) NOT NULL AUTO_INCREMENT,
  `setting_key` varchar(100) NOT NULL,
  `setting_value` text DEFAULT NULL,
  `updated_at` timestamp NOT NULL DEFAULT current_timestamp() ON UPDATE current_timestamp(),
  PRIMARY KEY (`id`),
  UNIQUE KEY `setting_key` (`setting_key`)
) ENGINE=InnoDB AUTO_INCREMENT=6 DEFAULT CHARSET=utf8mb4 COLLATE=utf8mb4_general_ci;

-- Dumping data for table `hr_settings`
INSERT INTO `hr_settings` (`id`, `setting_key`, `setting_value`, `updated_at`) VALUES
('1', 'PAYROLL_LATE_PENALTY', '0.00', '2026-04-20 16:25:59'),
('3', 'PAYROLL_ABSENCE_DEDUCTION_TYPE', 'daily_fraction', '2026-04-20 16:25:59'),
('4', 'PAYROLL_ABSENCE_FIXED_AMOUNT', '0.00', '2026-04-20 16:25:59'),
('5', 'PAYROLL_AUTO_CALC_ATTENDANCE', '1', '2026-04-20 16:25:59');

-- --------------------------------------------------------
-- Table structure for table `inventory_batches`
-- --------------------------------------------------------
DROP TABLE IF EXISTS `inventory_batches`;
CREATE TABLE `inventory_batches` (
  `id` int(11) NOT NULL AUTO_INCREMENT,
  `part_id` int(11) NOT NULL,
  `location_id` int(11) NOT NULL DEFAULT 1,
  `batch_number` varchar(100) DEFAULT NULL,
  `mfg_date` date DEFAULT NULL,
  `expiry_date` date DEFAULT NULL,
  `quantity_received` decimal(12,3) NOT NULL DEFAULT 0.000,
  `quantity_on_hand` decimal(12,3) NOT NULL DEFAULT 0.000,
  `unit_cost` decimal(15,4) DEFAULT NULL,
  `grn_id` int(11) DEFAULT NULL,
  `is_exhausted` tinyint(1) NOT NULL DEFAULT 0,
  `created_at` timestamp NOT NULL DEFAULT current_timestamp(),
  `updated_at` timestamp NOT NULL DEFAULT current_timestamp() ON UPDATE current_timestamp(),
  PRIMARY KEY (`id`),
  KEY `idx_ib_part` (`part_id`),
  KEY `idx_ib_location` (`location_id`),
  KEY `idx_ib_mfg` (`mfg_date`),
  KEY `idx_ib_expiry` (`expiry_date`),
  KEY `idx_ib_exhausted` (`is_exhausted`),
  KEY `idx_ib_grn` (`grn_id`),
  CONSTRAINT `inventory_batches_ibfk_1` FOREIGN KEY (`part_id`) REFERENCES `parts` (`id`) ON DELETE CASCADE,
  CONSTRAINT `inventory_batches_ibfk_2` FOREIGN KEY (`location_id`) REFERENCES `service_locations` (`id`)
) ENGINE=InnoDB AUTO_INCREMENT=10 DEFAULT CHARSET=utf8mb4 COLLATE=utf8mb4_general_ci;

-- --------------------------------------------------------
-- Table structure for table `invoice_items`
-- --------------------------------------------------------
DROP TABLE IF EXISTS `invoice_items`;
CREATE TABLE `invoice_items` (
  `id` int(11) NOT NULL AUTO_INCREMENT,
  `invoice_id` int(11) NOT NULL,
  `item_id` int(11) DEFAULT NULL,
  `description` varchar(255) NOT NULL,
  `item_type` enum('Part','Labor','Service','Other') DEFAULT 'Part',
  `quantity` decimal(10,2) NOT NULL DEFAULT 1.00,
  `unit_price` decimal(10,2) NOT NULL DEFAULT 0.00,
  `cost_price` decimal(10,2) NOT NULL DEFAULT 0.00,
  `discount` decimal(10,2) NOT NULL DEFAULT 0.00,
  `line_total` decimal(10,2) NOT NULL DEFAULT 0.00,
  PRIMARY KEY (`id`),
  KEY `invoice_id` (`invoice_id`),
  KEY `idx_ii_item` (`item_id`),
  CONSTRAINT `invoice_items_ibfk_1` FOREIGN KEY (`invoice_id`) REFERENCES `invoices` (`id`) ON DELETE CASCADE
) ENGINE=InnoDB AUTO_INCREMENT=166 DEFAULT CHARSET=utf8mb4 COLLATE=utf8mb4_general_ci;

-- --------------------------------------------------------
-- Table structure for table `invoice_payments`
-- --------------------------------------------------------
DROP TABLE IF EXISTS `invoice_payments`;
CREATE TABLE `invoice_payments` (
  `id` int(11) NOT NULL AUTO_INCREMENT,
  `invoice_id` int(11) NOT NULL,
  `amount` decimal(10,2) NOT NULL,
  `payment_date` date NOT NULL,
  `payment_method` varchar(50) DEFAULT 'Cash',
  `reference_no` varchar(100) DEFAULT NULL,
  `notes` text DEFAULT NULL,
  `created_by` int(11) DEFAULT NULL,
  `created_at` timestamp NOT NULL DEFAULT current_timestamp(),
  PRIMARY KEY (`id`),
  KEY `invoice_id` (`invoice_id`),
  CONSTRAINT `invoice_payments_ibfk_1` FOREIGN KEY (`invoice_id`) REFERENCES `invoices` (`id`) ON DELETE CASCADE
) ENGINE=InnoDB AUTO_INCREMENT=113 DEFAULT CHARSET=utf8mb4 COLLATE=utf8mb4_general_ci;

-- --------------------------------------------------------
-- Table structure for table `invoice_taxes`
-- --------------------------------------------------------
DROP TABLE IF EXISTS `invoice_taxes`;
CREATE TABLE `invoice_taxes` (
  `id` int(11) NOT NULL AUTO_INCREMENT,
  `invoice_id` int(11) NOT NULL,
  `tax_name` varchar(100) NOT NULL,
  `tax_code` varchar(50) NOT NULL,
  `rate_percent` decimal(10,2) NOT NULL,
  `amount` decimal(15,2) NOT NULL,
  `created_at` timestamp NOT NULL DEFAULT current_timestamp(),
  PRIMARY KEY (`id`),
  KEY `invoice_id` (`invoice_id`),
  CONSTRAINT `invoice_taxes_ibfk_1` FOREIGN KEY (`invoice_id`) REFERENCES `invoices` (`id`) ON DELETE CASCADE
) ENGINE=InnoDB AUTO_INCREMENT=212 DEFAULT CHARSET=utf8mb4 COLLATE=utf8mb4_general_ci;

-- --------------------------------------------------------
-- Table structure for table `invoices`
-- --------------------------------------------------------
DROP TABLE IF EXISTS `invoices`;
CREATE TABLE `invoices` (
  `id` int(11) NOT NULL AUTO_INCREMENT,
  `invoice_no` varchar(50) NOT NULL,
  `order_id` int(11) DEFAULT NULL,
  `online_order_id` int(11) DEFAULT NULL,
  `reservation_id` int(11) DEFAULT NULL,
  `banquet_booking_id` int(11) DEFAULT NULL,
  `recurring_template_id` int(11) DEFAULT NULL,
  `location_id` int(11) DEFAULT NULL,
  `customer_id` int(11) NOT NULL,
  `billing_address` text DEFAULT NULL,
  `shipping_address` text DEFAULT NULL,
  `issue_date` date NOT NULL,
  `due_date` date DEFAULT NULL,
  `subtotal` decimal(10,2) NOT NULL DEFAULT 0.00,
  `tax_total` decimal(10,2) NOT NULL DEFAULT 0.00,
  `discount_total` decimal(10,2) NOT NULL DEFAULT 0.00,
  `grand_total` decimal(10,2) NOT NULL DEFAULT 0.00,
  `shipping_fee` decimal(10,2) NOT NULL DEFAULT 0.00,
  `shipping_provider_id` int(11) DEFAULT NULL,
  `is_international` tinyint(1) DEFAULT 0,
  `shipping_country` varchar(100) DEFAULT NULL,
  `order_type` varchar(20) DEFAULT 'retail',
  `table_id` int(11) DEFAULT NULL,
  `steward_id` int(11) DEFAULT NULL,
  `paid_amount` decimal(10,2) NOT NULL DEFAULT 0.00,
  `status` enum('Unpaid','Partial','Paid','Cancelled') DEFAULT 'Unpaid',
  `notes` text DEFAULT NULL,
  `applied_promotion_id` int(11) DEFAULT NULL,
  `applied_promotion_name` varchar(255) DEFAULT NULL,
  `created_by` int(11) DEFAULT NULL,
  `updated_by` int(11) DEFAULT NULL,
  `created_at` timestamp NOT NULL DEFAULT current_timestamp(),
  `updated_at` timestamp NOT NULL DEFAULT current_timestamp() ON UPDATE current_timestamp(),
  `cancelled_at` datetime DEFAULT NULL,
  `cancelled_by` int(11) DEFAULT NULL,
  `cancellation_reason` text DEFAULT NULL,
  `offline_id` varchar(100) DEFAULT NULL,
  `device_id` varchar(100) DEFAULT NULL,
  PRIMARY KEY (`id`),
  UNIQUE KEY `invoice_no` (`invoice_no`),
  KEY `order_id` (`order_id`),
  KEY `customer_id` (`customer_id`),
  KEY `idx_inv_location` (`location_id`),
  KEY `idx_inv_date` (`issue_date`),
  KEY `idx_inv_status` (`status`),
  KEY `idx_inv_created` (`created_at`),
  CONSTRAINT `invoices_ibfk_1` FOREIGN KEY (`order_id`) REFERENCES `repair_orders` (`id`) ON DELETE SET NULL,
  CONSTRAINT `invoices_ibfk_2` FOREIGN KEY (`customer_id`) REFERENCES `customers` (`id`) ON DELETE CASCADE
) ENGINE=InnoDB AUTO_INCREMENT=147 DEFAULT CHARSET=utf8mb4 COLLATE=utf8mb4_general_ci;

-- --------------------------------------------------------
-- Table structure for table `issue_note_items`
-- --------------------------------------------------------
DROP TABLE IF EXISTS `issue_note_items`;
CREATE TABLE `issue_note_items` (
  `id` int(11) NOT NULL AUTO_INCREMENT,
  `issue_note_id` int(11) NOT NULL,
  `part_id` int(11) NOT NULL,
  `batch_id` int(11) DEFAULT NULL,
  `qty_issued` decimal(12,3) NOT NULL,
  `unit_cost` decimal(10,2) NOT NULL,
  `line_total` decimal(10,2) NOT NULL,
  `notes` varchar(255) DEFAULT NULL,
  `created_at` timestamp NOT NULL DEFAULT current_timestamp(),
  PRIMARY KEY (`id`),
  KEY `idx_ini_note` (`issue_note_id`),
  KEY `idx_ini_part` (`part_id`),
  KEY `idx_ini_batch` (`batch_id`),
  CONSTRAINT `fk_ini_note` FOREIGN KEY (`issue_note_id`) REFERENCES `issue_notes` (`id`) ON DELETE CASCADE,
  CONSTRAINT `fk_ini_part` FOREIGN KEY (`part_id`) REFERENCES `parts` (`id`)
) ENGINE=InnoDB DEFAULT CHARSET=utf8mb4 COLLATE=utf8mb4_general_ci;

-- --------------------------------------------------------
-- Table structure for table `issue_notes`
-- --------------------------------------------------------
DROP TABLE IF EXISTS `issue_notes`;
CREATE TABLE `issue_notes` (
  `id` int(11) NOT NULL AUTO_INCREMENT,
  `issue_number` varchar(50) NOT NULL,
  `location_id` int(11) NOT NULL DEFAULT 1,
  `cost_center_id` int(11) NOT NULL,
  `status` enum('Draft','Issued','Cancelled') NOT NULL DEFAULT 'Draft',
  `issued_at` datetime DEFAULT NULL,
  `notes` text DEFAULT NULL,
  `created_by` int(11) DEFAULT NULL,
  `created_at` timestamp NOT NULL DEFAULT current_timestamp(),
  `updated_at` timestamp NOT NULL DEFAULT current_timestamp() ON UPDATE current_timestamp(),
  PRIMARY KEY (`id`),
  UNIQUE KEY `uq_issue_number` (`issue_number`),
  KEY `idx_issue_loc` (`location_id`),
  KEY `idx_issue_cc` (`cost_center_id`),
  KEY `idx_issue_status` (`status`),
  CONSTRAINT `fk_issue_notes_cost_center` FOREIGN KEY (`cost_center_id`) REFERENCES `service_locations` (`id`),
  CONSTRAINT `fk_issue_notes_location` FOREIGN KEY (`location_id`) REFERENCES `service_locations` (`id`)
) ENGINE=InnoDB DEFAULT CHARSET=utf8mb4 COLLATE=utf8mb4_general_ci;

-- --------------------------------------------------------
-- Table structure for table `item_categories`
-- --------------------------------------------------------
DROP TABLE IF EXISTS `item_categories`;
CREATE TABLE `item_categories` (
  `id` int(11) NOT NULL AUTO_INCREMENT,
  `name` varchar(255) NOT NULL,
  `created_at` timestamp NOT NULL DEFAULT current_timestamp(),
  `updated_at` timestamp NOT NULL DEFAULT current_timestamp() ON UPDATE current_timestamp(),
  PRIMARY KEY (`id`),
  UNIQUE KEY `uq_item_cats_name` (`name`)
) ENGINE=InnoDB AUTO_INCREMENT=2 DEFAULT CHARSET=utf8mb4 COLLATE=utf8mb4_general_ci;

-- --------------------------------------------------------
-- Table structure for table `item_departments`
-- --------------------------------------------------------
DROP TABLE IF EXISTS `item_departments`;
CREATE TABLE `item_departments` (
  `id` int(11) NOT NULL AUTO_INCREMENT,
  `section_id` int(11) NOT NULL,
  `name` varchar(255) NOT NULL,
  `created_at` timestamp NOT NULL DEFAULT current_timestamp(),
  `updated_at` timestamp NOT NULL DEFAULT current_timestamp() ON UPDATE current_timestamp(),
  PRIMARY KEY (`id`),
  UNIQUE KEY `uq_item_dept_name` (`section_id`,`name`),
  KEY `idx_item_dept_section` (`section_id`),
  CONSTRAINT `item_departments_ibfk_1` FOREIGN KEY (`section_id`) REFERENCES `item_sections` (`id`) ON DELETE CASCADE
) ENGINE=InnoDB AUTO_INCREMENT=2 DEFAULT CHARSET=utf8mb4 COLLATE=utf8mb4_general_ci;

-- --------------------------------------------------------
-- Table structure for table `item_sections`
-- --------------------------------------------------------
DROP TABLE IF EXISTS `item_sections`;
CREATE TABLE `item_sections` (
  `id` int(11) NOT NULL AUTO_INCREMENT,
  `name` varchar(255) NOT NULL,
  `created_at` timestamp NOT NULL DEFAULT current_timestamp(),
  `updated_at` timestamp NOT NULL DEFAULT current_timestamp() ON UPDATE current_timestamp(),
  PRIMARY KEY (`id`),
  UNIQUE KEY `uq_item_sections_name` (`name`)
) ENGINE=InnoDB AUTO_INCREMENT=2 DEFAULT CHARSET=utf8mb4 COLLATE=utf8mb4_general_ci;

-- --------------------------------------------------------
-- Table structure for table `leave_requests`
-- --------------------------------------------------------
DROP TABLE IF EXISTS `leave_requests`;
CREATE TABLE `leave_requests` (
  `id` int(11) NOT NULL AUTO_INCREMENT,
  `employee_id` int(11) NOT NULL,
  `leave_type_id` int(11) NOT NULL,
  `start_date` date NOT NULL,
  `end_date` date NOT NULL,
  `total_days` decimal(5,1) NOT NULL,
  `reason` text DEFAULT NULL,
  `status` enum('Pending','Approved','Rejected','Cancelled') DEFAULT 'Pending',
  `approved_by` int(11) DEFAULT NULL,
  `approved_at` datetime DEFAULT NULL,
  `created_at` timestamp NOT NULL DEFAULT current_timestamp(),
  `updated_at` timestamp NOT NULL DEFAULT current_timestamp() ON UPDATE current_timestamp(),
  PRIMARY KEY (`id`),
  KEY `idx_lr_emp` (`employee_id`),
  KEY `idx_lr_status` (`status`),
  KEY `leave_type_id` (`leave_type_id`),
  CONSTRAINT `leave_requests_ibfk_1` FOREIGN KEY (`employee_id`) REFERENCES `employees` (`id`) ON DELETE CASCADE,
  CONSTRAINT `leave_requests_ibfk_2` FOREIGN KEY (`leave_type_id`) REFERENCES `leave_types` (`id`)
) ENGINE=InnoDB DEFAULT CHARSET=utf8mb4 COLLATE=utf8mb4_general_ci;

-- --------------------------------------------------------
-- Table structure for table `leave_types`
-- --------------------------------------------------------
DROP TABLE IF EXISTS `leave_types`;
CREATE TABLE `leave_types` (
  `id` int(11) NOT NULL AUTO_INCREMENT,
  `name` varchar(50) NOT NULL,
  `allocation_per_year` int(11) DEFAULT 0,
  `created_at` timestamp NOT NULL DEFAULT current_timestamp(),
  PRIMARY KEY (`id`),
  UNIQUE KEY `name` (`name`)
) ENGINE=InnoDB AUTO_INCREMENT=6 DEFAULT CHARSET=utf8mb4 COLLATE=utf8mb4_general_ci;

-- Dumping data for table `leave_types`
INSERT INTO `leave_types` (`id`, `name`, `allocation_per_year`, `created_at`) VALUES
('1', 'Annual', '14', '2026-04-20 15:39:14'),
('2', 'Sick', '7', '2026-04-20 15:39:14'),
('3', 'Casual', '7', '2026-04-20 15:39:14'),
('4', 'Maternity', '84', '2026-04-20 15:39:14'),
('5', 'Paternity', '5', '2026-04-20 15:39:14');

-- --------------------------------------------------------
-- Table structure for table `locations`
-- --------------------------------------------------------
DROP TABLE IF EXISTS `locations`;
CREATE TABLE `locations` (
  `id` int(11) NOT NULL AUTO_INCREMENT,
  `city` varchar(255) NOT NULL,
  `postal_code` varchar(100) NOT NULL,
  `district` varchar(255) DEFAULT NULL,
  PRIMARY KEY (`id`),
  UNIQUE KEY `uq_city_postal` (`city`,`postal_code`)
) ENGINE=InnoDB AUTO_INCREMENT=79 DEFAULT CHARSET=utf8mb4 COLLATE=utf8mb4_general_ci;

-- --------------------------------------------------------
-- Table structure for table `logistics_categories`
-- --------------------------------------------------------
DROP TABLE IF EXISTS `logistics_categories`;
CREATE TABLE `logistics_categories` (
  `id` int(11) NOT NULL AUTO_INCREMENT,
  `name` varchar(100) NOT NULL,
  `description` text DEFAULT NULL,
  `created_at` timestamp NOT NULL DEFAULT current_timestamp(),
  PRIMARY KEY (`id`),
  UNIQUE KEY `name` (`name`)
) ENGINE=InnoDB AUTO_INCREMENT=5 DEFAULT CHARSET=utf8mb4 COLLATE=utf8mb4_general_ci;

-- Dumping data for table `logistics_categories`
INSERT INTO `logistics_categories` (`id`, `name`, `description`, `created_at`) VALUES
('1', 'Logistic', NULL, '2026-04-30 17:46:52'),
('2', 'Clearence', NULL, '2026-04-30 17:46:52'),
('3', 'Freight', NULL, '2026-04-30 17:46:52'),
('4', 'General', NULL, '2026-04-30 17:46:52');

-- --------------------------------------------------------
-- Table structure for table `logistics_factors`
-- --------------------------------------------------------
DROP TABLE IF EXISTS `logistics_factors`;
CREATE TABLE `logistics_factors` (
  `id` int(11) NOT NULL AUTO_INCREMENT,
  `name` varchar(100) NOT NULL,
  `type` varchar(50) DEFAULT 'General',
  `absorption_method` enum('Value','Quantity','Weight','Volume') DEFAULT 'Value',
  `is_active` tinyint(1) DEFAULT 1,
  `created_at` timestamp NOT NULL DEFAULT current_timestamp(),
  `updated_at` timestamp NOT NULL DEFAULT current_timestamp() ON UPDATE current_timestamp(),
  PRIMARY KEY (`id`)
) ENGINE=InnoDB AUTO_INCREMENT=29 DEFAULT CHARSET=utf8mb4 COLLATE=utf8mb4_general_ci;

-- Dumping data for table `logistics_factors`
INSERT INTO `logistics_factors` (`id`, `name`, `type`, `absorption_method`, `is_active`, `created_at`, `updated_at`) VALUES
('1', 'Local Transport to Port', 'Logistic', 'Value', '1', '2026-04-30 16:56:15', '2026-04-30 16:56:15'),
('2', 'Origin Terminal Handling', 'Logistic', 'Value', '1', '2026-04-30 16:56:15', '2026-04-30 16:56:15'),
('3', 'Export Customs Clearance', 'Clearence', 'Value', '1', '2026-04-30 16:56:15', '2026-04-30 16:56:15'),
('4', 'Main Freight', 'Freight', 'Value', '1', '2026-04-30 16:56:15', '2026-04-30 16:56:15'),
('5', 'Insurance', 'Freight', 'Value', '1', '2026-04-30 16:56:15', '2026-04-30 16:56:15'),
('6', 'Destination Terminal Handling', 'Logistic', 'Value', '1', '2026-04-30 16:56:15', '2026-04-30 16:56:15'),
('7', 'Inland Delivery', 'Logistic', 'Value', '1', '2026-04-30 16:56:15', '2026-04-30 16:56:15'),
('8', 'Import Duties & Taxes', 'Clearence', 'Value', '1', '2026-04-30 16:56:15', '2026-04-30 16:56:15'),
('9', 'Packaging & Loading', 'Logistic', 'Value', '1', '2026-04-30 16:56:15', '2026-04-30 16:56:15'),
('10', 'Local Transport', 'Logistic', 'Value', '1', '2026-04-30 20:59:52', '2026-04-30 20:59:52'),
('11', 'Port Handling', 'Logistic', 'Value', '1', '2026-04-30 20:59:52', '2026-04-30 20:59:52'),
('12', 'Customs Clearance', 'Clearence', 'Value', '1', '2026-04-30 20:59:52', '2026-04-30 20:59:52'),
('13', 'Ocean Freight', 'Freight', 'Value', '1', '2026-04-30 20:59:52', '2026-04-30 20:59:52'),
('14', 'Air Freight', 'Freight', 'Value', '1', '2026-04-30 20:59:52', '2026-04-30 20:59:52'),
('15', 'Insurance', 'General', 'Value', '1', '2026-04-30 20:59:52', '2026-04-30 20:59:52'),
('16', 'Documentation', 'General', 'Value', '1', '2026-04-30 20:59:52', '2026-04-30 20:59:52'),
('17', 'Local Transport (Origin)', 'Logistic', 'Value', '1', '2026-04-30 21:12:12', '2026-04-30 21:12:12'),
('18', 'Origin Terminal Handling (THC-O)', 'Logistic', 'Value', '1', '2026-04-30 21:12:12', '2026-04-30 21:12:12'),
('19', 'Export Customs Clearance', 'Clearence', 'Value', '1', '2026-04-30 21:12:12', '2026-04-30 21:12:12'),
('20', 'Export Documentation & BL', 'General', 'Value', '1', '2026-04-30 21:12:12', '2026-04-30 21:12:12'),
('21', 'Main Freight (Ocean/Air)', 'Freight', 'Value', '1', '2026-04-30 21:12:12', '2026-04-30 21:12:12'),
('22', 'Marine Insurance', 'General', 'Value', '1', '2026-04-30 21:12:12', '2026-04-30 21:12:12'),
('23', 'Destination Terminal Handling (THC-D)', 'Logistic', 'Value', '1', '2026-04-30 21:12:12', '2026-04-30 21:12:12'),
('24', 'Import Customs Clearance', 'Clearence', 'Value', '1', '2026-04-30 21:12:12', '2026-04-30 21:12:12'),
('25', 'Import Duties & Taxes', 'Clearence', 'Value', '1', '2026-04-30 21:12:12', '2026-04-30 21:12:12'),
('26', 'Local Delivery (Destination)', 'Logistic', 'Value', '1', '2026-04-30 21:12:12', '2026-04-30 21:12:12'),
('27', 'Unloading Charges', 'Logistic', 'Value', '1', '2026-04-30 21:12:12', '2026-04-30 21:12:12'),
('28', 'Tea Board Levy', 'General', 'Quantity', '1', '2026-05-01 19:19:23', '2026-05-01 19:29:20');

-- --------------------------------------------------------
-- Table structure for table `marketing_media`
-- --------------------------------------------------------
DROP TABLE IF EXISTS `marketing_media`;
CREATE TABLE `marketing_media` (
  `id` int(11) NOT NULL AUTO_INCREMENT,
  `filename` varchar(255) NOT NULL,
  `url` varchar(500) NOT NULL,
  `created_at` timestamp NOT NULL DEFAULT current_timestamp(),
  PRIMARY KEY (`id`)
) ENGINE=InnoDB AUTO_INCREMENT=3 DEFAULT CHARSET=utf8mb4 COLLATE=utf8mb4_general_ci;

-- --------------------------------------------------------
-- Table structure for table `online_order_items`
-- --------------------------------------------------------
DROP TABLE IF EXISTS `online_order_items`;
CREATE TABLE `online_order_items` (
  `id` int(11) NOT NULL AUTO_INCREMENT,
  `order_id` int(11) NOT NULL,
  `item_id` int(11) NOT NULL,
  `description` varchar(255) DEFAULT NULL,
  `quantity` decimal(15,4) NOT NULL DEFAULT 1.0000,
  `unit_price` decimal(15,2) NOT NULL DEFAULT 0.00,
  `discount` decimal(15,2) NOT NULL DEFAULT 0.00,
  `line_total` decimal(15,2) NOT NULL DEFAULT 0.00,
  PRIMARY KEY (`id`),
  KEY `order_id` (`order_id`),
  KEY `item_id` (`item_id`),
  CONSTRAINT `online_order_items_ibfk_1` FOREIGN KEY (`order_id`) REFERENCES `online_orders` (`id`) ON DELETE CASCADE,
  CONSTRAINT `online_order_items_ibfk_2` FOREIGN KEY (`item_id`) REFERENCES `parts` (`id`) ON DELETE CASCADE
) ENGINE=InnoDB AUTO_INCREMENT=57 DEFAULT CHARSET=utf8mb4 COLLATE=utf8mb4_general_ci;

-- --------------------------------------------------------
-- Table structure for table `online_orders`
-- --------------------------------------------------------
DROP TABLE IF EXISTS `online_orders`;
CREATE TABLE `online_orders` (
  `id` int(11) NOT NULL AUTO_INCREMENT,
  `order_no` varchar(50) NOT NULL,
  `location_id` int(11) NOT NULL DEFAULT 1,
  `customer_id` int(11) DEFAULT NULL,
  `customer_details_json` text DEFAULT NULL,
  `shipping_address` text DEFAULT NULL,
  `billing_address` text DEFAULT NULL,
  `subtotal_amount` decimal(15,2) NOT NULL DEFAULT 0.00,
  `tax_total` decimal(15,2) NOT NULL DEFAULT 0.00,
  `tax_details_json` text DEFAULT NULL,
  `total_amount` decimal(15,2) NOT NULL DEFAULT 0.00,
  `shipping_fee` decimal(15,2) NOT NULL DEFAULT 0.00,
  `shipping_zone_id` int(11) DEFAULT NULL,
  `district_id` int(11) DEFAULT NULL,
  `payment_method` varchar(20) NOT NULL DEFAULT 'COD',
  `payment_status` enum('Pending','Paid','Failed') NOT NULL DEFAULT 'Pending',
  `order_status` enum('Pending','Processing','Shipped','Completed','Cancelled') NOT NULL DEFAULT 'Pending',
  `shipping_carrier` varchar(100) DEFAULT NULL,
  `tracking_no` varchar(100) DEFAULT NULL,
  `payhere_id` varchar(100) DEFAULT NULL,
  `payment_slip` varchar(255) DEFAULT NULL,
  `coupon_code` varchar(50) DEFAULT NULL,
  `coupon_discount` decimal(15,2) NOT NULL DEFAULT 0.00,
  `invoice_id` int(11) DEFAULT NULL,
  `created_at` timestamp NOT NULL DEFAULT current_timestamp(),
  `updated_at` timestamp NOT NULL DEFAULT current_timestamp() ON UPDATE current_timestamp(),
  PRIMARY KEY (`id`),
  UNIQUE KEY `order_no` (`order_no`),
  KEY `location_id` (`location_id`),
  KEY `customer_id` (`customer_id`),
  KEY `invoice_id` (`invoice_id`),
  KEY `shipping_zone_id` (`shipping_zone_id`),
  KEY `district_id` (`district_id`),
  CONSTRAINT `online_orders_ibfk_1` FOREIGN KEY (`location_id`) REFERENCES `service_locations` (`id`),
  CONSTRAINT `online_orders_ibfk_2` FOREIGN KEY (`customer_id`) REFERENCES `customers` (`id`) ON DELETE SET NULL,
  CONSTRAINT `online_orders_ibfk_3` FOREIGN KEY (`invoice_id`) REFERENCES `invoices` (`id`) ON DELETE SET NULL,
  CONSTRAINT `online_orders_ibfk_4` FOREIGN KEY (`shipping_zone_id`) REFERENCES `shipping_zones` (`id`) ON DELETE SET NULL,
  CONSTRAINT `online_orders_ibfk_5` FOREIGN KEY (`district_id`) REFERENCES `districts` (`id`) ON DELETE SET NULL
) ENGINE=InnoDB AUTO_INCREMENT=51 DEFAULT CHARSET=utf8mb4 COLLATE=utf8mb4_general_ci;

-- --------------------------------------------------------
-- Table structure for table `order_parts`
-- --------------------------------------------------------
DROP TABLE IF EXISTS `order_parts`;
CREATE TABLE `order_parts` (
  `id` int(11) NOT NULL AUTO_INCREMENT,
  `order_id` int(11) DEFAULT NULL,
  `part_id` int(11) DEFAULT NULL,
  `batch_id` int(11) DEFAULT NULL,
  `quantity` int(11) NOT NULL,
  `created_by` int(11) DEFAULT NULL,
  `updated_by` int(11) DEFAULT NULL,
  `created_at` timestamp NOT NULL DEFAULT current_timestamp(),
  `updated_at` timestamp NOT NULL DEFAULT current_timestamp() ON UPDATE current_timestamp(),
  `unit_cost` decimal(10,2) DEFAULT NULL,
  `unit_price` decimal(10,2) DEFAULT NULL,
  `line_total` decimal(10,2) DEFAULT NULL,
  PRIMARY KEY (`id`),
  KEY `idx_order_parts_order` (`order_id`),
  KEY `idx_order_parts_part` (`part_id`),
  CONSTRAINT `order_parts_ibfk_1` FOREIGN KEY (`order_id`) REFERENCES `repair_orders` (`id`),
  CONSTRAINT `order_parts_ibfk_2` FOREIGN KEY (`part_id`) REFERENCES `parts` (`id`)
) ENGINE=InnoDB AUTO_INCREMENT=7 DEFAULT CHARSET=utf8mb4 COLLATE=utf8mb4_general_ci;

-- --------------------------------------------------------
-- Table structure for table `part_attribute_groups`
-- --------------------------------------------------------
DROP TABLE IF EXISTS `part_attribute_groups`;
CREATE TABLE `part_attribute_groups` (
  `id` int(11) NOT NULL AUTO_INCREMENT,
  `part_id` int(11) NOT NULL,
  `group_id` int(11) NOT NULL,
  `created_at` timestamp NOT NULL DEFAULT current_timestamp(),
  PRIMARY KEY (`id`),
  UNIQUE KEY `uq_part_group` (`part_id`,`group_id`),
  KEY `group_id` (`group_id`),
  CONSTRAINT `part_attribute_groups_ibfk_1` FOREIGN KEY (`part_id`) REFERENCES `parts` (`id`) ON DELETE CASCADE,
  CONSTRAINT `part_attribute_groups_ibfk_2` FOREIGN KEY (`group_id`) REFERENCES `attribute_groups` (`id`) ON DELETE CASCADE
) ENGINE=InnoDB AUTO_INCREMENT=5 DEFAULT CHARSET=utf8mb4 COLLATE=utf8mb4_general_ci;

-- --------------------------------------------------------
-- Table structure for table `part_attribute_values`
-- --------------------------------------------------------
DROP TABLE IF EXISTS `part_attribute_values`;
CREATE TABLE `part_attribute_values` (
  `id` int(11) NOT NULL AUTO_INCREMENT,
  `part_id` int(11) NOT NULL,
  `attribute_id` int(11) NOT NULL,
  `value` text DEFAULT NULL,
  `updated_at` timestamp NOT NULL DEFAULT current_timestamp() ON UPDATE current_timestamp(),
  PRIMARY KEY (`id`),
  UNIQUE KEY `uq_part_attr` (`part_id`,`attribute_id`),
  KEY `attribute_id` (`attribute_id`),
  CONSTRAINT `part_attribute_values_ibfk_1` FOREIGN KEY (`part_id`) REFERENCES `parts` (`id`) ON DELETE CASCADE,
  CONSTRAINT `part_attribute_values_ibfk_2` FOREIGN KEY (`attribute_id`) REFERENCES `attributes` (`id`) ON DELETE CASCADE
) ENGINE=InnoDB AUTO_INCREMENT=84 DEFAULT CHARSET=utf8mb4 COLLATE=utf8mb4_general_ci;

-- --------------------------------------------------------
-- Table structure for table `part_images`
-- --------------------------------------------------------
DROP TABLE IF EXISTS `part_images`;
CREATE TABLE `part_images` (
  `id` int(11) NOT NULL AUTO_INCREMENT,
  `part_id` int(11) NOT NULL,
  `filename` varchar(255) NOT NULL,
  `label` varchar(100) DEFAULT NULL,
  `sort_order` int(11) NOT NULL DEFAULT 0,
  `created_at` timestamp NOT NULL DEFAULT current_timestamp(),
  PRIMARY KEY (`id`),
  KEY `part_id` (`part_id`),
  CONSTRAINT `part_images_ibfk_1` FOREIGN KEY (`part_id`) REFERENCES `parts` (`id`) ON DELETE CASCADE
) ENGINE=InnoDB AUTO_INCREMENT=7 DEFAULT CHARSET=utf8mb4 COLLATE=utf8mb4_general_ci;

-- --------------------------------------------------------
-- Table structure for table `part_suppliers`
-- --------------------------------------------------------
DROP TABLE IF EXISTS `part_suppliers`;
CREATE TABLE `part_suppliers` (
  `id` int(11) NOT NULL AUTO_INCREMENT,
  `part_id` int(11) NOT NULL,
  `supplier_id` int(11) NOT NULL,
  `created_by` int(11) DEFAULT NULL,
  `created_at` timestamp NOT NULL DEFAULT current_timestamp(),
  PRIMARY KEY (`id`),
  UNIQUE KEY `uq_part_sup` (`part_id`,`supplier_id`),
  KEY `idx_part_sup_part` (`part_id`),
  KEY `idx_part_sup_supplier` (`supplier_id`),
  CONSTRAINT `fk_part_sup_part` FOREIGN KEY (`part_id`) REFERENCES `parts` (`id`) ON DELETE CASCADE,
  CONSTRAINT `fk_part_sup_supplier` FOREIGN KEY (`supplier_id`) REFERENCES `suppliers` (`id`)
) ENGINE=InnoDB AUTO_INCREMENT=37 DEFAULT CHARSET=utf8mb4 COLLATE=utf8mb4_general_ci;

-- --------------------------------------------------------
-- Table structure for table `parts`
-- --------------------------------------------------------
DROP TABLE IF EXISTS `parts`;
CREATE TABLE `parts` (
  `id` int(11) NOT NULL AUTO_INCREMENT,
  `part_name` varchar(255) NOT NULL,
  `stock_quantity` decimal(12,3) NOT NULL DEFAULT 0.000,
  `price` decimal(10,2) NOT NULL,
  `created_by` int(11) DEFAULT NULL,
  `updated_by` int(11) DEFAULT NULL,
  `created_at` timestamp NOT NULL DEFAULT current_timestamp(),
  `updated_at` timestamp NOT NULL DEFAULT current_timestamp() ON UPDATE current_timestamp(),
  `sku` varchar(64) DEFAULT NULL,
  `unit` varchar(32) DEFAULT NULL,
  `cost_price` decimal(10,2) DEFAULT NULL,
  `reorder_level` int(11) DEFAULT NULL,
  `is_active` tinyint(1) NOT NULL DEFAULT 1,
  `image_filename` varchar(255) DEFAULT NULL,
  `part_number` varchar(64) DEFAULT NULL,
  `barcode_number` varchar(64) DEFAULT NULL,
  `brand_id` int(11) DEFAULT NULL,
  `item_type` enum('Part','Service') NOT NULL DEFAULT 'Part',
  `is_fifo` tinyint(1) NOT NULL DEFAULT 0,
  `is_expiry` tinyint(1) NOT NULL DEFAULT 0,
  `recipe_type` enum('Standard','A La Carte','Recipe','Buffet') NOT NULL DEFAULT 'Standard',
  `default_location_id` int(11) DEFAULT NULL,
  `allowed_locations` text DEFAULT NULL,
  `wholesale_price` decimal(10,2) DEFAULT NULL,
  `min_selling_price` decimal(10,2) DEFAULT NULL,
  `price_2` decimal(10,2) DEFAULT NULL,
  `net_weight_kg` decimal(10,3) DEFAULT 0.000,
  `gross_weight_kg` decimal(10,3) DEFAULT 0.000,
  `units_per_carton` int(11) DEFAULT 1,
  `carton_length_cm` decimal(10,2) DEFAULT 0.00,
  `carton_width_cm` decimal(10,2) DEFAULT 0.00,
  `carton_height_cm` decimal(10,2) DEFAULT 0.00,
  `carton_tare_weight_kg` decimal(10,3) DEFAULT 0.000,
  `packing_type` varchar(50) DEFAULT 'Carton',
  `hs_code` varchar(32) DEFAULT NULL,
  `volume_cbm` decimal(15,6) DEFAULT 0.000000,
  `is_online` tinyint(1) NOT NULL DEFAULT 1,
  `public_description` text DEFAULT NULL,
  `out_of_stock` tinyint(1) NOT NULL DEFAULT 0,
  `item_section_id` int(11) DEFAULT NULL,
  `item_department_id` int(11) DEFAULT NULL,
  `item_category_id` int(11) DEFAULT NULL,
  `discount_type` enum('None','Percentage','Fixed') DEFAULT 'None',
  `discount_value` decimal(10,2) DEFAULT 0.00,
  `slug` varchar(255) DEFAULT NULL,
  PRIMARY KEY (`id`),
  UNIQUE KEY `uq_parts_sku` (`sku`),
  UNIQUE KEY `uq_parts_slug` (`slug`),
  KEY `idx_parts_brand` (`brand_id`),
  KEY `idx_parts_section` (`item_section_id`),
  KEY `idx_parts_dept` (`item_department_id`),
  KEY `idx_parts_cat` (`item_category_id`)
) ENGINE=InnoDB AUTO_INCREMENT=9 DEFAULT CHARSET=utf8mb4 COLLATE=utf8mb4_general_ci;

-- --------------------------------------------------------
-- Table structure for table `parts_collections`
-- --------------------------------------------------------
DROP TABLE IF EXISTS `parts_collections`;
CREATE TABLE `parts_collections` (
  `id` int(11) NOT NULL AUTO_INCREMENT,
  `part_id` int(11) NOT NULL,
  `collection_id` int(11) NOT NULL,
  `created_at` timestamp NOT NULL DEFAULT current_timestamp(),
  PRIMARY KEY (`id`),
  UNIQUE KEY `uq_part_collection` (`part_id`,`collection_id`),
  KEY `idx_pc_part` (`part_id`),
  KEY `idx_pc_collection` (`collection_id`),
  CONSTRAINT `parts_collections_ibfk_1` FOREIGN KEY (`part_id`) REFERENCES `parts` (`id`) ON DELETE CASCADE,
  CONSTRAINT `parts_collections_ibfk_2` FOREIGN KEY (`collection_id`) REFERENCES `collections` (`id`) ON DELETE CASCADE
) ENGINE=InnoDB AUTO_INCREMENT=22 DEFAULT CHARSET=utf8mb4 COLLATE=utf8mb4_general_ci;

-- --------------------------------------------------------
-- Table structure for table `payment_notifications`
-- --------------------------------------------------------
DROP TABLE IF EXISTS `payment_notifications`;
CREATE TABLE `payment_notifications` (
  `id` int(11) NOT NULL AUTO_INCREMENT,
  `gateway` varchar(50) NOT NULL,
  `order_id` varchar(50) DEFAULT NULL,
  `payment_id` varchar(100) DEFAULT NULL,
  `status_code` varchar(20) DEFAULT NULL,
  `amount` decimal(15,2) DEFAULT NULL,
  `currency` varchar(10) DEFAULT NULL,
  `raw_data` text NOT NULL,
  `validation_status` tinyint(1) DEFAULT 0,
  `created_at` timestamp NOT NULL DEFAULT current_timestamp(),
  PRIMARY KEY (`id`)
) ENGINE=InnoDB AUTO_INCREMENT=7 DEFAULT CHARSET=utf8mb4 COLLATE=utf8mb4_general_ci;

-- --------------------------------------------------------
-- Table structure for table `payment_receipts`
-- --------------------------------------------------------
DROP TABLE IF EXISTS `payment_receipts`;
CREATE TABLE `payment_receipts` (
  `id` int(11) NOT NULL AUTO_INCREMENT,
  `receipt_no` varchar(30) NOT NULL,
  `invoice_id` int(11) NOT NULL,
  `invoice_no` varchar(30) NOT NULL DEFAULT '',
  `customer_id` int(11) NOT NULL,
  `customer_name` varchar(150) NOT NULL DEFAULT '',
  `location_id` int(11) NOT NULL DEFAULT 1,
  `amount` decimal(12,2) NOT NULL,
  `payment_method` varchar(50) NOT NULL DEFAULT 'Cash',
  `reference_no` varchar(100) DEFAULT NULL,
  `payment_date` date NOT NULL,
  `notes` text DEFAULT NULL,
  `card_type` varchar(20) DEFAULT NULL,
  `card_last4` varchar(4) DEFAULT NULL,
  `card_auth_code` varchar(50) DEFAULT NULL,
  `bank_id` int(11) DEFAULT NULL,
  `card_category` varchar(20) DEFAULT NULL,
  `created_by` int(11) DEFAULT NULL,
  `created_at` timestamp NOT NULL DEFAULT current_timestamp(),
  `status` enum('Received','Cancelled') NOT NULL DEFAULT 'Received',
  `cancelled_at` datetime DEFAULT NULL,
  `cancelled_by` int(11) DEFAULT NULL,
  `cancellation_reason` text DEFAULT NULL,
  PRIMARY KEY (`id`),
  UNIQUE KEY `receipt_no` (`receipt_no`),
  KEY `idx_pr_invoice` (`invoice_id`),
  KEY `idx_pr_customer` (`customer_id`),
  KEY `idx_pr_date` (`payment_date`),
  KEY `idx_pr_location` (`location_id`)
) ENGINE=InnoDB AUTO_INCREMENT=100 DEFAULT CHARSET=utf8mb4 COLLATE=utf8mb4_general_ci;

-- --------------------------------------------------------
-- Table structure for table `payroll`
-- --------------------------------------------------------
DROP TABLE IF EXISTS `payroll`;
CREATE TABLE `payroll` (
  `id` int(11) NOT NULL AUTO_INCREMENT,
  `employee_id` int(11) NOT NULL,
  `month` int(11) NOT NULL,
  `year` int(11) NOT NULL,
  `basic_salary` decimal(15,2) NOT NULL,
  `allowances` decimal(15,2) DEFAULT 0.00,
  `deductions` decimal(15,2) DEFAULT 0.00,
  `net_salary` decimal(15,2) NOT NULL,
  `breakdown` longtext DEFAULT NULL,
  `status` enum('Draft','Approved','Paid') DEFAULT 'Draft',
  `paid_at` datetime DEFAULT NULL,
  `created_by` int(11) DEFAULT NULL,
  `created_at` timestamp NOT NULL DEFAULT current_timestamp(),
  `updated_at` timestamp NOT NULL DEFAULT current_timestamp() ON UPDATE current_timestamp(),
  PRIMARY KEY (`id`),
  UNIQUE KEY `uq_payroll_emp_month` (`employee_id`,`month`,`year`),
  KEY `idx_payroll_date` (`month`,`year`),
  CONSTRAINT `payroll_ibfk_1` FOREIGN KEY (`employee_id`) REFERENCES `employees` (`id`) ON DELETE CASCADE
) ENGINE=InnoDB DEFAULT CHARSET=utf8mb4 COLLATE=utf8mb4_general_ci;

-- --------------------------------------------------------
-- Table structure for table `permissions`
-- --------------------------------------------------------
DROP TABLE IF EXISTS `permissions`;
CREATE TABLE `permissions` (
  `id` int(11) NOT NULL AUTO_INCREMENT,
  `perm_key` varchar(100) NOT NULL,
  `description` varchar(255) DEFAULT NULL,
  `created_at` timestamp NOT NULL DEFAULT current_timestamp(),
  PRIMARY KEY (`id`),
  UNIQUE KEY `perm_key` (`perm_key`)
) ENGINE=InnoDB AUTO_INCREMENT=73877 DEFAULT CHARSET=utf8mb4 COLLATE=utf8mb4_general_ci;

-- Dumping data for table `permissions`
INSERT INTO `permissions` (`id`, `perm_key`, `description`, `created_at`) VALUES
('1', 'orders.read', 'View repair orders', '2026-04-08 14:26:45'),
('2', 'orders.write', 'Create/update repair orders', '2026-04-08 14:26:45'),
('3', 'vehicles.read', 'View vehicles', '2026-04-08 14:26:45'),
('4', 'vehicles.write', 'Create/update/delete vehicles', '2026-04-08 14:26:45'),
('5', 'bays.read', 'View service bays', '2026-04-08 14:26:45'),
('6', 'bays.write', 'Create/update/delete bays and update status', '2026-04-08 14:26:45'),
('7', 'technicians.read', 'View technicians', '2026-04-08 14:26:45'),
('8', 'technicians.write', 'Create/update/delete technicians', '2026-04-08 14:26:45'),
('9', 'makes.read', 'View vehicle makes', '2026-04-08 14:26:45'),
('10', 'makes.write', 'Create/update/delete vehicle makes', '2026-04-08 14:26:45'),
('11', 'models.read', 'View vehicle models', '2026-04-08 14:26:45'),
('12', 'models.write', 'Create/update/delete vehicle models', '2026-04-08 14:26:45'),
('13', 'categories.read', 'View repair categories', '2026-04-08 14:26:45'),
('14', 'categories.write', 'Create/update/delete repair categories', '2026-04-08 14:26:45'),
('15', 'checklists.read', 'View checklist items', '2026-04-08 14:26:45'),
('16', 'checklists.write', 'Create/update/delete checklist items', '2026-04-08 14:26:45'),
('17', 'reports.read', 'View reports', '2026-04-08 14:26:45'),
('18', 'locations.read', 'View service center locations', '2026-04-08 16:58:55'),
('19', 'locations.write', 'Create/update/delete service center locations', '2026-04-08 16:58:55'),
('20', 'departments.read', 'View departments', '2026-04-08 16:58:55'),
('21', 'departments.write', 'Create/update/delete departments', '2026-04-08 16:58:55'),
('22', 'company.write', 'Update company details', '2026-04-08 16:58:55'),
('24', 'parts.read', 'View item master (parts)', '2026-04-08 21:12:01'),
('25', 'parts.write', 'Create/update/delete item master (parts)', '2026-04-08 21:12:01'),
('26', 'suppliers.read', 'View suppliers', '2026-04-08 21:12:01'),
('27', 'suppliers.write', 'Create/update/delete suppliers', '2026-04-08 21:12:01'),
('28', 'purchase.read', 'View purchase orders', '2026-04-08 21:12:01'),
('29', 'purchase.write', 'Create/update/delete purchase orders', '2026-04-08 21:12:01'),
('30', 'grn.read', 'View goods receive notes', '2026-04-08 21:12:01'),
('31', 'grn.write', 'Create/update goods receive notes', '2026-04-08 21:12:01'),
('32', 'stock.read', 'View stock movements and balances', '2026-04-08 21:12:01'),
('33', 'stock.adjust', 'Adjust stock quantity', '2026-04-08 21:12:01'),
('454', 'units.read', 'View units', '2026-04-08 21:27:09'),
('455', 'units.write', 'Create/update/delete units', '2026-04-08 21:27:09'),
('3198', 'brands.read', 'View brands', '2026-04-09 09:56:14'),
('3199', 'brands.write', 'Create/update/delete brands', '2026-04-09 09:56:14'),
('6660', 'transfer.read', 'View stock transfer requests', '2026-04-09 13:41:31'),
('6661', 'transfer.write', 'Create/update stock transfer requests', '2026-04-09 13:41:31'),
('11394', 'taxes.read', 'View taxes master', '2026-04-09 15:41:11'),
('11395', 'taxes.write', 'Create/update/delete taxes master', '2026-04-09 15:41:11'),
('13799', 'customers.read', 'View customers', '2026-04-15 16:29:55'),
('13800', 'customers.write', 'Create/update/delete customers', '2026-04-15 16:29:55'),
('13923', 'invoices.read', 'View invoices', '2026-04-15 18:23:48'),
('13924', 'invoices.write', 'Manage invoices', '2026-04-15 18:23:48'),
('17529', 'banks.read', 'View bank master data', '2026-04-17 12:29:34'),
('17530', 'banks.write', 'Create/update/delete banks and branches', '2026-04-17 12:29:34'),
('17551', 'production.read', 'View BOMs and Production Orders', '2026-04-18 23:25:57'),
('17552', 'production.write', 'Create/update BOMs and Production Orders', '2026-04-18 23:25:57'),
('17603', 'hrm.read', 'View HRM records', '2026-04-20 15:39:15'),
('17604', 'hrm.write', 'Manage employees and HR settings', '2026-04-20 15:39:15'),
('17605', 'attendance.write', 'Mark/edit attendance', '2026-04-20 15:39:15'),
('17606', 'leave.write', 'Manage leave requests', '2026-04-20 15:39:15'),
('17607', 'payroll.write', 'Process payroll', '2026-04-20 15:39:15'),
('20111', 'sales.read', 'View sales quotations', '2026-04-28 19:39:49'),
('20112', 'sales.create', 'Create sales quotations', '2026-04-28 19:39:49'),
('20113', 'sales.update', 'Update sales quotations', '2026-04-28 19:39:49'),
('23541', 'banquet.read', 'View banquet bookings', '2026-04-29 15:41:32'),
('23542', 'banquet.write', 'Manage banquet bookings', '2026-04-29 15:41:32'),
('23780', 'banquet.menu', 'Manage banquet menus', '2026-04-29 16:35:39'),
('26993', 'shipping.manage', 'Manage shipping providers and rates', '2026-04-30 13:10:50'),
('27492', 'costing.manage', 'Manage shipping costing templates', '2026-04-30 13:30:01'),
('44768', 'crm.inquiries.view', 'View CRM inquiries', '2026-05-02 11:28:46'),
('44769', 'crm.inquiries.manage', 'Create and manage CRM inquiries', '2026-05-02 11:28:46'),
('44770', 'crm.inquiries.delete', 'Delete CRM inquiries', '2026-05-02 11:28:46'),
('66824', 'invoices.recurring.read', 'View recurring invoices', '2026-05-02 23:52:37'),
('66825', 'invoices.recurring.write', 'Manage recurring invoices', '2026-05-02 23:52:37'),
('71095', 'ecommerce.read', 'View e-commerce settings and orders', '2026-05-08 00:30:50'),
('71096', 'ecommerce.write', 'Manage storefront, menus and e-com settings', '2026-05-08 00:30:50'),
('71311', 'reviews.manage', 'Manage product reviews and approvals', '2026-05-08 21:33:04'),
('71828', 'promotions.read', 'View promotions and coupons', '2026-05-15 20:45:45'),
('71829', 'promotions.write', 'Manage promotions and coupons', '2026-05-15 20:45:45');

-- --------------------------------------------------------
-- Table structure for table `pos_held_order_items`
-- --------------------------------------------------------
DROP TABLE IF EXISTS `pos_held_order_items`;
CREATE TABLE `pos_held_order_items` (
  `id` int(11) NOT NULL AUTO_INCREMENT,
  `held_order_id` int(11) NOT NULL,
  `item_id` int(11) NOT NULL,
  `description` varchar(255) NOT NULL,
  `item_type` enum('Part','Service','Other') DEFAULT 'Part',
  `quantity` decimal(12,3) NOT NULL DEFAULT 1.000,
  `unit_price` decimal(10,2) NOT NULL DEFAULT 0.00,
  `discount` decimal(10,2) NOT NULL DEFAULT 0.00,
  `line_total` decimal(10,2) NOT NULL DEFAULT 0.00,
  `is_kot_printed` tinyint(1) NOT NULL DEFAULT 0,
  PRIMARY KEY (`id`),
  KEY `idx_phoi_order` (`held_order_id`),
  KEY `idx_phoi_item` (`item_id`),
  CONSTRAINT `pos_held_order_items_ibfk_1` FOREIGN KEY (`held_order_id`) REFERENCES `pos_held_orders` (`id`) ON DELETE CASCADE
) ENGINE=InnoDB AUTO_INCREMENT=15 DEFAULT CHARSET=utf8mb4 COLLATE=utf8mb4_general_ci;

-- --------------------------------------------------------
-- Table structure for table `pos_held_orders`
-- --------------------------------------------------------
DROP TABLE IF EXISTS `pos_held_orders`;
CREATE TABLE `pos_held_orders` (
  `id` int(11) NOT NULL AUTO_INCREMENT,
  `location_id` int(11) NOT NULL,
  `customer_id` int(11) NOT NULL,
  `order_type` enum('dine_in','take_away','retail') DEFAULT 'retail',
  `table_id` int(11) DEFAULT NULL,
  `steward_id` int(11) DEFAULT NULL,
  `subtotal` decimal(10,2) NOT NULL DEFAULT 0.00,
  `tax_total` decimal(10,2) NOT NULL DEFAULT 0.00,
  `discount_total` decimal(10,2) NOT NULL DEFAULT 0.00,
  `grand_total` decimal(10,2) NOT NULL DEFAULT 0.00,
  `status` enum('pending','completed','cancelled') DEFAULT 'pending',
  `notes` text DEFAULT NULL,
  `created_by` int(11) DEFAULT NULL,
  `updated_by` int(11) DEFAULT NULL,
  `created_at` timestamp NOT NULL DEFAULT current_timestamp(),
  `updated_at` timestamp NOT NULL DEFAULT current_timestamp() ON UPDATE current_timestamp(),
  PRIMARY KEY (`id`),
  KEY `idx_pho_location` (`location_id`),
  KEY `idx_pho_status` (`status`)
) ENGINE=InnoDB AUTO_INCREMENT=9 DEFAULT CHARSET=utf8mb4 COLLATE=utf8mb4_general_ci;

-- --------------------------------------------------------
-- Table structure for table `printer_settings`
-- --------------------------------------------------------
DROP TABLE IF EXISTS `printer_settings`;
CREATE TABLE `printer_settings` (
  `id` int(11) NOT NULL AUTO_INCREMENT,
  `location_id` int(11) DEFAULT NULL,
  `printer_type` varchar(50) DEFAULT NULL,
  `printer_name` varchar(255) DEFAULT NULL,
  `paper_width` varchar(20) DEFAULT '80mm',
  `created_at` timestamp NOT NULL DEFAULT current_timestamp(),
  `updated_at` timestamp NOT NULL DEFAULT current_timestamp() ON UPDATE current_timestamp(),
  PRIMARY KEY (`id`),
  UNIQUE KEY `uq_location_printer_type` (`location_id`,`printer_type`)
) ENGINE=InnoDB AUTO_INCREMENT=6 DEFAULT CHARSET=utf8mb4 COLLATE=utf8mb4_general_ci;

-- Dumping data for table `printer_settings`
INSERT INTO `printer_settings` (`id`, `location_id`, `printer_type`, `printer_name`, `paper_width`, `created_at`, `updated_at`) VALUES
('1', '1', 'Receipt', 'Microsoft Print to PDF', '80mm', '2026-05-15 21:46:37', '2026-05-15 23:43:04'),
('2', '1', 'KOT', 'KOT-Printer', '80mm', '2026-05-15 21:46:37', '2026-05-15 21:46:37'),
('3', '1', 'Bar', 'XP-80C', '80mm', '2026-05-15 21:46:37', '2026-05-15 21:46:37'),
('4', '1', 'Label', 'Microsoft Print to PDF', '80mm', '2026-05-15 21:46:37', '2026-05-15 21:46:37'),
('5', '1', 'PrintingMode', 'Browser', '80mm', '2026-05-16 00:10:12', '2026-05-21 00:20:48');

-- --------------------------------------------------------
-- Table structure for table `product_review_images`
-- --------------------------------------------------------
DROP TABLE IF EXISTS `product_review_images`;
CREATE TABLE `product_review_images` (
  `id` int(11) NOT NULL AUTO_INCREMENT,
  `review_id` int(11) NOT NULL,
  `image_path` varchar(255) NOT NULL,
  `created_at` timestamp NOT NULL DEFAULT current_timestamp(),
  PRIMARY KEY (`id`),
  KEY `review_id` (`review_id`),
  CONSTRAINT `product_review_images_ibfk_1` FOREIGN KEY (`review_id`) REFERENCES `product_reviews` (`id`) ON DELETE CASCADE
) ENGINE=InnoDB DEFAULT CHARSET=utf8mb4 COLLATE=utf8mb4_general_ci;

-- --------------------------------------------------------
-- Table structure for table `product_reviews`
-- --------------------------------------------------------
DROP TABLE IF EXISTS `product_reviews`;
CREATE TABLE `product_reviews` (
  `id` int(11) NOT NULL AUTO_INCREMENT,
  `part_id` int(11) NOT NULL,
  `customer_id` int(11) NOT NULL,
  `rating` int(11) NOT NULL CHECK (`rating` >= 1 and `rating` <= 5),
  `comment` text DEFAULT NULL,
  `admin_reply` text DEFAULT NULL,
  `status` enum('Pending','Approved','Rejected') DEFAULT 'Pending',
  `replied_at` timestamp NULL DEFAULT NULL,
  `created_at` timestamp NOT NULL DEFAULT current_timestamp(),
  `updated_at` timestamp NOT NULL DEFAULT current_timestamp() ON UPDATE current_timestamp(),
  PRIMARY KEY (`id`),
  KEY `part_id` (`part_id`),
  KEY `customer_id` (`customer_id`),
  CONSTRAINT `product_reviews_ibfk_1` FOREIGN KEY (`part_id`) REFERENCES `parts` (`id`) ON DELETE CASCADE,
  CONSTRAINT `product_reviews_ibfk_2` FOREIGN KEY (`customer_id`) REFERENCES `customers` (`id`) ON DELETE CASCADE
) ENGINE=InnoDB AUTO_INCREMENT=2 DEFAULT CHARSET=utf8mb4 COLLATE=utf8mb4_general_ci;

-- --------------------------------------------------------
-- Table structure for table `production_bom_items`
-- --------------------------------------------------------
DROP TABLE IF EXISTS `production_bom_items`;
CREATE TABLE `production_bom_items` (
  `id` int(11) NOT NULL AUTO_INCREMENT,
  `bom_id` int(11) NOT NULL,
  `part_id` int(11) NOT NULL,
  `qty` decimal(15,3) NOT NULL,
  `notes` text DEFAULT NULL,
  PRIMARY KEY (`id`),
  KEY `bom_id` (`bom_id`),
  KEY `part_id` (`part_id`),
  CONSTRAINT `production_bom_items_ibfk_1` FOREIGN KEY (`bom_id`) REFERENCES `production_boms` (`id`) ON DELETE CASCADE,
  CONSTRAINT `production_bom_items_ibfk_2` FOREIGN KEY (`part_id`) REFERENCES `parts` (`id`)
) ENGINE=InnoDB AUTO_INCREMENT=7 DEFAULT CHARSET=utf8mb4 COLLATE=utf8mb4_general_ci;

-- --------------------------------------------------------
-- Table structure for table `production_boms`
-- --------------------------------------------------------
DROP TABLE IF EXISTS `production_boms`;
CREATE TABLE `production_boms` (
  `id` int(11) NOT NULL AUTO_INCREMENT,
  `output_part_id` int(11) NOT NULL,
  `name` varchar(255) NOT NULL,
  `version` varchar(50) DEFAULT '1.0',
  `output_qty` decimal(15,3) NOT NULL DEFAULT 1.000,
  `is_active` tinyint(4) NOT NULL DEFAULT 1,
  `notes` text DEFAULT NULL,
  `created_at` timestamp NOT NULL DEFAULT current_timestamp(),
  `updated_at` timestamp NOT NULL DEFAULT current_timestamp() ON UPDATE current_timestamp(),
  `created_by` int(11) DEFAULT NULL,
  `updated_by` int(11) DEFAULT NULL,
  PRIMARY KEY (`id`),
  KEY `output_part_id` (`output_part_id`),
  CONSTRAINT `production_boms_ibfk_1` FOREIGN KEY (`output_part_id`) REFERENCES `parts` (`id`)
) ENGINE=InnoDB AUTO_INCREMENT=3 DEFAULT CHARSET=utf8mb4 COLLATE=utf8mb4_general_ci;

-- --------------------------------------------------------
-- Table structure for table `production_order_items`
-- --------------------------------------------------------
DROP TABLE IF EXISTS `production_order_items`;
CREATE TABLE `production_order_items` (
  `id` int(11) NOT NULL AUTO_INCREMENT,
  `order_id` int(11) NOT NULL,
  `part_id` int(11) NOT NULL,
  `planned_qty` decimal(15,3) NOT NULL,
  `actual_qty` decimal(15,3) DEFAULT NULL,
  `unit_cost` decimal(15,4) DEFAULT NULL,
  `total_cost` decimal(15,4) DEFAULT NULL,
  PRIMARY KEY (`id`),
  KEY `order_id` (`order_id`),
  KEY `part_id` (`part_id`),
  CONSTRAINT `production_order_items_ibfk_1` FOREIGN KEY (`order_id`) REFERENCES `production_orders` (`id`) ON DELETE CASCADE,
  CONSTRAINT `production_order_items_ibfk_2` FOREIGN KEY (`part_id`) REFERENCES `parts` (`id`)
) ENGINE=InnoDB AUTO_INCREMENT=18 DEFAULT CHARSET=utf8mb4 COLLATE=utf8mb4_general_ci;

-- --------------------------------------------------------
-- Table structure for table `production_order_outputs`
-- --------------------------------------------------------
DROP TABLE IF EXISTS `production_order_outputs`;
CREATE TABLE `production_order_outputs` (
  `id` int(11) NOT NULL AUTO_INCREMENT,
  `order_id` int(11) NOT NULL,
  `bom_id` int(11) NOT NULL,
  `part_id` int(11) NOT NULL,
  `planned_qty` decimal(15,3) NOT NULL,
  `actual_qty` decimal(15,3) DEFAULT NULL,
  `batch_number` varchar(100) DEFAULT NULL,
  `expiry_date` date DEFAULT NULL,
  `waste_reason` varchar(255) DEFAULT NULL,
  PRIMARY KEY (`id`),
  KEY `order_id` (`order_id`),
  KEY `bom_id` (`bom_id`),
  KEY `part_id` (`part_id`),
  CONSTRAINT `production_order_outputs_ibfk_1` FOREIGN KEY (`order_id`) REFERENCES `production_orders` (`id`) ON DELETE CASCADE,
  CONSTRAINT `production_order_outputs_ibfk_2` FOREIGN KEY (`bom_id`) REFERENCES `production_boms` (`id`),
  CONSTRAINT `production_order_outputs_ibfk_3` FOREIGN KEY (`part_id`) REFERENCES `parts` (`id`)
) ENGINE=InnoDB AUTO_INCREMENT=7 DEFAULT CHARSET=utf8mb4 COLLATE=utf8mb4_general_ci;

-- --------------------------------------------------------
-- Table structure for table `production_orders`
-- --------------------------------------------------------
DROP TABLE IF EXISTS `production_orders`;
CREATE TABLE `production_orders` (
  `id` int(11) NOT NULL AUTO_INCREMENT,
  `order_number` varchar(50) NOT NULL,
  `bom_id` int(11) NOT NULL,
  `location_id` int(11) NOT NULL,
  `qty` decimal(15,3) NOT NULL,
  `actual_yield` decimal(15,3) DEFAULT NULL,
  `waste_reason` varchar(255) DEFAULT NULL,
  `status` enum('Planned','InProgress','Completed','Cancelled') DEFAULT 'Planned',
  `started_at` datetime DEFAULT NULL,
  `completed_at` datetime DEFAULT NULL,
  `notes` text DEFAULT NULL,
  `created_at` timestamp NOT NULL DEFAULT current_timestamp(),
  `updated_at` timestamp NOT NULL DEFAULT current_timestamp() ON UPDATE current_timestamp(),
  `created_by` int(11) DEFAULT NULL,
  `updated_by` int(11) DEFAULT NULL,
  PRIMARY KEY (`id`),
  UNIQUE KEY `order_number` (`order_number`),
  KEY `bom_id` (`bom_id`),
  KEY `location_id` (`location_id`),
  CONSTRAINT `production_orders_ibfk_1` FOREIGN KEY (`bom_id`) REFERENCES `production_boms` (`id`),
  CONSTRAINT `production_orders_ibfk_2` FOREIGN KEY (`location_id`) REFERENCES `service_locations` (`id`)
) ENGINE=InnoDB AUTO_INCREMENT=10 DEFAULT CHARSET=utf8mb4 COLLATE=utf8mb4_general_ci;

-- --------------------------------------------------------
-- Table structure for table `promotion_benefits`
-- --------------------------------------------------------
DROP TABLE IF EXISTS `promotion_benefits`;
CREATE TABLE `promotion_benefits` (
  `id` int(11) NOT NULL AUTO_INCREMENT,
  `promotion_id` int(11) NOT NULL,
  `benefit_type` enum('Percentage','FixedAmount','FixedPrice','FreeItem','BuyXGetY') NOT NULL,
  `benefit_value` decimal(12,2) NOT NULL,
  `benefit_data` text DEFAULT NULL,
  `created_at` timestamp NOT NULL DEFAULT current_timestamp(),
  `trigger_items` text DEFAULT NULL,
  `reward_items` text DEFAULT NULL,
  `trigger_qty` int(11) DEFAULT 1,
  `reward_qty` int(11) DEFAULT 1,
  `benefit_discount_pct` decimal(5,2) DEFAULT 100.00,
  PRIMARY KEY (`id`),
  KEY `promotion_id` (`promotion_id`),
  CONSTRAINT `promotion_benefits_ibfk_1` FOREIGN KEY (`promotion_id`) REFERENCES `promotions` (`id`) ON DELETE CASCADE
) ENGINE=InnoDB AUTO_INCREMENT=11 DEFAULT CHARSET=utf8mb4 COLLATE=utf8mb4_general_ci;

-- --------------------------------------------------------
-- Table structure for table `promotion_conditions`
-- --------------------------------------------------------
DROP TABLE IF EXISTS `promotion_conditions`;
CREATE TABLE `promotion_conditions` (
  `id` int(11) NOT NULL AUTO_INCREMENT,
  `promotion_id` int(11) NOT NULL,
  `condition_type` enum('MinAmount','MinQty','ItemList','CollectionList','OrderType') NOT NULL,
  `requirement_value` text NOT NULL,
  `operator` enum('>=','=','IN') DEFAULT '>=',
  `created_at` timestamp NOT NULL DEFAULT current_timestamp(),
  PRIMARY KEY (`id`),
  KEY `promotion_id` (`promotion_id`),
  CONSTRAINT `promotion_conditions_ibfk_1` FOREIGN KEY (`promotion_id`) REFERENCES `promotions` (`id`) ON DELETE CASCADE
) ENGINE=InnoDB AUTO_INCREMENT=8 DEFAULT CHARSET=utf8mb4 COLLATE=utf8mb4_general_ci;

-- --------------------------------------------------------
-- Table structure for table `promotions`
-- --------------------------------------------------------
DROP TABLE IF EXISTS `promotions`;
CREATE TABLE `promotions` (
  `id` int(11) NOT NULL AUTO_INCREMENT,
  `name` varchar(255) NOT NULL,
  `description` text DEFAULT NULL,
  `type` enum('Discount','Bundle','BOGO','Bulk') NOT NULL DEFAULT 'Discount',
  `start_date` date DEFAULT NULL,
  `end_date` date DEFAULT NULL,
  `is_active` tinyint(1) NOT NULL DEFAULT 1,
  `priority` int(11) NOT NULL DEFAULT 0,
  `applicable_locations` text DEFAULT NULL,
  `created_by` int(11) DEFAULT NULL,
  `updated_by` int(11) DEFAULT NULL,
  `created_at` timestamp NOT NULL DEFAULT current_timestamp(),
  `updated_at` timestamp NOT NULL DEFAULT current_timestamp() ON UPDATE current_timestamp(),
  PRIMARY KEY (`id`)
) ENGINE=InnoDB AUTO_INCREMENT=10 DEFAULT CHARSET=utf8mb4 COLLATE=utf8mb4_general_ci;

-- --------------------------------------------------------
-- Table structure for table `purchase_order_items`
-- --------------------------------------------------------
DROP TABLE IF EXISTS `purchase_order_items`;
CREATE TABLE `purchase_order_items` (
  `id` int(11) NOT NULL AUTO_INCREMENT,
  `purchase_order_id` int(11) NOT NULL,
  `part_id` int(11) NOT NULL,
  `qty_ordered` decimal(12,3) NOT NULL,
  `unit_cost` decimal(10,2) NOT NULL,
  `received_qty` decimal(12,3) NOT NULL DEFAULT 0.000,
  `line_total` decimal(10,2) NOT NULL,
  `created_at` timestamp NOT NULL DEFAULT current_timestamp(),
  `updated_at` timestamp NOT NULL DEFAULT current_timestamp() ON UPDATE current_timestamp(),
  `created_by` int(11) DEFAULT NULL,
  `updated_by` int(11) DEFAULT NULL,
  PRIMARY KEY (`id`),
  KEY `idx_poi_po` (`purchase_order_id`),
  KEY `idx_poi_part` (`part_id`),
  KEY `idx_poi_item` (`part_id`),
  CONSTRAINT `fk_poi_part` FOREIGN KEY (`part_id`) REFERENCES `parts` (`id`),
  CONSTRAINT `fk_poi_po` FOREIGN KEY (`purchase_order_id`) REFERENCES `purchase_orders` (`id`) ON DELETE CASCADE
) ENGINE=InnoDB AUTO_INCREMENT=21 DEFAULT CHARSET=utf8mb4 COLLATE=utf8mb4_general_ci;

-- --------------------------------------------------------
-- Table structure for table `purchase_orders`
-- --------------------------------------------------------
DROP TABLE IF EXISTS `purchase_orders`;
CREATE TABLE `purchase_orders` (
  `id` int(11) NOT NULL AUTO_INCREMENT,
  `supplier_id` int(11) NOT NULL,
  `po_number` varchar(50) NOT NULL,
  `status` enum('Draft','Sent','Partially Received','Received','Cancelled','Approved') NOT NULL DEFAULT 'Draft',
  `notes` text DEFAULT NULL,
  `ordered_at` datetime DEFAULT NULL,
  `expected_at` datetime DEFAULT NULL,
  `created_by` int(11) DEFAULT NULL,
  `updated_by` int(11) DEFAULT NULL,
  `created_at` timestamp NOT NULL DEFAULT current_timestamp(),
  `updated_at` timestamp NOT NULL DEFAULT current_timestamp() ON UPDATE current_timestamp(),
  `location_id` int(11) NOT NULL DEFAULT 1,
  PRIMARY KEY (`id`),
  UNIQUE KEY `uq_purchase_orders_number` (`po_number`),
  KEY `idx_purchase_orders_supplier` (`supplier_id`),
  KEY `idx_purchase_orders_location` (`location_id`),
  KEY `idx_po_status` (`status`),
  KEY `idx_po_date` (`ordered_at`),
  CONSTRAINT `fk_po_location` FOREIGN KEY (`location_id`) REFERENCES `service_locations` (`id`),
  CONSTRAINT `fk_po_supplier` FOREIGN KEY (`supplier_id`) REFERENCES `suppliers` (`id`)
) ENGINE=InnoDB AUTO_INCREMENT=17 DEFAULT CHARSET=utf8mb4 COLLATE=utf8mb4_general_ci;

-- --------------------------------------------------------
-- Table structure for table `quotation_items`
-- --------------------------------------------------------
DROP TABLE IF EXISTS `quotation_items`;
CREATE TABLE `quotation_items` (
  `id` int(11) NOT NULL AUTO_INCREMENT,
  `quotation_id` int(11) NOT NULL,
  `item_id` int(11) DEFAULT NULL,
  `description` text DEFAULT NULL,
  `item_type` varchar(50) DEFAULT 'Part',
  `quantity` decimal(15,2) NOT NULL DEFAULT 1.00,
  `unit_price` decimal(15,2) NOT NULL DEFAULT 0.00,
  `discount` decimal(15,2) DEFAULT 0.00,
  `line_total` decimal(15,2) NOT NULL DEFAULT 0.00,
  PRIMARY KEY (`id`),
  KEY `quotation_id` (`quotation_id`),
  CONSTRAINT `quotation_items_ibfk_1` FOREIGN KEY (`quotation_id`) REFERENCES `quotations` (`id`) ON DELETE CASCADE
) ENGINE=InnoDB AUTO_INCREMENT=6 DEFAULT CHARSET=utf8mb4 COLLATE=utf8mb4_general_ci;

-- --------------------------------------------------------
-- Table structure for table `quotation_taxes`
-- --------------------------------------------------------
DROP TABLE IF EXISTS `quotation_taxes`;
CREATE TABLE `quotation_taxes` (
  `id` int(11) NOT NULL AUTO_INCREMENT,
  `quotation_id` int(11) NOT NULL,
  `tax_name` varchar(100) DEFAULT NULL,
  `tax_code` varchar(50) DEFAULT NULL,
  `rate_percent` decimal(5,2) DEFAULT NULL,
  `amount` decimal(15,2) DEFAULT NULL,
  PRIMARY KEY (`id`),
  KEY `quotation_id` (`quotation_id`),
  CONSTRAINT `quotation_taxes_ibfk_1` FOREIGN KEY (`quotation_id`) REFERENCES `quotations` (`id`) ON DELETE CASCADE
) ENGINE=InnoDB AUTO_INCREMENT=9 DEFAULT CHARSET=utf8mb4 COLLATE=utf8mb4_general_ci;

-- --------------------------------------------------------
-- Table structure for table `quotations`
-- --------------------------------------------------------
DROP TABLE IF EXISTS `quotations`;
CREATE TABLE `quotations` (
  `id` int(11) NOT NULL AUTO_INCREMENT,
  `quotation_no` varchar(50) NOT NULL,
  `customer_id` int(11) NOT NULL,
  `location_id` int(11) DEFAULT NULL,
  `issue_date` date NOT NULL,
  `expiry_date` date DEFAULT NULL,
  `status` enum('Draft','Sent','Accepted','Rejected','Expired','Converted') DEFAULT 'Draft',
  `subtotal` decimal(15,2) NOT NULL DEFAULT 0.00,
  `tax_total` decimal(15,2) NOT NULL DEFAULT 0.00,
  `discount_total` decimal(15,2) NOT NULL DEFAULT 0.00,
  `grand_total` decimal(15,2) NOT NULL DEFAULT 0.00,
  `notes` text DEFAULT NULL,
  `converted_invoice_id` int(11) DEFAULT NULL,
  `created_by` int(11) DEFAULT NULL,
  `updated_by` int(11) DEFAULT NULL,
  `created_at` timestamp NOT NULL DEFAULT current_timestamp(),
  `updated_at` timestamp NOT NULL DEFAULT current_timestamp() ON UPDATE current_timestamp(),
  `is_international` tinyint(1) DEFAULT 0,
  `shipping_provider_id` int(11) DEFAULT NULL,
  `shipping_cost` decimal(15,2) DEFAULT 0.00,
  `shipping_country` varchar(100) DEFAULT NULL,
  `shipping_address` text DEFAULT NULL,
  `shipping_costing_template_id` int(11) DEFAULT NULL,
  PRIMARY KEY (`id`),
  UNIQUE KEY `quotation_no` (`quotation_no`),
  KEY `customer_id` (`customer_id`)
) ENGINE=InnoDB AUTO_INCREMENT=2 DEFAULT CHARSET=utf8mb4 COLLATE=utf8mb4_unicode_ci;

-- --------------------------------------------------------
-- Table structure for table `recurring_invoice_items`
-- --------------------------------------------------------
DROP TABLE IF EXISTS `recurring_invoice_items`;
CREATE TABLE `recurring_invoice_items` (
  `id` int(11) NOT NULL AUTO_INCREMENT,
  `recurring_invoice_id` int(11) NOT NULL,
  `item_id` int(11) DEFAULT NULL,
  `description` varchar(255) NOT NULL,
  `item_type` enum('Part','Labor','Service','Other') DEFAULT 'Part',
  `quantity` decimal(10,2) NOT NULL DEFAULT 1.00,
  `unit_price` decimal(10,2) NOT NULL DEFAULT 0.00,
  `discount` decimal(10,2) NOT NULL DEFAULT 0.00,
  `line_total` decimal(10,2) NOT NULL DEFAULT 0.00,
  PRIMARY KEY (`id`),
  KEY `recurring_invoice_id` (`recurring_invoice_id`),
  CONSTRAINT `recurring_invoice_items_ibfk_1` FOREIGN KEY (`recurring_invoice_id`) REFERENCES `recurring_invoices` (`id`) ON DELETE CASCADE
) ENGINE=InnoDB AUTO_INCREMENT=2 DEFAULT CHARSET=utf8mb4 COLLATE=utf8mb4_general_ci;

-- --------------------------------------------------------
-- Table structure for table `recurring_invoice_taxes`
-- --------------------------------------------------------
DROP TABLE IF EXISTS `recurring_invoice_taxes`;
CREATE TABLE `recurring_invoice_taxes` (
  `id` int(11) NOT NULL AUTO_INCREMENT,
  `recurring_template_id` int(11) NOT NULL,
  `tax_name` varchar(100) NOT NULL,
  `tax_code` varchar(50) NOT NULL,
  `rate_percent` decimal(5,2) NOT NULL DEFAULT 0.00,
  `amount` decimal(10,2) NOT NULL DEFAULT 0.00,
  PRIMARY KEY (`id`),
  KEY `recurring_template_id` (`recurring_template_id`),
  CONSTRAINT `recurring_invoice_taxes_ibfk_1` FOREIGN KEY (`recurring_template_id`) REFERENCES `recurring_invoices` (`id`) ON DELETE CASCADE
) ENGINE=InnoDB DEFAULT CHARSET=utf8mb4 COLLATE=utf8mb4_general_ci;

-- --------------------------------------------------------
-- Table structure for table `recurring_invoices`
-- --------------------------------------------------------
DROP TABLE IF EXISTS `recurring_invoices`;
CREATE TABLE `recurring_invoices` (
  `id` int(11) NOT NULL AUTO_INCREMENT,
  `template_name` varchar(255) NOT NULL,
  `customer_id` int(11) NOT NULL,
  `location_id` int(11) DEFAULT NULL,
  `frequency` enum('Daily','Weekly','Monthly','Yearly') NOT NULL DEFAULT 'Monthly',
  `start_date` date NOT NULL,
  `end_date` date DEFAULT NULL,
  `next_generation_date` date NOT NULL,
  `last_generation_date` date DEFAULT NULL,
  `status` enum('Active','Paused','Completed') DEFAULT 'Active',
  `billing_address` text DEFAULT NULL,
  `shipping_address` text DEFAULT NULL,
  `subtotal` decimal(10,2) NOT NULL DEFAULT 0.00,
  `tax_total` decimal(10,2) NOT NULL DEFAULT 0.00,
  `discount_total` decimal(10,2) NOT NULL DEFAULT 0.00,
  `shipping_fee` decimal(10,2) NOT NULL DEFAULT 0.00,
  `grand_total` decimal(10,2) NOT NULL DEFAULT 0.00,
  `notes` text DEFAULT NULL,
  `created_by` int(11) DEFAULT NULL,
  `updated_by` int(11) DEFAULT NULL,
  `created_at` timestamp NOT NULL DEFAULT current_timestamp(),
  `updated_at` timestamp NOT NULL DEFAULT current_timestamp() ON UPDATE current_timestamp(),
  PRIMARY KEY (`id`),
  KEY `customer_id` (`customer_id`),
  CONSTRAINT `recurring_invoices_ibfk_1` FOREIGN KEY (`customer_id`) REFERENCES `customers` (`id`) ON DELETE CASCADE
) ENGINE=InnoDB AUTO_INCREMENT=2 DEFAULT CHARSET=utf8mb4 COLLATE=utf8mb4_general_ci;

-- --------------------------------------------------------
-- Table structure for table `refunds`
-- --------------------------------------------------------
DROP TABLE IF EXISTS `refunds`;
CREATE TABLE `refunds` (
  `id` int(11) NOT NULL AUTO_INCREMENT,
  `refund_no` varchar(30) DEFAULT NULL,
  `return_id` int(11) DEFAULT NULL,
  `invoice_id` int(11) DEFAULT NULL,
  `location_id` int(11) NOT NULL DEFAULT 1,
  `amount` decimal(12,2) NOT NULL DEFAULT 0.00,
  `payment_method` varchar(50) NOT NULL DEFAULT 'Cash',
  `reference_no` varchar(100) DEFAULT NULL,
  `refund_date` date NOT NULL,
  `notes` text DEFAULT NULL,
  `created_by` int(11) DEFAULT NULL,
  `created_at` timestamp NOT NULL DEFAULT current_timestamp(),
  PRIMARY KEY (`id`),
  UNIQUE KEY `refund_no` (`refund_no`),
  KEY `idx_ref_invoice` (`invoice_id`),
  KEY `idx_ref_return` (`return_id`),
  KEY `idx_ref_location` (`location_id`)
) ENGINE=InnoDB AUTO_INCREMENT=9 DEFAULT CHARSET=utf8mb4 COLLATE=utf8mb4_general_ci;

-- --------------------------------------------------------
-- Table structure for table `repair_categories`
-- --------------------------------------------------------
DROP TABLE IF EXISTS `repair_categories`;
CREATE TABLE `repair_categories` (
  `id` int(11) NOT NULL AUTO_INCREMENT,
  `name` varchar(100) NOT NULL,
  `created_by` int(11) DEFAULT NULL,
  `updated_by` int(11) DEFAULT NULL,
  `created_at` timestamp NOT NULL DEFAULT current_timestamp(),
  PRIMARY KEY (`id`)
) ENGINE=InnoDB AUTO_INCREMENT=5 DEFAULT CHARSET=utf8mb4 COLLATE=utf8mb4_general_ci;

-- --------------------------------------------------------
-- Table structure for table `repair_orders`
-- --------------------------------------------------------
DROP TABLE IF EXISTS `repair_orders`;
CREATE TABLE `repair_orders` (
  `id` int(11) NOT NULL AUTO_INCREMENT,
  `customer_name` varchar(255) NOT NULL,
  `vehicle_model` varchar(255) NOT NULL,
  `problem_description` text DEFAULT NULL,
  `status` enum('Pending','In Progress','Completed','Cancelled') DEFAULT 'Pending',
  `created_by` int(11) DEFAULT NULL,
  `updated_by` int(11) DEFAULT NULL,
  `created_at` timestamp NOT NULL DEFAULT current_timestamp(),
  `updated_at` timestamp NOT NULL DEFAULT current_timestamp() ON UPDATE current_timestamp(),
  `vehicle_id` int(11) DEFAULT NULL,
  `vehicle_identifier` varchar(100) DEFAULT NULL,
  `mileage` int(11) DEFAULT NULL,
  `priority` varchar(20) DEFAULT NULL,
  `expected_time` datetime DEFAULT NULL,
  `comments` text DEFAULT NULL,
  `categories_json` text DEFAULT NULL,
  `checklist_json` text DEFAULT NULL,
  `location` varchar(50) DEFAULT NULL,
  `technician` varchar(255) DEFAULT NULL,
  `location_id` int(11) NOT NULL DEFAULT 1,
  `attachments_json` text DEFAULT NULL,
  `checklist_done_json` text DEFAULT NULL,
  `completion_comments` text DEFAULT NULL,
  `completed_at` datetime DEFAULT NULL,
  `release_time` datetime DEFAULT NULL,
  `order_type` enum('Company','Customer') NOT NULL DEFAULT 'Company',
  `customer_id` int(11) DEFAULT NULL,
  `from_location_id` int(11) DEFAULT NULL,
  `job_type` enum('Repair','Service Booking') NOT NULL DEFAULT 'Repair',
  `booking_date` datetime DEFAULT NULL,
  PRIMARY KEY (`id`),
  KEY `idx_repair_orders_location` (`location_id`)
) ENGINE=InnoDB AUTO_INCREMENT=19 DEFAULT CHARSET=utf8mb4 COLLATE=utf8mb4_general_ci;

-- --------------------------------------------------------
-- Table structure for table `restaurant_tables`
-- --------------------------------------------------------
DROP TABLE IF EXISTS `restaurant_tables`;
CREATE TABLE `restaurant_tables` (
  `id` int(11) NOT NULL AUTO_INCREMENT,
  `name` varchar(50) NOT NULL,
  `location_id` int(11) NOT NULL,
  `status` enum('Available','Occupied','Reserved','Out of Service') DEFAULT 'Available',
  `created_at` timestamp NOT NULL DEFAULT current_timestamp(),
  `updated_at` timestamp NOT NULL DEFAULT current_timestamp() ON UPDATE current_timestamp(),
  PRIMARY KEY (`id`),
  KEY `idx_table_location` (`location_id`)
) ENGINE=InnoDB AUTO_INCREMENT=3 DEFAULT CHARSET=utf8mb4 COLLATE=utf8mb4_general_ci;

-- --------------------------------------------------------
-- Table structure for table `role_permissions`
-- --------------------------------------------------------
DROP TABLE IF EXISTS `role_permissions`;
CREATE TABLE `role_permissions` (
  `role_id` int(11) NOT NULL,
  `permission_id` int(11) NOT NULL,
  PRIMARY KEY (`role_id`,`permission_id`),
  KEY `permission_id` (`permission_id`),
  CONSTRAINT `role_permissions_ibfk_1` FOREIGN KEY (`role_id`) REFERENCES `roles` (`id`) ON DELETE CASCADE,
  CONSTRAINT `role_permissions_ibfk_2` FOREIGN KEY (`permission_id`) REFERENCES `permissions` (`id`) ON DELETE CASCADE
) ENGINE=InnoDB DEFAULT CHARSET=utf8mb4 COLLATE=utf8mb4_general_ci;

-- Dumping data for table `role_permissions`
INSERT INTO `role_permissions` (`role_id`, `permission_id`) VALUES
('1', '17603'),
('1', '17604'),
('1', '17605'),
('1', '17606'),
('1', '17607'),
('2', '1'),
('2', '2'),
('2', '3'),
('2', '4'),
('2', '5'),
('2', '6'),
('2', '7'),
('2', '9'),
('2', '11'),
('2', '13'),
('2', '15'),
('2', '17'),
('2', '24'),
('2', '25'),
('2', '26'),
('2', '28'),
('2', '29'),
('2', '30'),
('2', '31'),
('2', '32'),
('2', '454'),
('2', '3198'),
('2', '6660'),
('2', '6661'),
('2', '11394'),
('2', '13799'),
('2', '13800'),
('2', '13923'),
('2', '13924'),
('2', '17529'),
('2', '17603'),
('2', '17604'),
('2', '17605'),
('2', '17606'),
('2', '17607'),
('3', '1'),
('3', '2'),
('3', '3'),
('3', '5'),
('3', '7'),
('3', '9'),
('3', '11'),
('3', '13'),
('3', '15'),
('3', '17'),
('3', '24'),
('3', '26'),
('3', '28'),
('3', '30'),
('3', '32'),
('3', '454'),
('3', '3198'),
('3', '6660'),
('3', '11394'),
('3', '13799'),
('3', '17529'),
('3', '17603'),
('3', '17604'),
('3', '17605'),
('3', '17606'),
('3', '17607'),
('7', '17603'),
('7', '17604'),
('7', '17605'),
('7', '17606'),
('7', '17607');

-- --------------------------------------------------------
-- Table structure for table `roles`
-- --------------------------------------------------------
DROP TABLE IF EXISTS `roles`;
CREATE TABLE `roles` (
  `id` int(11) NOT NULL AUTO_INCREMENT,
  `name` varchar(50) NOT NULL,
  `created_at` timestamp NOT NULL DEFAULT current_timestamp(),
  PRIMARY KEY (`id`),
  UNIQUE KEY `name` (`name`)
) ENGINE=InnoDB AUTO_INCREMENT=8 DEFAULT CHARSET=utf8mb4 COLLATE=utf8mb4_general_ci;

-- Dumping data for table `roles`
INSERT INTO `roles` (`id`, `name`, `created_at`) VALUES
('1', 'Admin', '2026-04-08 14:26:45'),
('2', 'Workshop Officer', '2026-04-08 14:26:45'),
('3', 'Factory Officer', '2026-04-08 14:26:45'),
('7', 'Steward', '2026-04-17 22:49:38');

-- --------------------------------------------------------
-- Table structure for table `routes`
-- --------------------------------------------------------
DROP TABLE IF EXISTS `routes`;
CREATE TABLE `routes` (
  `id` int(11) NOT NULL AUTO_INCREMENT,
  `location_id` int(11) NOT NULL,
  `name` varchar(100) NOT NULL,
  `description` text DEFAULT NULL,
  `created_at` timestamp NOT NULL DEFAULT current_timestamp(),
  `updated_at` timestamp NOT NULL DEFAULT current_timestamp() ON UPDATE current_timestamp(),
  `is_active` tinyint(1) NOT NULL DEFAULT 1,
  PRIMARY KEY (`id`),
  KEY `fk_routes_location` (`location_id`),
  CONSTRAINT `fk_routes_location` FOREIGN KEY (`location_id`) REFERENCES `service_locations` (`id`) ON DELETE CASCADE
) ENGINE=InnoDB AUTO_INCREMENT=2 DEFAULT CHARSET=utf8mb4 COLLATE=utf8mb4_general_ci;

-- --------------------------------------------------------
-- Table structure for table `saas_settings`
-- --------------------------------------------------------
DROP TABLE IF EXISTS `saas_settings`;
CREATE TABLE `saas_settings` (
  `id` int(11) NOT NULL AUTO_INCREMENT,
  `plan_key` varchar(50) NOT NULL DEFAULT 'PRO',
  `module_overrides` text DEFAULT NULL,
  `updated_at` timestamp NOT NULL DEFAULT current_timestamp() ON UPDATE current_timestamp(),
  PRIMARY KEY (`id`)
) ENGINE=InnoDB AUTO_INCREMENT=2 DEFAULT CHARSET=utf8mb4 COLLATE=utf8mb4_general_ci;

-- --------------------------------------------------------
-- Table structure for table `sales_return_items`
-- --------------------------------------------------------
DROP TABLE IF EXISTS `sales_return_items`;
CREATE TABLE `sales_return_items` (
  `id` int(11) NOT NULL AUTO_INCREMENT,
  `return_id` int(11) NOT NULL,
  `item_id` int(11) NOT NULL,
  `item_type` varchar(50) NOT NULL DEFAULT 'Part',
  `description` varchar(255) DEFAULT NULL,
  `quantity` decimal(12,3) NOT NULL DEFAULT 0.000,
  `unit_price` decimal(12,2) NOT NULL DEFAULT 0.00,
  `line_total` decimal(12,2) NOT NULL DEFAULT 0.00,
  `reason` varchar(255) DEFAULT NULL,
  PRIMARY KEY (`id`),
  KEY `idx_sri_return` (`return_id`),
  KEY `idx_sri_item` (`item_id`)
) ENGINE=InnoDB AUTO_INCREMENT=14 DEFAULT CHARSET=utf8mb4 COLLATE=utf8mb4_general_ci;

-- --------------------------------------------------------
-- Table structure for table `sales_returns`
-- --------------------------------------------------------
DROP TABLE IF EXISTS `sales_returns`;
CREATE TABLE `sales_returns` (
  `id` int(11) NOT NULL AUTO_INCREMENT,
  `return_no` varchar(30) NOT NULL,
  `invoice_id` int(11) DEFAULT NULL,
  `customer_id` int(11) DEFAULT NULL,
  `return_date` date NOT NULL,
  `total_amount` decimal(12,2) NOT NULL DEFAULT 0.00,
  `reason` varchar(255) DEFAULT NULL,
  `status` enum('Completed','Cancelled') NOT NULL DEFAULT 'Completed',
  `location_id` int(11) NOT NULL DEFAULT 1,
  `created_by` int(11) DEFAULT NULL,
  `created_at` timestamp NOT NULL DEFAULT current_timestamp(),
  PRIMARY KEY (`id`),
  UNIQUE KEY `return_no` (`return_no`),
  KEY `idx_sr_invoice` (`invoice_id`),
  KEY `idx_sr_date` (`return_date`),
  KEY `idx_sr_customer` (`customer_id`),
  KEY `idx_sr_location` (`location_id`)
) ENGINE=InnoDB AUTO_INCREMENT=16 DEFAULT CHARSET=utf8mb4 COLLATE=utf8mb4_general_ci;

-- --------------------------------------------------------
-- Table structure for table `sales_targets`
-- --------------------------------------------------------
DROP TABLE IF EXISTS `sales_targets`;
CREATE TABLE `sales_targets` (
  `id` int(11) NOT NULL AUTO_INCREMENT,
  `location_id` int(11) NOT NULL,
  `collection_id` int(11) DEFAULT NULL,
  `target_month` varchar(7) NOT NULL,
  `target_value` decimal(15,2) NOT NULL DEFAULT 0.00,
  `created_at` timestamp NOT NULL DEFAULT current_timestamp(),
  `updated_at` timestamp NOT NULL DEFAULT current_timestamp() ON UPDATE current_timestamp(),
  PRIMARY KEY (`id`),
  UNIQUE KEY `loc_col_month` (`location_id`,`collection_id`,`target_month`)
) ENGINE=InnoDB AUTO_INCREMENT=4 DEFAULT CHARSET=utf8mb4 COLLATE=utf8mb4_general_ci;

-- --------------------------------------------------------
-- Table structure for table `segment_contacts`
-- --------------------------------------------------------
DROP TABLE IF EXISTS `segment_contacts`;
CREATE TABLE `segment_contacts` (
  `id` int(11) NOT NULL AUTO_INCREMENT,
  `segment_id` int(11) NOT NULL,
  `name` varchar(100) DEFAULT NULL,
  `phone` varchar(20) NOT NULL,
  `email` varchar(100) DEFAULT NULL,
  PRIMARY KEY (`id`),
  KEY `segment_id` (`segment_id`),
  CONSTRAINT `segment_contacts_ibfk_1` FOREIGN KEY (`segment_id`) REFERENCES `customer_segments` (`id`) ON DELETE CASCADE
) ENGINE=InnoDB AUTO_INCREMENT=4 DEFAULT CHARSET=utf8mb4 COLLATE=utf8mb4_general_ci;

-- --------------------------------------------------------
-- Table structure for table `service_bays`
-- --------------------------------------------------------
DROP TABLE IF EXISTS `service_bays`;
CREATE TABLE `service_bays` (
  `id` int(11) NOT NULL AUTO_INCREMENT,
  `name` varchar(50) NOT NULL,
  `status` enum('Available','Occupied','Out of Service') DEFAULT 'Available',
  `created_by` int(11) DEFAULT NULL,
  `updated_by` int(11) DEFAULT NULL,
  `created_at` timestamp NOT NULL DEFAULT current_timestamp(),
  `location_id` int(11) NOT NULL DEFAULT 1,
  PRIMARY KEY (`id`),
  KEY `idx_service_bays_location` (`location_id`)
) ENGINE=InnoDB AUTO_INCREMENT=11 DEFAULT CHARSET=utf8mb4 COLLATE=utf8mb4_general_ci;

-- --------------------------------------------------------
-- Table structure for table `service_locations`
-- --------------------------------------------------------
DROP TABLE IF EXISTS `service_locations`;
CREATE TABLE `service_locations` (
  `id` int(11) NOT NULL AUTO_INCREMENT,
  `name` varchar(100) NOT NULL,
  `location_type` varchar(50) NOT NULL DEFAULT 'service',
  `address` varchar(255) DEFAULT NULL,
  `phone` varchar(50) DEFAULT NULL,
  `tax_no` varchar(100) DEFAULT NULL,
  `tax_label` varchar(100) DEFAULT NULL,
  `created_by` int(11) DEFAULT NULL,
  `updated_by` int(11) DEFAULT NULL,
  `created_at` timestamp NOT NULL DEFAULT current_timestamp(),
  `updated_at` timestamp NOT NULL DEFAULT current_timestamp() ON UPDATE current_timestamp(),
  `allow_service_charge` tinyint(4) NOT NULL DEFAULT 0,
  `service_charge_rate` decimal(5,2) NOT NULL DEFAULT 0.00,
  `allow_dine_in` tinyint(4) NOT NULL DEFAULT 1,
  `allow_take_away` tinyint(4) NOT NULL DEFAULT 1,
  `allow_retail` tinyint(4) NOT NULL DEFAULT 1,
  `is_pos_active` tinyint(4) NOT NULL DEFAULT 1,
  `allow_production` tinyint(4) NOT NULL DEFAULT 0,
  `allow_online` tinyint(4) NOT NULL DEFAULT 0,
  `google_analytics_code` text DEFAULT NULL,
  `facebook_pixel_code` text DEFAULT NULL,
  `allowed_taxes_json` text DEFAULT NULL,
  `tax_mode` enum('inclusive','exclusive') NOT NULL DEFAULT 'exclusive',
  `default_customer_id` int(11) DEFAULT NULL,
  `branch_code` varchar(10) DEFAULT 'BR01',
  PRIMARY KEY (`id`),
  UNIQUE KEY `uq_service_locations_name` (`name`)
) ENGINE=InnoDB AUTO_INCREMENT=11 DEFAULT CHARSET=utf8mb4 COLLATE=utf8mb4_general_ci;

-- Dumping data for table `service_locations`
INSERT INTO `service_locations` (`id`, `name`, `location_type`, `address`, `phone`, `tax_no`, `tax_label`, `created_by`, `updated_by`, `created_at`, `updated_at`, `allow_service_charge`, `service_charge_rate`, `allow_dine_in`, `allow_take_away`, `allow_retail`, `is_pos_active`, `allow_production`, `allow_online`, `google_analytics_code`, `facebook_pixel_code`, `allowed_taxes_json`, `tax_mode`, `default_customer_id`, `branch_code`) VALUES
('1', 'Main', 'service', NULL, NULL, NULL, NULL, NULL, '1', '2026-04-08 16:58:54', '2026-07-14 21:01:16', '1', '10.00', '1', '1', '1', '1', '1', '1', NULL, NULL, '[2,1]', 'inclusive', '4', 'BR01');

-- --------------------------------------------------------
-- Table structure for table `shipping_carriers`
-- --------------------------------------------------------
DROP TABLE IF EXISTS `shipping_carriers`;
CREATE TABLE `shipping_carriers` (
  `id` int(11) NOT NULL AUTO_INCREMENT,
  `name` varchar(100) NOT NULL,
  `tracking_url` varchar(255) DEFAULT NULL,
  `is_default` tinyint(1) NOT NULL DEFAULT 0,
  `created_at` timestamp NOT NULL DEFAULT current_timestamp(),
  `updated_at` timestamp NOT NULL DEFAULT current_timestamp() ON UPDATE current_timestamp(),
  PRIMARY KEY (`id`)
) ENGINE=InnoDB AUTO_INCREMENT=2 DEFAULT CHARSET=utf8mb4 COLLATE=utf8mb4_general_ci;

-- Dumping data for table `shipping_carriers`
INSERT INTO `shipping_carriers` (`id`, `name`, `tracking_url`, `is_default`, `created_at`, `updated_at`) VALUES
('1', 'Citypack', 'https://track.citypak.lk/track?tracking_number={tracking_number}', '1', '2026-05-13 22:03:54', '2026-05-13 22:04:10');

-- --------------------------------------------------------
-- Table structure for table `shipping_costing_items`
-- --------------------------------------------------------
DROP TABLE IF EXISTS `shipping_costing_items`;
CREATE TABLE `shipping_costing_items` (
  `id` int(11) NOT NULL AUTO_INCREMENT,
  `template_id` int(11) NOT NULL,
  `name` varchar(100) NOT NULL,
  `cost_type` enum('Fixed','Percentage','Per Unit') DEFAULT 'Fixed',
  `value` decimal(15,2) DEFAULT 0.00,
  `is_active` tinyint(1) DEFAULT 1,
  `created_at` timestamp NOT NULL DEFAULT current_timestamp(),
  `updated_at` timestamp NOT NULL DEFAULT current_timestamp() ON UPDATE current_timestamp(),
  PRIMARY KEY (`id`),
  KEY `template_id` (`template_id`),
  CONSTRAINT `shipping_costing_items_ibfk_1` FOREIGN KEY (`template_id`) REFERENCES `shipping_costing_templates` (`id`) ON DELETE CASCADE
) ENGINE=InnoDB AUTO_INCREMENT=3 DEFAULT CHARSET=utf8mb4 COLLATE=utf8mb4_general_ci;

-- Dumping data for table `shipping_costing_items`
INSERT INTO `shipping_costing_items` (`id`, `template_id`, `name`, `cost_type`, `value`, `is_active`, `created_at`, `updated_at`) VALUES
('1', '1', 'Fuel Surcharge', 'Percentage', '45.00', '1', '2026-04-30 14:35:01', '2026-04-30 14:35:01'),
('2', '1', 'Tea Board', 'Per Unit', '0.30', '1', '2026-04-30 14:35:01', '2026-04-30 14:35:01');

-- --------------------------------------------------------
-- Table structure for table `shipping_costing_sheet_items`
-- --------------------------------------------------------
DROP TABLE IF EXISTS `shipping_costing_sheet_items`;
CREATE TABLE `shipping_costing_sheet_items` (
  `id` int(11) NOT NULL AUTO_INCREMENT,
  `sheet_id` int(11) NOT NULL,
  `name` varchar(100) NOT NULL,
  `cost_type` varchar(50) DEFAULT NULL,
  `value` decimal(15,2) DEFAULT 0.00,
  `calculated_amount` decimal(15,2) DEFAULT 0.00,
  `absorption_method` varchar(50) DEFAULT 'Value',
  PRIMARY KEY (`id`),
  KEY `sheet_id` (`sheet_id`),
  CONSTRAINT `shipping_costing_sheet_items_ibfk_1` FOREIGN KEY (`sheet_id`) REFERENCES `shipping_costing_sheets` (`id`) ON DELETE CASCADE
) ENGINE=InnoDB AUTO_INCREMENT=43 DEFAULT CHARSET=utf8mb4 COLLATE=utf8mb4_general_ci;

-- --------------------------------------------------------
-- Table structure for table `shipping_costing_sheet_products`
-- --------------------------------------------------------
DROP TABLE IF EXISTS `shipping_costing_sheet_products`;
CREATE TABLE `shipping_costing_sheet_products` (
  `id` int(11) NOT NULL AUTO_INCREMENT,
  `sheet_id` int(11) NOT NULL,
  `part_id` int(11) NOT NULL,
  `quantity` decimal(15,2) DEFAULT 0.00,
  `unit_cost` decimal(15,2) DEFAULT 0.00,
  `profit_margin` decimal(10,2) DEFAULT 0.00,
  `profit_method` varchar(20) DEFAULT NULL,
  `profit_base` varchar(20) DEFAULT NULL,
  `weight` decimal(15,3) DEFAULT 0.000,
  `cbm` decimal(15,6) DEFAULT 0.000000,
  `packaging_type_id` int(11) DEFAULT NULL,
  `units_per_carton` int(11) DEFAULT 1,
  `carton_length_cm` decimal(10,2) DEFAULT 0.00,
  `carton_width_cm` decimal(10,2) DEFAULT 0.00,
  `carton_height_cm` decimal(10,2) DEFAULT 0.00,
  `carton_tare_weight_kg` decimal(10,3) DEFAULT 0.000,
  `net_weight_kg` decimal(10,3) DEFAULT 0.000,
  `gross_weight_kg` decimal(10,3) DEFAULT 0.000,
  `packing_type` varchar(50) DEFAULT 'Carton',
  `hs_code` varchar(32) DEFAULT NULL,
  `volume_cbm` decimal(15,6) DEFAULT 0.000000,
  PRIMARY KEY (`id`),
  KEY `sheet_id` (`sheet_id`),
  KEY `part_id` (`part_id`),
  CONSTRAINT `shipping_costing_sheet_products_ibfk_1` FOREIGN KEY (`sheet_id`) REFERENCES `shipping_costing_sheets` (`id`) ON DELETE CASCADE,
  CONSTRAINT `shipping_costing_sheet_products_ibfk_2` FOREIGN KEY (`part_id`) REFERENCES `parts` (`id`)
) ENGINE=InnoDB AUTO_INCREMENT=15 DEFAULT CHARSET=utf8mb4 COLLATE=utf8mb4_general_ci;

-- --------------------------------------------------------
-- Table structure for table `shipping_costing_sheets`
-- --------------------------------------------------------
DROP TABLE IF EXISTS `shipping_costing_sheets`;
CREATE TABLE `shipping_costing_sheets` (
  `id` int(11) NOT NULL AUTO_INCREMENT,
  `costing_number` varchar(50) DEFAULT NULL,
  `template_id` int(11) DEFAULT NULL,
  `customer_id` int(11) DEFAULT NULL,
  `reference_number` varchar(50) DEFAULT NULL,
  `base_carrier_cost` decimal(15,2) DEFAULT 0.00,
  `total_quantity` decimal(15,3) DEFAULT 0.000,
  `total_cost` decimal(15,2) DEFAULT 0.00,
  `status` enum('Draft','Finalized') DEFAULT 'Draft',
  `created_by` int(11) DEFAULT NULL,
  `updated_by` int(11) DEFAULT NULL,
  `created_at` timestamp NOT NULL DEFAULT current_timestamp(),
  `updated_at` timestamp NOT NULL DEFAULT current_timestamp() ON UPDATE current_timestamp(),
  `shipping_term` varchar(50) DEFAULT NULL,
  `freight_type` varchar(50) DEFAULT NULL,
  `shipment_mode` varchar(50) DEFAULT 'LCL',
  `profit_method` varchar(20) DEFAULT 'Markup',
  `profit_base` varchar(20) DEFAULT 'Landed',
  `profit_value` decimal(15,2) DEFAULT 10.00,
  `overhead_absorption_method` varchar(50) DEFAULT 'Value',
  `target_currency` varchar(10) DEFAULT 'USD',
  `exchange_rate` decimal(15,4) DEFAULT 1.0000,
  PRIMARY KEY (`id`),
  UNIQUE KEY `uq_costing_number` (`costing_number`),
  KEY `template_id` (`template_id`),
  CONSTRAINT `shipping_costing_sheets_ibfk_1` FOREIGN KEY (`template_id`) REFERENCES `shipping_costing_templates` (`id`) ON DELETE SET NULL
) ENGINE=InnoDB AUTO_INCREMENT=4 DEFAULT CHARSET=utf8mb4 COLLATE=utf8mb4_general_ci;

-- --------------------------------------------------------
-- Table structure for table `shipping_costing_templates`
-- --------------------------------------------------------
DROP TABLE IF EXISTS `shipping_costing_templates`;
CREATE TABLE `shipping_costing_templates` (
  `id` int(11) NOT NULL AUTO_INCREMENT,
  `name` varchar(100) NOT NULL,
  `is_active` tinyint(1) DEFAULT 1,
  `created_by` int(11) DEFAULT NULL,
  `updated_by` int(11) DEFAULT NULL,
  `created_at` timestamp NOT NULL DEFAULT current_timestamp(),
  `updated_at` timestamp NOT NULL DEFAULT current_timestamp() ON UPDATE current_timestamp(),
  PRIMARY KEY (`id`)
) ENGINE=InnoDB AUTO_INCREMENT=2 DEFAULT CHARSET=utf8mb4 COLLATE=utf8mb4_general_ci;

-- Dumping data for table `shipping_costing_templates`
INSERT INTO `shipping_costing_templates` (`id`, `name`, `is_active`, `created_by`, `updated_by`, `created_at`, `updated_at`) VALUES
('1', 'DHL TEST', '1', '1', '1', '2026-04-30 14:35:01', '2026-04-30 14:35:01');

-- --------------------------------------------------------
-- Table structure for table `shipping_providers`
-- --------------------------------------------------------
DROP TABLE IF EXISTS `shipping_providers`;
CREATE TABLE `shipping_providers` (
  `id` int(11) NOT NULL AUTO_INCREMENT,
  `name` varchar(100) NOT NULL,
  `base_cost` decimal(15,2) DEFAULT 0.00,
  `is_active` tinyint(1) DEFAULT 1,
  `created_by` int(11) DEFAULT NULL,
  `updated_by` int(11) DEFAULT NULL,
  `created_at` timestamp NOT NULL DEFAULT current_timestamp(),
  `updated_at` timestamp NOT NULL DEFAULT current_timestamp() ON UPDATE current_timestamp(),
  PRIMARY KEY (`id`)
) ENGINE=InnoDB AUTO_INCREMENT=5 DEFAULT CHARSET=utf8mb4 COLLATE=utf8mb4_general_ci;

-- Dumping data for table `shipping_providers`
INSERT INTO `shipping_providers` (`id`, `name`, `base_cost`, `is_active`, `created_by`, `updated_by`, `created_at`, `updated_at`) VALUES
('1', 'DHL International', '50.00', '1', NULL, NULL, '2026-04-30 13:10:50', '2026-04-30 13:10:50'),
('2', 'UPS Worldwide', '45.00', '1', NULL, NULL, '2026-04-30 13:10:50', '2026-04-30 13:10:50'),
('3', 'FedEx International', '48.00', '1', NULL, NULL, '2026-04-30 13:10:50', '2026-04-30 13:10:50'),
('4', 'Domestic Courier', '10.00', '1', NULL, NULL, '2026-04-30 13:10:50', '2026-04-30 13:10:50');

-- --------------------------------------------------------
-- Table structure for table `shipping_zones`
-- --------------------------------------------------------
DROP TABLE IF EXISTS `shipping_zones`;
CREATE TABLE `shipping_zones` (
  `id` int(11) NOT NULL AUTO_INCREMENT,
  `name` varchar(100) NOT NULL,
  `base_fee` decimal(15,2) NOT NULL DEFAULT 0.00,
  `free_threshold` decimal(15,2) DEFAULT NULL,
  `is_active` tinyint(1) DEFAULT 1,
  `created_at` timestamp NOT NULL DEFAULT current_timestamp(),
  `updated_at` timestamp NOT NULL DEFAULT current_timestamp() ON UPDATE current_timestamp(),
  PRIMARY KEY (`id`)
) ENGINE=InnoDB AUTO_INCREMENT=5 DEFAULT CHARSET=utf8mb4 COLLATE=utf8mb4_general_ci;

-- Dumping data for table `shipping_zones`
INSERT INTO `shipping_zones` (`id`, `name`, `base_fee`, `free_threshold`, `is_active`, `created_at`, `updated_at`) VALUES
('1', 'Colombo & Suburbs', '350.00', '5000.00', '1', '2026-04-23 15:01:08', '2026-04-23 15:01:08'),
('2', 'Gampaha District', '450.00', '7500.00', '1', '2026-04-23 15:01:08', '2026-04-23 15:34:25'),
('3', 'Outstation (Standard)', '600.00', '15000.00', '1', '2026-04-23 15:01:08', '2026-04-23 15:01:08'),
('4', 'Express Delivery (All Island)', '1200.00', '0.00', '1', '2026-04-23 15:01:08', '2026-04-23 15:34:27');

-- --------------------------------------------------------
-- Table structure for table `sms_campaigns`
-- --------------------------------------------------------
DROP TABLE IF EXISTS `sms_campaigns`;
CREATE TABLE `sms_campaigns` (
  `id` int(11) NOT NULL AUTO_INCREMENT,
  `name` varchar(100) NOT NULL,
  `message` text NOT NULL,
  `target_segment` varchar(50) DEFAULT 'all',
  `status` enum('Draft','Sent','Cancelled') DEFAULT 'Draft',
  `created_at` timestamp NOT NULL DEFAULT current_timestamp(),
  `sent_at` timestamp NULL DEFAULT NULL,
  PRIMARY KEY (`id`)
) ENGINE=InnoDB AUTO_INCREMENT=4 DEFAULT CHARSET=utf8mb4 COLLATE=utf8mb4_general_ci;

-- --------------------------------------------------------
-- Table structure for table `sms_logs`
-- --------------------------------------------------------
DROP TABLE IF EXISTS `sms_logs`;
CREATE TABLE `sms_logs` (
  `id` int(11) NOT NULL AUTO_INCREMENT,
  `campaign_id` int(11) DEFAULT NULL,
  `customer_id` int(11) DEFAULT NULL,
  `recipient` varchar(20) NOT NULL,
  `message` text NOT NULL,
  `status` enum('Success','Failed') DEFAULT 'Success',
  `error_message` text DEFAULT NULL,
  `sent_at` timestamp NOT NULL DEFAULT current_timestamp(),
  PRIMARY KEY (`id`)
) ENGINE=InnoDB AUTO_INCREMENT=6 DEFAULT CHARSET=utf8mb4 COLLATE=utf8mb4_general_ci;

-- --------------------------------------------------------
-- Table structure for table `stock_adjustment_items`
-- --------------------------------------------------------
DROP TABLE IF EXISTS `stock_adjustment_items`;
CREATE TABLE `stock_adjustment_items` (
  `id` int(11) NOT NULL AUTO_INCREMENT,
  `stock_adjustment_id` int(11) NOT NULL,
  `part_id` int(11) NOT NULL,
  `batch_id` int(11) DEFAULT NULL,
  `qty_change` decimal(12,3) NOT NULL,
  `notes` varchar(255) DEFAULT NULL,
  `created_at` timestamp NOT NULL DEFAULT current_timestamp(),
  `system_stock` decimal(12,3) NOT NULL DEFAULT 0.000,
  `physical_stock` decimal(12,3) NOT NULL DEFAULT 0.000,
  `created_by` int(11) DEFAULT NULL,
  `updated_by` int(11) DEFAULT NULL,
  PRIMARY KEY (`id`),
  KEY `idx_sai_adj` (`stock_adjustment_id`),
  KEY `idx_sai_part` (`part_id`),
  KEY `idx_sai_batch` (`batch_id`),
  CONSTRAINT `fk_sai_adj` FOREIGN KEY (`stock_adjustment_id`) REFERENCES `stock_adjustments` (`id`) ON DELETE CASCADE,
  CONSTRAINT `fk_sai_part` FOREIGN KEY (`part_id`) REFERENCES `parts` (`id`)
) ENGINE=InnoDB AUTO_INCREMENT=13 DEFAULT CHARSET=utf8mb4 COLLATE=utf8mb4_general_ci;

-- --------------------------------------------------------
-- Table structure for table `stock_adjustments`
-- --------------------------------------------------------
DROP TABLE IF EXISTS `stock_adjustments`;
CREATE TABLE `stock_adjustments` (
  `id` int(11) NOT NULL AUTO_INCREMENT,
  `location_id` int(11) NOT NULL DEFAULT 1,
  `adjustment_number` varchar(50) NOT NULL,
  `adjusted_at` datetime NOT NULL,
  `reason` varchar(255) DEFAULT NULL,
  `notes` text DEFAULT NULL,
  `created_by` int(11) DEFAULT NULL,
  `created_at` timestamp NOT NULL DEFAULT current_timestamp(),
  `updated_by` int(11) DEFAULT NULL,
  `status` enum('Pending','Approved','Rejected') NOT NULL DEFAULT 'Pending',
  `approved_by` int(11) DEFAULT NULL,
  `approved_at` datetime DEFAULT NULL,
  PRIMARY KEY (`id`),
  UNIQUE KEY `uq_stock_adjustments_number` (`adjustment_number`),
  KEY `idx_stock_adjustments_date` (`adjusted_at`),
  KEY `idx_stock_adjustments_location` (`location_id`)
) ENGINE=InnoDB AUTO_INCREMENT=12 DEFAULT CHARSET=utf8mb4 COLLATE=utf8mb4_general_ci;

-- --------------------------------------------------------
-- Table structure for table `stock_count_items`
-- --------------------------------------------------------
DROP TABLE IF EXISTS `stock_count_items`;
CREATE TABLE `stock_count_items` (
  `id` int(11) NOT NULL AUTO_INCREMENT,
  `stock_count_id` int(11) NOT NULL,
  `part_id` int(11) NOT NULL,
  `batch_id` int(11) DEFAULT NULL,
  `system_stock` decimal(12,3) NOT NULL DEFAULT 0.000,
  `physical_stock` decimal(12,3) NOT NULL DEFAULT 0.000,
  `variance` decimal(12,3) NOT NULL,
  `notes` varchar(255) DEFAULT NULL,
  `created_at` timestamp NOT NULL DEFAULT current_timestamp(),
  PRIMARY KEY (`id`),
  KEY `idx_sci_count` (`stock_count_id`),
  KEY `idx_sci_part` (`part_id`),
  KEY `idx_sci_batch` (`batch_id`),
  CONSTRAINT `stock_count_items_ibfk_1` FOREIGN KEY (`stock_count_id`) REFERENCES `stock_counts` (`id`) ON DELETE CASCADE,
  CONSTRAINT `stock_count_items_ibfk_2` FOREIGN KEY (`part_id`) REFERENCES `parts` (`id`)
) ENGINE=InnoDB AUTO_INCREMENT=4 DEFAULT CHARSET=utf8mb4 COLLATE=utf8mb4_general_ci;

-- --------------------------------------------------------
-- Table structure for table `stock_counts`
-- --------------------------------------------------------
DROP TABLE IF EXISTS `stock_counts`;
CREATE TABLE `stock_counts` (
  `id` int(11) NOT NULL AUTO_INCREMENT,
  `location_id` int(11) NOT NULL DEFAULT 1,
  `count_number` varchar(50) NOT NULL,
  `counted_at` datetime NOT NULL,
  `reason` varchar(255) DEFAULT NULL,
  `notes` text DEFAULT NULL,
  `status` enum('Pending','Approved','Rejected') NOT NULL DEFAULT 'Pending',
  `created_by` int(11) DEFAULT NULL,
  `approved_by` int(11) DEFAULT NULL,
  `approved_at` datetime DEFAULT NULL,
  `created_at` timestamp NOT NULL DEFAULT current_timestamp(),
  PRIMARY KEY (`id`),
  UNIQUE KEY `uq_stock_counts_number` (`count_number`),
  KEY `idx_stock_counts_location` (`location_id`),
  KEY `idx_stock_counts_date` (`counted_at`),
  KEY `idx_stock_counts_status` (`status`)
) ENGINE=InnoDB AUTO_INCREMENT=4 DEFAULT CHARSET=utf8mb4 COLLATE=utf8mb4_general_ci;

-- --------------------------------------------------------
-- Table structure for table `stock_movements`
-- --------------------------------------------------------
DROP TABLE IF EXISTS `stock_movements`;
CREATE TABLE `stock_movements` (
  `id` int(11) NOT NULL AUTO_INCREMENT,
  `location_id` int(11) NOT NULL DEFAULT 1,
  `part_id` int(11) NOT NULL,
  `batch_id` int(11) DEFAULT NULL,
  `qty_change` decimal(12,3) NOT NULL,
  `movement_type` enum('GRN','ORDER_ISSUE','ADJUSTMENT','TRANSFER_IN','TRANSFER_OUT','PRODUCTION_CONSUMPTION','PRODUCTION_RECEIPT','SALE','SALES_RETURN','PURCHASE_RETURN','MATERIAL_ISSUE') NOT NULL,
  `ref_table` varchar(64) DEFAULT NULL,
  `ref_id` int(11) DEFAULT NULL,
  `unit_cost` decimal(10,2) DEFAULT NULL,
  `unit_price` decimal(10,2) DEFAULT NULL,
  `notes` varchar(255) DEFAULT NULL,
  `created_by` int(11) DEFAULT NULL,
  `created_at` timestamp NOT NULL DEFAULT current_timestamp(),
  `updated_by` int(11) DEFAULT NULL,
  PRIMARY KEY (`id`),
  KEY `idx_stock_movements_part` (`part_id`),
  KEY `idx_stock_movements_type` (`movement_type`),
  KEY `idx_stock_movements_location` (`location_id`),
  KEY `idx_sm_batch` (`batch_id`),
  KEY `idx_sm_ref` (`ref_id`),
  KEY `idx_sm_created` (`created_at`),
  CONSTRAINT `fk_stock_movements_part` FOREIGN KEY (`part_id`) REFERENCES `parts` (`id`)
) ENGINE=InnoDB AUTO_INCREMENT=315 DEFAULT CHARSET=utf8mb4 COLLATE=utf8mb4_general_ci;

-- --------------------------------------------------------
-- Table structure for table `stock_transfer_items`
-- --------------------------------------------------------
DROP TABLE IF EXISTS `stock_transfer_items`;
CREATE TABLE `stock_transfer_items` (
  `id` int(11) NOT NULL AUTO_INCREMENT,
  `transfer_id` int(11) NOT NULL,
  `part_id` int(11) NOT NULL,
  `batch_id` int(11) DEFAULT NULL,
  `qty` decimal(12,3) NOT NULL,
  `created_at` timestamp NOT NULL DEFAULT current_timestamp(),
  PRIMARY KEY (`id`),
  KEY `idx_sti_transfer` (`transfer_id`),
  KEY `idx_sti_part` (`part_id`),
  KEY `idx_sti_batch` (`batch_id`),
  KEY `idx_sti_item` (`part_id`),
  CONSTRAINT `stock_transfer_items_ibfk_1` FOREIGN KEY (`transfer_id`) REFERENCES `stock_transfer_requests` (`id`) ON DELETE CASCADE,
  CONSTRAINT `stock_transfer_items_ibfk_2` FOREIGN KEY (`part_id`) REFERENCES `parts` (`id`)
) ENGINE=InnoDB AUTO_INCREMENT=19 DEFAULT CHARSET=utf8mb4 COLLATE=utf8mb4_general_ci;

-- --------------------------------------------------------
-- Table structure for table `stock_transfer_requests`
-- --------------------------------------------------------
DROP TABLE IF EXISTS `stock_transfer_requests`;
CREATE TABLE `stock_transfer_requests` (
  `id` int(11) NOT NULL AUTO_INCREMENT,
  `transfer_number` varchar(50) NOT NULL,
  `requisition_id` int(11) DEFAULT NULL,
  `from_location_id` int(11) NOT NULL,
  `to_location_id` int(11) NOT NULL,
  `status` enum('Requested','Received','Cancelled') NOT NULL DEFAULT 'Requested',
  `requested_at` datetime DEFAULT NULL,
  `notes` text DEFAULT NULL,
  `created_by` int(11) DEFAULT NULL,
  `received_by` int(11) DEFAULT NULL,
  `received_at` datetime DEFAULT NULL,
  `created_at` timestamp NOT NULL DEFAULT current_timestamp(),
  PRIMARY KEY (`id`),
  UNIQUE KEY `uq_str_number` (`transfer_number`),
  KEY `idx_str_from` (`from_location_id`),
  KEY `idx_str_to` (`to_location_id`),
  KEY `idx_str_status` (`status`),
  KEY `idx_str_req` (`requisition_id`)
) ENGINE=InnoDB AUTO_INCREMENT=18 DEFAULT CHARSET=utf8mb4 COLLATE=utf8mb4_general_ci;

-- --------------------------------------------------------
-- Table structure for table `stock_transfer_requisition_items`
-- --------------------------------------------------------
DROP TABLE IF EXISTS `stock_transfer_requisition_items`;
CREATE TABLE `stock_transfer_requisition_items` (
  `id` int(11) NOT NULL AUTO_INCREMENT,
  `requisition_id` int(11) NOT NULL,
  `part_id` int(11) NOT NULL,
  `qty_requested` decimal(12,3) NOT NULL,
  `qty_fulfilled` decimal(12,3) NOT NULL DEFAULT 0.000,
  `notes` varchar(255) DEFAULT NULL,
  `created_at` timestamp NOT NULL DEFAULT current_timestamp(),
  PRIMARY KEY (`id`),
  KEY `idx_strqi_req` (`requisition_id`),
  KEY `idx_strqi_part` (`part_id`),
  CONSTRAINT `stock_transfer_requisition_items_ibfk_1` FOREIGN KEY (`requisition_id`) REFERENCES `stock_transfer_requisitions` (`id`) ON DELETE CASCADE,
  CONSTRAINT `stock_transfer_requisition_items_ibfk_2` FOREIGN KEY (`part_id`) REFERENCES `parts` (`id`)
) ENGINE=InnoDB AUTO_INCREMENT=3 DEFAULT CHARSET=utf8mb4 COLLATE=utf8mb4_general_ci;

-- --------------------------------------------------------
-- Table structure for table `stock_transfer_requisitions`
-- --------------------------------------------------------
DROP TABLE IF EXISTS `stock_transfer_requisitions`;
CREATE TABLE `stock_transfer_requisitions` (
  `id` int(11) NOT NULL AUTO_INCREMENT,
  `requisition_number` varchar(50) NOT NULL,
  `from_location_id` int(11) DEFAULT NULL,
  `to_location_id` int(11) NOT NULL,
  `status` enum('Requested','Approved','Cancelled','Fulfilled') NOT NULL DEFAULT 'Requested',
  `requested_at` datetime DEFAULT NULL,
  `notes` text DEFAULT NULL,
  `created_by` int(11) DEFAULT NULL,
  `approved_by` int(11) DEFAULT NULL,
  `approved_at` datetime DEFAULT NULL,
  `created_at` timestamp NOT NULL DEFAULT current_timestamp(),
  PRIMARY KEY (`id`),
  UNIQUE KEY `uq_strq_number` (`requisition_number`),
  KEY `idx_strq_to` (`to_location_id`),
  KEY `idx_strq_status` (`status`),
  KEY `idx_strq_from` (`from_location_id`)
) ENGINE=InnoDB AUTO_INCREMENT=2 DEFAULT CHARSET=utf8mb4 COLLATE=utf8mb4_general_ci;

-- --------------------------------------------------------
-- Table structure for table `storefront_menus`
-- --------------------------------------------------------
DROP TABLE IF EXISTS `storefront_menus`;
CREATE TABLE `storefront_menus` (
  `id` int(11) NOT NULL AUTO_INCREMENT,
  `parent_id` int(11) DEFAULT NULL,
  `location_id` int(11) DEFAULT NULL,
  `label` varchar(100) NOT NULL,
  `link_type` enum('Internal','External','Category','Collection','Heading') NOT NULL DEFAULT 'Internal',
  `link_value` varchar(255) DEFAULT NULL,
  `sort_order` int(11) NOT NULL DEFAULT 0,
  `is_active` tinyint(1) NOT NULL DEFAULT 1,
  `is_mega_menu` tinyint(1) DEFAULT 0,
  `created_at` timestamp NOT NULL DEFAULT current_timestamp(),
  `updated_at` timestamp NOT NULL DEFAULT current_timestamp() ON UPDATE current_timestamp(),
  PRIMARY KEY (`id`),
  KEY `parent_id` (`parent_id`),
  CONSTRAINT `storefront_menus_ibfk_1` FOREIGN KEY (`parent_id`) REFERENCES `storefront_menus` (`id`) ON DELETE CASCADE
) ENGINE=InnoDB AUTO_INCREMENT=20 DEFAULT CHARSET=utf8mb4 COLLATE=utf8mb4_general_ci;

-- --------------------------------------------------------
-- Table structure for table `storefront_settings`
-- --------------------------------------------------------
DROP TABLE IF EXISTS `storefront_settings`;
CREATE TABLE `storefront_settings` (
  `location_id` int(11) NOT NULL DEFAULT 1,
  `key` varchar(64) NOT NULL,
  `value` text DEFAULT NULL,
  `label` varchar(255) DEFAULT NULL,
  `group` varchar(32) DEFAULT 'general',
  `type` enum('text','color','url','textarea') DEFAULT 'text',
  `updated_at` timestamp NOT NULL DEFAULT current_timestamp() ON UPDATE current_timestamp(),
  PRIMARY KEY (`location_id`,`key`)
) ENGINE=InnoDB DEFAULT CHARSET=utf8mb4 COLLATE=utf8mb4_general_ci;

-- Dumping data for table `storefront_settings`
INSERT INTO `storefront_settings` (`location_id`, `key`, `value`, `label`, `group`, `type`, `updated_at`) VALUES
('1', 'bank_account_name', 'Tea Jar Pvt Ltd', 'Account Name', 'payments', 'text', '2026-05-11 16:28:41'),
('1', 'bank_account_number', '4521255', 'Account Number', 'payments', 'text', '2026-05-11 16:28:41'),
('1', 'bank_branch', 'Comobo 01', 'Branch Name', 'payments', 'text', '2026-05-11 16:28:41'),
('1', 'bank_name', 'Commercial Bank', 'Bank Name', 'payments', 'text', '2026-05-11 16:28:41'),
('1', 'bcc_email', '', NULL, 'general', 'text', '2026-05-11 14:46:24'),
('1', 'cc_email', '', NULL, 'general', 'text', '2026-05-11 14:46:23'),
('1', 'domain', 'https://teajarceylon.com', NULL, 'general', 'text', '2026-05-11 14:46:24'),
('1', 'ecom_tax_inclusive', '1', NULL, 'general', 'text', '2026-05-13 17:01:48'),
('1', 'email_server_type', 'custom', NULL, 'general', 'text', '2026-05-11 14:07:33'),
('1', 'facebook_pixel_id', '455222', NULL, 'general', 'text', '2026-05-11 16:18:38'),
('1', 'featured_product_ids', '2, 3, 6', NULL, 'general', 'text', '2026-05-11 15:06:03'),
('1', 'google_analytics_id', 'jhgn', NULL, 'general', 'text', '2026-05-11 16:20:41'),
('1', 'hero_logo_url', 'http://content-provider.payshia.com/tea-jar/white-logo.png', 'Hero Logo URL', 'hero', 'url', '2026-05-08 22:21:44'),
('1', 'hero_video_url', 'https://teajarceylon.com/assets/videos/TeaJar_HERO_V1-2.mp4', 'Hero Video URL', 'hero', 'url', '2026-05-08 22:21:44'),
('1', 'mail_encryption', 'ssl', NULL, 'general', 'text', '2026-05-11 14:07:33'),
('1', 'mail_from_addr', 'no-reply@payshia.com', NULL, 'general', 'text', '2026-05-11 14:07:33'),
('1', 'mail_from_name', 'Order | Tea Jar', NULL, 'general', 'text', '2026-05-11 14:07:33'),
('1', 'mail_host', 'mail.payshia.com', NULL, 'general', 'text', '2026-05-11 14:07:33'),
('1', 'mail_pass', 'ty8iCkC!NN;q?RaY', NULL, 'general', 'text', '2026-05-11 14:07:33'),
('1', 'mail_port', '465', NULL, 'general', 'text', '2026-05-11 14:07:33'),
('1', 'mail_user', 'no-reply@payshia.com', NULL, 'general', 'text', '2026-05-11 14:07:33'),
('1', 'meta_title_prefix', 'Tea Jar | ', NULL, 'general', 'text', '2026-05-11 16:21:20'),
('1', 'payment_bank_transfer_enabled', '1', 'Enable Bank Transfer', 'payments', 'text', '2026-05-11 16:28:41'),
('1', 'payment_bank_transfer_icon', '', 'Bank Transfer Icon', 'payments', 'text', '2026-05-11 15:50:22'),
('1', 'payment_cod_enabled', '1', 'Enable COD', 'payments', 'text', '2026-05-11 15:39:20'),
('1', 'payment_cod_icon', '', 'COD Icon', 'payments', 'text', '2026-05-11 15:50:22'),
('1', 'payment_mintpay_enabled', '0', 'Enable Mintpay', 'payments', 'text', '2026-05-11 15:39:20'),
('1', 'payment_mintpay_icon', '', 'Mintpay Icon', 'payments', 'text', '2026-05-11 15:50:22'),
('1', 'payment_payhere_enabled', '1', 'Enable PayHere', 'payments', 'text', '2026-05-11 15:39:20'),
('1', 'payment_payhere_icon', 'uploads/payment_icons/payicon_1_payment_payhere_icon_6a01b2e9b8c1f.png', 'PayHere Icon', 'payments', 'text', '2026-05-11 16:13:53'),
('1', 'privacy_policy', 'Terms', NULL, 'general', 'text', '2026-05-11 16:20:58'),
('1', 'shipping_enabled', '1', 'Enable Shipping Charges', 'shipping', 'text', '2026-05-13 14:50:31'),
('1', 'shipping_flat_rate', '400', 'Flat Rate Amount', 'shipping', 'text', '2026-05-13 14:50:31'),
('1', 'show_related_products', '1', NULL, 'general', 'text', '2026-05-11 15:06:03'),
('1', 'storefront_product_prefix', '/product/', 'Product Route Prefix', 'promotions', 'text', '2026-05-11 15:39:20'),
('1', 'storefront_url', 'https://teajarceylon.com', NULL, 'general', 'text', '2026-05-11 14:46:45'),
('1', 'store_description', '', NULL, 'general', 'text', '2026-05-11 08:28:12'),
('1', 'store_name', 'Tea Jar', NULL, 'general', 'text', '2026-05-11 08:28:12'),
('1', 'sub_modal_active', '1', 'Show Subscription Modal', 'subscription', 'text', '2026-05-08 22:32:53'),
('1', 'sub_modal_image_url', 'https://content-provider.payshia.com/tea-jar/tea-modal-v1.webp', 'Modal Image URL', 'subscription', 'url', '2026-05-08 22:32:53'),
('1', 'sub_modal_subtitle', 'Enjoy 20% Off + FREE Delivery on all Tea Jar products, because you deserve the best. ?', 'Modal Subtitle', 'subscription', 'textarea', '2026-05-08 22:32:53'),
('1', 'sub_modal_title', 'Life\'s better with tea, especially when it\'s 20% Off!', 'Modal Title', 'subscription', 'text', '2026-05-08 22:32:53'),
('1', 'support_email', 'marketing@teajarceylon.com', NULL, 'general', 'text', '2026-05-11 08:28:12'),
('1', 'terms_of_service', 'Terms', NULL, 'general', 'text', '2026-05-11 16:20:58'),
('1', 'top_bar_bg_color', '#b91c1c', 'Top Bar Background Color', 'header', 'color', '2026-05-08 22:21:44'),
('1', 'top_bar_text', 'Enjoy 20% Off & Island wide Free Delivery..!', 'Top Bar Text', 'header', 'text', '2026-05-08 22:21:44'),
('5', 'ecom_tax_inclusive', '1', NULL, 'general', 'text', '2026-05-13 17:10:53');

-- --------------------------------------------------------
-- Table structure for table `supplier_taxes`
-- --------------------------------------------------------
DROP TABLE IF EXISTS `supplier_taxes`;
CREATE TABLE `supplier_taxes` (
  `id` int(11) NOT NULL AUTO_INCREMENT,
  `supplier_id` int(11) NOT NULL,
  `tax_id` int(11) NOT NULL,
  `created_by` int(11) DEFAULT NULL,
  `created_at` timestamp NOT NULL DEFAULT current_timestamp(),
  PRIMARY KEY (`id`),
  UNIQUE KEY `uq_supplier_tax` (`supplier_id`,`tax_id`),
  KEY `idx_supplier_tax_supplier` (`supplier_id`),
  KEY `idx_supplier_tax_tax` (`tax_id`)
) ENGINE=InnoDB AUTO_INCREMENT=9 DEFAULT CHARSET=utf8mb4 COLLATE=utf8mb4_general_ci;

-- Dumping data for table `supplier_taxes`
INSERT INTO `supplier_taxes` (`id`, `supplier_id`, `tax_id`, `created_by`, `created_at`) VALUES
('7', '1', '1', '1', '2026-05-21 00:08:49'),
('8', '1', '2', '1', '2026-05-21 00:08:49');

-- --------------------------------------------------------
-- Table structure for table `suppliers`
-- --------------------------------------------------------
DROP TABLE IF EXISTS `suppliers`;
CREATE TABLE `suppliers` (
  `id` int(11) NOT NULL AUTO_INCREMENT,
  `name` varchar(255) NOT NULL,
  `email` varchar(255) DEFAULT NULL,
  `phone` varchar(50) DEFAULT NULL,
  `address` varchar(255) DEFAULT NULL,
  `is_active` tinyint(1) NOT NULL DEFAULT 1,
  `created_by` int(11) DEFAULT NULL,
  `updated_by` int(11) DEFAULT NULL,
  `created_at` timestamp NOT NULL DEFAULT current_timestamp(),
  `updated_at` timestamp NOT NULL DEFAULT current_timestamp() ON UPDATE current_timestamp(),
  `tax_reg_no` varchar(100) DEFAULT NULL,
  `is_inventory_vendor` tinyint(1) NOT NULL DEFAULT 1,
  `is_banquet_vendor` tinyint(1) NOT NULL DEFAULT 0,
  PRIMARY KEY (`id`),
  UNIQUE KEY `uq_suppliers_name` (`name`)
) ENGINE=InnoDB AUTO_INCREMENT=2 DEFAULT CHARSET=utf8mb4 COLLATE=utf8mb4_general_ci;

-- --------------------------------------------------------
-- Table structure for table `system_settings`
-- --------------------------------------------------------
DROP TABLE IF EXISTS `system_settings`;
CREATE TABLE `system_settings` (
  `setting_key` varchar(100) NOT NULL,
  `setting_value` text DEFAULT NULL,
  `updated_at` timestamp NOT NULL DEFAULT current_timestamp() ON UPDATE current_timestamp(),
  PRIMARY KEY (`setting_key`)
) ENGINE=InnoDB DEFAULT CHARSET=utf8mb4 COLLATE=utf8mb4_general_ci;

-- Dumping data for table `system_settings`
INSERT INTO `system_settings` (`setting_key`, `setting_value`, `updated_at`) VALUES
('default_shipping_fee', '500', '2026-04-23 14:48:40'),
('FLEET_API_TOKEN', 'a568090e-1958-4d72-9ed7-659fe2376532', '2026-05-15 09:59:15'),
('FLEET_API_URL', 'http://220.247.236.239/api/Export_API/vehicales_INFO.php', '2026-05-15 09:59:15'),
('mail_encryption', 'ssl', '2026-04-28 09:34:19'),
('mail_from_addr', 'no-reply@payshia.com', '2026-04-28 09:34:19'),
('mail_from_name', 'Payshia Software Solutions ', '2026-04-28 14:29:37'),
('mail_host', 'mail.payshia.com', '2026-04-28 09:34:19'),
('mail_pass', 'ty8iCkC!NN;q?RaY', '2026-04-28 09:34:19'),
('mail_port', '465', '2026-04-28 09:34:19'),
('mail_user', 'no-reply@payshia.com', '2026-04-28 09:34:19'),
('MILEAGE_API_TOKEN', 'a568090e-1958-4d72-9ed7-659fe2376532', '2026-05-15 10:41:37'),
('MILEAGE_API_URL', 'http://220.247.236.239/api/Export_API/vehicles_GPS_Location.php', '2026-05-15 10:41:37'),
('nexus_api_key', 'NX-69d60bc66096e4b86e184ea2f05b9181a84b87c7831e300d', '2026-05-21 00:24:46'),
('online_sales_cod', '1', '2026-04-23 11:59:17'),
('online_sales_enabled', '1', '2026-04-23 11:59:17'),
('online_sales_ipg', '1', '2026-04-23 11:59:17'),
('payhere_is_sandbox', '1', '2026-04-23 11:59:17'),
('payhere_merchant_id_live', 'admin@local', '2026-05-10 21:02:11'),
('payhere_merchant_id_sandbox', '1227940', '2026-05-10 21:02:11'),
('payhere_secret_live', 'admin123', '2026-05-10 21:02:11'),
('payhere_secret_sandbox', 'Mzc2NTYyMjM3MzQwNjY0NDAxNDcyNDU4Nzc5NjE1MzAwNTczNjA4Nw==', '2026-05-10 21:02:11'),
('PUBLIC_WEBSITE_API_KEY', 'd5c7854b02485ed0e601d9486838093cb7881dfb8d6920c1543bf8ad9ddc12fc', '2026-04-20 10:55:58'),
('sms_api_key', '2218|Ysh7ZLYM83rxJc4Reztir1OYD31UppbEmewtbK9p ', '2026-04-27 22:50:28'),
('sms_gateway_url', 'https://sms.send.lk/api/v3', '2026-04-27 22:51:19'),
('sms_sender_id', '@Pharma', '2026-04-27 22:50:28'),
('stripe_is_sandbox', '1', '2026-04-23 11:59:17'),
('stripe_publishable_key_live', '', '2026-04-23 11:59:17'),
('stripe_publishable_key_sandbox', '', '2026-04-23 11:59:17'),
('stripe_secret_key_live', '', '2026-04-23 11:59:17'),
('stripe_secret_key_sandbox', '', '2026-04-23 11:59:17');

-- --------------------------------------------------------
-- Table structure for table `taxes`
-- --------------------------------------------------------
DROP TABLE IF EXISTS `taxes`;
CREATE TABLE `taxes` (
  `id` int(11) NOT NULL AUTO_INCREMENT,
  `code` varchar(20) NOT NULL,
  `name` varchar(100) NOT NULL,
  `rate_percent` decimal(9,4) NOT NULL DEFAULT 0.0000,
  `apply_on` enum('base','base_plus_previous') NOT NULL DEFAULT 'base',
  `sort_order` int(11) NOT NULL DEFAULT 100,
  `is_active` tinyint(1) NOT NULL DEFAULT 1,
  `created_by` int(11) DEFAULT NULL,
  `updated_by` int(11) DEFAULT NULL,
  `created_at` timestamp NOT NULL DEFAULT current_timestamp(),
  `updated_at` timestamp NOT NULL DEFAULT current_timestamp() ON UPDATE current_timestamp(),
  PRIMARY KEY (`id`),
  UNIQUE KEY `code` (`code`)
) ENGINE=InnoDB AUTO_INCREMENT=3 DEFAULT CHARSET=utf8mb4 COLLATE=utf8mb4_general_ci;

-- Dumping data for table `taxes`
INSERT INTO `taxes` (`id`, `code`, `name`, `rate_percent`, `apply_on`, `sort_order`, `is_active`, `created_by`, `updated_by`, `created_at`, `updated_at`) VALUES
('1', 'VAT', 'Value Added Tax', '18.0000', 'base_plus_previous', '100', '1', '1', '1', '2026-04-09 15:41:58', '2026-04-09 15:41:58'),
('2', 'SSCL', 'Social Security Contribution Levy', '2.5000', 'base', '99', '1', '1', '1', '2026-04-09 15:42:38', '2026-04-09 15:42:51');

-- --------------------------------------------------------
-- Table structure for table `technicians`
-- --------------------------------------------------------
DROP TABLE IF EXISTS `technicians`;
CREATE TABLE `technicians` (
  `id` int(11) NOT NULL AUTO_INCREMENT,
  `name` varchar(255) NOT NULL,
  `role` varchar(50) NOT NULL,
  `created_by` int(11) DEFAULT NULL,
  `updated_by` int(11) DEFAULT NULL,
  `created_at` timestamp NOT NULL DEFAULT current_timestamp(),
  PRIMARY KEY (`id`)
) ENGINE=InnoDB AUTO_INCREMENT=6 DEFAULT CHARSET=utf8mb4 COLLATE=utf8mb4_general_ci;

-- --------------------------------------------------------
-- Table structure for table `term_factor_defaults`
-- --------------------------------------------------------
DROP TABLE IF EXISTS `term_factor_defaults`;
CREATE TABLE `term_factor_defaults` (
  `id` int(11) NOT NULL AUTO_INCREMENT,
  `shipping_term` varchar(20) NOT NULL,
  `factor_id` int(11) NOT NULL,
  PRIMARY KEY (`id`),
  KEY `factor_id` (`factor_id`),
  CONSTRAINT `term_factor_defaults_ibfk_1` FOREIGN KEY (`factor_id`) REFERENCES `logistics_factors` (`id`) ON DELETE CASCADE
) ENGINE=InnoDB AUTO_INCREMENT=108 DEFAULT CHARSET=utf8mb4 COLLATE=utf8mb4_general_ci;

-- Dumping data for table `term_factor_defaults`
INSERT INTO `term_factor_defaults` (`id`, `shipping_term`, `factor_id`) VALUES
('20', 'EXW', '20'),
('21', 'FCA', '17'),
('22', 'FCA', '19'),
('23', 'FCA', '20'),
('24', 'FAS', '17'),
('25', 'FAS', '19'),
('26', 'FAS', '20'),
('27', 'FOB', '17'),
('28', 'FOB', '18'),
('29', 'FOB', '19'),
('30', 'FOB', '20'),
('31', 'CFR', '17'),
('32', 'CFR', '18'),
('33', 'CFR', '19'),
('34', 'CFR', '21'),
('35', 'CFR', '20'),
('36', 'CIF', '17'),
('37', 'CIF', '18'),
('38', 'CIF', '19'),
('39', 'CIF', '21'),
('40', 'CIF', '22'),
('41', 'CIF', '20'),
('42', 'CPT', '17'),
('43', 'CPT', '19'),
('44', 'CPT', '21'),
('45', 'CPT', '20'),
('46', 'CIP', '17'),
('47', 'CIP', '19'),
('48', 'CIP', '21'),
('49', 'CIP', '22'),
('50', 'CIP', '20'),
('51', 'DAP', '17'),
('52', 'DAP', '18'),
('53', 'DAP', '19'),
('54', 'DAP', '21'),
('55', 'DAP', '22'),
('56', 'DAP', '23'),
('57', 'DAP', '26'),
('58', 'DAP', '20'),
('59', 'DPU', '17'),
('60', 'DPU', '18'),
('61', 'DPU', '19'),
('62', 'DPU', '21'),
('63', 'DPU', '22'),
('64', 'DPU', '23'),
('65', 'DPU', '26'),
('66', 'DPU', '27'),
('67', 'DPU', '20'),
('68', 'DDP', '17'),
('69', 'DDP', '18'),
('70', 'DDP', '19'),
('71', 'DDP', '21'),
('72', 'DDP', '22'),
('73', 'DDP', '23'),
('74', 'DDP', '24'),
('75', 'DDP', '25'),
('76', 'DDP', '26'),
('77', 'DDP', '20'),
('98', 'FOB', '28'),
('99', 'CFR', '28'),
('100', 'FCA', '28'),
('101', 'FAS', '28'),
('102', 'CIF', '28'),
('103', 'CPT', '28'),
('104', 'CIP', '28'),
('105', 'DAP', '28'),
('106', 'DPU', '28'),
('107', 'DDP', '28');

-- --------------------------------------------------------
-- Table structure for table `units`
-- --------------------------------------------------------
DROP TABLE IF EXISTS `units`;
CREATE TABLE `units` (
  `id` int(11) NOT NULL AUTO_INCREMENT,
  `name` varchar(50) NOT NULL,
  `created_by` int(11) DEFAULT NULL,
  `updated_by` int(11) DEFAULT NULL,
  `created_at` timestamp NOT NULL DEFAULT current_timestamp(),
  `updated_at` timestamp NOT NULL DEFAULT current_timestamp() ON UPDATE current_timestamp(),
  PRIMARY KEY (`id`),
  UNIQUE KEY `name` (`name`)
) ENGINE=InnoDB AUTO_INCREMENT=5 DEFAULT CHARSET=utf8mb4 COLLATE=utf8mb4_general_ci;

-- Dumping data for table `units`
INSERT INTO `units` (`id`, `name`, `created_by`, `updated_by`, `created_at`, `updated_at`) VALUES
('1', 'pcs', NULL, NULL, '2026-04-08 21:27:09', '2026-04-08 21:27:09'),
('2', 'ltr', NULL, NULL, '2026-04-08 21:27:09', '2026-04-08 21:27:09'),
('3', 'kg', NULL, NULL, '2026-04-08 21:27:09', '2026-04-08 21:27:09'),
('4', 'hr', '1', '1', '2026-05-31 02:40:58', '2026-05-31 02:40:58');

-- --------------------------------------------------------
-- Table structure for table `user_locations`
-- --------------------------------------------------------
DROP TABLE IF EXISTS `user_locations`;
CREATE TABLE `user_locations` (
  `user_id` int(11) NOT NULL,
  `location_id` int(11) NOT NULL,
  PRIMARY KEY (`user_id`,`location_id`),
  KEY `idx_user_locations_location` (`location_id`),
  CONSTRAINT `user_locations_ibfk_1` FOREIGN KEY (`user_id`) REFERENCES `users` (`id`) ON DELETE CASCADE,
  CONSTRAINT `user_locations_ibfk_2` FOREIGN KEY (`location_id`) REFERENCES `service_locations` (`id`) ON DELETE CASCADE
) ENGINE=InnoDB DEFAULT CHARSET=utf8mb4 COLLATE=utf8mb4_general_ci;

-- --------------------------------------------------------
-- Table structure for table `users`
-- --------------------------------------------------------
DROP TABLE IF EXISTS `users`;
CREATE TABLE `users` (
  `id` int(11) NOT NULL AUTO_INCREMENT,
  `name` varchar(255) NOT NULL,
  `email` varchar(255) NOT NULL,
  `password_hash` varchar(255) NOT NULL,
  `role_id` int(11) NOT NULL,
  `created_at` timestamp NOT NULL DEFAULT current_timestamp(),
  `location_id` int(11) NOT NULL DEFAULT 1,
  `is_active` tinyint(1) NOT NULL DEFAULT 1,
  PRIMARY KEY (`id`),
  UNIQUE KEY `email` (`email`),
  KEY `idx_users_role` (`role_id`),
  KEY `idx_users_location` (`location_id`),
  CONSTRAINT `fk_users_location_id` FOREIGN KEY (`location_id`) REFERENCES `service_locations` (`id`),
  CONSTRAINT `users_ibfk_1` FOREIGN KEY (`role_id`) REFERENCES `roles` (`id`)
) ENGINE=InnoDB AUTO_INCREMENT=3 DEFAULT CHARSET=utf8mb4 COLLATE=utf8mb4_general_ci;

-- Dumping data for table `users`
INSERT INTO `users` (`id`, `name`, `email`, `password_hash`, `role_id`, `created_at`, `location_id`, `is_active`) VALUES
('1', 'Admin', 'admin@local', '$2y$10$qXibmzSYZjlWtSWQcc0y..Dfwp4bP7HkbwCd31oyIRrnzmFSt3Ro2', '1', '2026-04-08 14:26:45', '1', '1');

-- --------------------------------------------------------
-- Table structure for table `vehicle_documents`
-- --------------------------------------------------------
DROP TABLE IF EXISTS `vehicle_documents`;
CREATE TABLE `vehicle_documents` (
  `id` int(11) NOT NULL AUTO_INCREMENT,
  `vehicle_id` int(11) NOT NULL,
  `document_type` varchar(100) NOT NULL,
  `document_number` varchar(100) DEFAULT NULL,
  `file_path` varchar(255) DEFAULT NULL,
  `expiry_date` date DEFAULT NULL,
  `status` enum('Active','Archived') DEFAULT 'Active',
  `reminder_sent` tinyint(1) DEFAULT 0,
  `created_at` timestamp NOT NULL DEFAULT current_timestamp(),
  `updated_at` timestamp NOT NULL DEFAULT current_timestamp() ON UPDATE current_timestamp(),
  PRIMARY KEY (`id`),
  KEY `vehicle_id` (`vehicle_id`),
  CONSTRAINT `vehicle_documents_ibfk_1` FOREIGN KEY (`vehicle_id`) REFERENCES `vehicles` (`id`) ON DELETE CASCADE
) ENGINE=InnoDB AUTO_INCREMENT=3 DEFAULT CHARSET=utf8mb4 COLLATE=utf8mb4_general_ci;

-- --------------------------------------------------------
-- Table structure for table `vehicle_makes`
-- --------------------------------------------------------
DROP TABLE IF EXISTS `vehicle_makes`;
CREATE TABLE `vehicle_makes` (
  `id` int(11) NOT NULL AUTO_INCREMENT,
  `name` varchar(100) NOT NULL,
  `created_by` int(11) DEFAULT NULL,
  `updated_by` int(11) DEFAULT NULL,
  `created_at` timestamp NOT NULL DEFAULT current_timestamp(),
  PRIMARY KEY (`id`),
  UNIQUE KEY `name` (`name`)
) ENGINE=InnoDB AUTO_INCREMENT=4 DEFAULT CHARSET=utf8mb4 COLLATE=utf8mb4_general_ci;

-- --------------------------------------------------------
-- Table structure for table `vehicle_models`
-- --------------------------------------------------------
DROP TABLE IF EXISTS `vehicle_models`;
CREATE TABLE `vehicle_models` (
  `id` int(11) NOT NULL AUTO_INCREMENT,
  `make_id` int(11) NOT NULL,
  `name` varchar(100) NOT NULL,
  `created_by` int(11) DEFAULT NULL,
  `updated_by` int(11) DEFAULT NULL,
  `created_at` timestamp NOT NULL DEFAULT current_timestamp(),
  PRIMARY KEY (`id`),
  UNIQUE KEY `uq_vehicle_models_make_name` (`make_id`,`name`),
  CONSTRAINT `vehicle_models_ibfk_1` FOREIGN KEY (`make_id`) REFERENCES `vehicle_makes` (`id`) ON DELETE CASCADE
) ENGINE=InnoDB AUTO_INCREMENT=6 DEFAULT CHARSET=utf8mb4 COLLATE=utf8mb4_general_ci;

-- --------------------------------------------------------
-- Table structure for table `vehicles`
-- --------------------------------------------------------
DROP TABLE IF EXISTS `vehicles`;
CREATE TABLE `vehicles` (
  `id` int(11) NOT NULL AUTO_INCREMENT,
  `make` varchar(100) NOT NULL,
  `model` varchar(100) NOT NULL,
  `year` year(4) NOT NULL,
  `vin` varchar(17) NOT NULL,
  `created_by` int(11) DEFAULT NULL,
  `updated_by` int(11) DEFAULT NULL,
  `created_at` timestamp NOT NULL DEFAULT current_timestamp(),
  `image_filename` varchar(255) DEFAULT NULL,
  `department_id` int(11) DEFAULT NULL,
  `customer_id` int(11) DEFAULT NULL,
  `source` varchar(20) DEFAULT 'manual',
  `external_id` varchar(100) DEFAULT NULL,
  `category` varchar(100) DEFAULT NULL,
  `work_type` varchar(100) DEFAULT NULL,
  `external_location` varchar(100) DEFAULT NULL,
  `driver_name` varchar(100) DEFAULT NULL,
  `fuel_capacity` varchar(50) DEFAULT NULL,
  `last_sync_at` datetime DEFAULT NULL,
  `external_make` varchar(100) DEFAULT NULL,
  `external_model` varchar(100) DEFAULT NULL,
  `current_mileage` int(11) DEFAULT 0,
  `morning_mileage` int(11) DEFAULT 0,
  `mileage_last_synced_at` datetime DEFAULT NULL,
  `service_interval_mileage` int(11) DEFAULT NULL,
  `next_service_mileage` int(11) DEFAULT NULL,
  `next_service_date` date DEFAULT NULL,
  `mileage_sync_status` varchar(20) DEFAULT 'pending',
  PRIMARY KEY (`id`),
  UNIQUE KEY `vin` (`vin`),
  KEY `idx_vehicles_department` (`department_id`),
  KEY `fk_vehicles_customer` (`customer_id`),
  CONSTRAINT `fk_vehicles_customer` FOREIGN KEY (`customer_id`) REFERENCES `customers` (`id`)
) ENGINE=InnoDB AUTO_INCREMENT=225 DEFAULT CHARSET=utf8mb4 COLLATE=utf8mb4_general_ci;

SET FOREIGN_KEY_CHECKS = 1;


--
-- Table structure for table `customer_stocks`
--

DROP TABLE IF EXISTS `customer_stocks`;
CREATE TABLE `customer_stocks` (
  `id` int(11) NOT NULL AUTO_INCREMENT,
  `customer_id` int(11) NOT NULL,
  `invoice_id` int(11) DEFAULT NULL,
  `invoice_item_id` int(11) DEFAULT NULL,
  `item_id` int(11) NOT NULL,
  `item_description` varchar(255) NOT NULL,
  `batch_number` varchar(100) DEFAULT NULL,
  `quantity` decimal(10,2) NOT NULL DEFAULT 0.00,
  `expire_date` date DEFAULT NULL,
  `created_at` timestamp NOT NULL DEFAULT current_timestamp(),
  `updated_at` timestamp NOT NULL DEFAULT current_timestamp() ON UPDATE current_timestamp(),
  PRIMARY KEY (`id`),
  KEY `idx_cs_customer` (`customer_id`),
  KEY `idx_cs_invoice` (`invoice_id`),
  KEY `idx_cs_item` (`item_id`),
  CONSTRAINT `fk_cs_customer` FOREIGN KEY (`customer_id`) REFERENCES `customers` (`id`) ON DELETE CASCADE
) ENGINE=InnoDB DEFAULT CHARSET=utf8mb4 COLLATE=utf8mb4_general_ci;

